sequence_id,timestep,timestamp_s,phase_id,V_NDIR_CH4,V_NDIR_CO2,V_TCS,T_C,P_MPa,H_RH,L_m,piston_position_m
Q000001,0,0.0,baseline,2.500309,2.509976,1.126974,27.7885,0.11520,36.5018,0.22230,0.22230
Q000001,1,0.5,baseline,2.496814,2.511327,1.120865,27.7885,0.11520,36.5018,0.22230,0.22230
Q000001,2,1.0,baseline,2.498155,2.507708,1.117683,27.7885,0.11520,36.5018,0.22230,0.22230
Q000001,3,1.5,baseline,2.500032,2.499901,1.119268,27.7885,0.11520,36.5018,0.22230,0.22230
Q000001,4,2.0,baseline,2.513522,2.516382,1.118668,27.7885,0.11520,36.5018,0.22230,0.22230
Q000001,5,2.5,baseline,2.514018,2.525201,1.115409,27.7885,0.11520,36.5018,0.22230,0.22230
Q000001,6,3.0,baseline,2.511534,2.526662,1.121308,27.7885,0.11520,36.5018,0.22230,0.22230
Q000001,7,3.5,baseline,2.507262,2.529937,1.121780,27.7885,0.11520,36.5018,0.22230,0.22230
Q000001,8,4.0,baseline,2.514169,2.524181,1.132230,27.7885,0.11520,36.5018,0.22230,0.22230
Q000001,9,4.5,baseline,2.507947,2.527805,1.130579,27.7885,0.11520,36.5018,0.22230,0.22230
Q000001,10,5.0,baseline,2.509634,2.521267,1.125167,27.7885,0.11520,36.5018,0.22230,0.22230
Q000001,11,5.5,baseline,2.511922,2.532745,1.125570,27.7885,0.11520,36.5018,0.22230,0.22230
Q000001,12,6.0,baseline,2.501427,2.529348,1.125517,27.7885,0.11520,36.5018,0.22230,0.22230
Q000001,13,6.5,baseline,2.500965,2.524071,1.127324,27.7885,0.11520,36.5018,0.22230,0.22230
Q000001,14,7.0,baseline,2.503130,2.523639,1.126188,27.7885,0.11520,36.5018,0.22230,0.22230
Q000001,15,7.5,baseline,2.494881,2.529920,1.131451,27.7885,0.11520,36.5018,0.22230,0.22230
Q000001,16,8.0,baseline,2.498482,2.531940,1.124732,27.7885,0.11520,36.5018,0.22230,0.22230
Q000001,17,8.5,baseline,2.509387,2.528599,1.130299,27.7885,0.11520,36.5018,0.22230,0.22230
Q000001,18,9.0,baseline,2.507856,2.537903,1.131921,27.7885,0.11520,36.5018,0.22230,0.22230
Q000001,19,9.5,baseline,2.504495,2.539130,1.129955,27.7885,0.11520,36.5018,0.22230,0.22230
Q000001,20,10.0,baseline,2.505392,2.530796,1.133700,27.7885,0.11520,36.5018,0.22230,0.22230
Q000001,21,10.5,baseline,2.511628,2.537662,1.136213,27.7885,0.11520,36.5018,0.22230,0.22230
Q000001,22,11.0,baseline,2.503723,2.541947,1.140551,27.7885,0.11520,36.5018,0.22230,0.22230
Q000001,23,11.5,baseline,2.503300,2.546972,1.144326,27.7885,0.11520,36.5018,0.22230,0.22230
Q000001,24,12.0,baseline,2.509184,2.550326,1.141430,27.7885,0.11520,36.5018,0.22230,0.22230
Q000001,25,12.5,baseline,2.505556,2.553695,1.141523,27.7885,0.11520,36.5018,0.22230,0.22230
Q000001,26,13.0,baseline,2.521899,2.541923,1.143997,27.7885,0.11520,36.5018,0.22230,0.22230
Q000001,27,13.5,baseline,2.514462,2.548050,1.152992,27.7885,0.11520,36.5018,0.22230,0.22230
Q000001,28,14.0,baseline,2.508760,2.548776,1.155509,27.7885,0.11520,36.5018,0.22230,0.22230
Q000001,29,14.5,baseline,2.512339,2.530629,1.150555,27.7885,0.11520,36.5018,0.22230,0.22230
Q000001,30,15.0,baseline,2.515096,2.530824,1.155769,27.7885,0.11520,36.5018,0.22230,0.22230
Q000001,31,15.5,baseline,2.516293,2.532267,1.148732,27.7885,0.11520,36.5018,0.22230,0.22230
Q000001,32,16.0,exposure,2.463789,2.429128,1.149183,27.7885,0.11520,36.5018,0.22230,0.22230
Q000001,33,16.5,exposure,2.401663,2.291423,1.151466,27.7885,0.11520,36.5018,0.22230,0.22230
Q000001,34,17.0,exposure,2.336882,2.164342,1.152608,27.7885,0.11520,36.5018,0.22230,0.22230
Q000001,35,17.5,exposure,2.270599,2.042164,1.156059,27.7885,0.11520,36.5018,0.22230,0.22230
Q000001,36,18.0,exposure,2.207155,1.924252,1.154304,27.7885,0.11520,36.5018,0.22230,0.22230
Q000001,37,18.5,exposure,2.141173,1.827269,1.151031,27.7885,0.11520,36.5018,0.22230,0.22230
Q000001,38,19.0,exposure,2.077260,1.722660,1.149424,27.7885,0.11520,36.5018,0.22230,0.22230
Q000001,39,19.5,exposure,2.019274,1.631110,1.143418,27.7885,0.11520,36.5018,0.22230,0.22230
Q000001,40,20.0,exposure,1.952830,1.549149,1.149613,27.7885,0.11520,36.5018,0.22230,0.22230
Q000001,41,20.5,exposure,1.899163,1.463445,1.150920,27.7885,0.11520,36.5018,0.22230,0.22230
Q000001,42,21.0,exposure,1.844367,1.388256,1.151636,27.7885,0.11520,36.5018,0.22230,0.22230
Q000001,43,21.5,exposure,1.795740,1.316686,1.158678,27.7885,0.11520,36.5018,0.22230,0.22230
Q000001,44,22.0,exposure,1.744049,1.244009,1.159317,27.7885,0.11520,36.5018,0.22230,0.22230
Q000001,45,22.5,exposure,1.689015,1.188261,1.167752,27.7885,0.11520,36.5018,0.22230,0.22230
Q000001,46,23.0,exposure,1.635174,1.143741,1.169562,27.7885,0.11520,36.5018,0.22230,0.22230
Q000001,47,23.5,exposure,1.587976,1.090261,1.176048,27.7885,0.11520,36.5018,0.22230,0.22230
Q000001,48,24.0,exposure,1.547819,1.052652,1.184245,27.7885,0.11520,36.5018,0.22230,0.22230
Q000001,49,24.5,exposure,1.494401,1.011313,1.182523,27.7885,0.11520,36.5018,0.22230,0.22230
Q000001,50,25.0,exposure,1.456440,0.973964,1.189690,27.7885,0.11520,36.5018,0.22230,0.22230
Q000001,51,25.5,exposure,1.415831,0.927951,1.196136,27.7885,0.11520,36.5018,0.22230,0.22230
Q000001,52,26.0,exposure,1.380555,0.894643,1.199908,27.7885,0.11520,36.5018,0.22230,0.22230
Q000001,53,26.5,exposure,1.346831,0.875631,1.209015,27.7885,0.11520,36.5018,0.22230,0.22230
Q000001,54,27.0,exposure,1.319117,0.846978,1.221573,27.7885,0.11520,36.5018,0.22230,0.22230
Q000001,55,27.5,exposure,1.282554,0.823191,1.218182,27.7885,0.11520,36.5018,0.22230,0.22230
Q000001,56,28.0,exposure,1.262644,0.792809,1.225410,27.7885,0.11520,36.5018,0.22230,0.22230
Q000001,57,28.5,exposure,1.233564,0.771004,1.230921,27.7885,0.11520,36.5018,0.22230,0.22230
Q000001,58,29.0,exposure,1.204067,0.751937,1.240278,27.7885,0.11520,36.5018,0.22230,0.22230
Q000001,59,29.5,exposure,1.177322,0.744418,1.258791,27.7885,0.11520,36.5018,0.22230,0.22230
Q000001,60,30.0,exposure,1.168796,0.717150,1.251884,27.7885,0.11520,36.5018,0.22230,0.22230
Q000001,61,30.5,exposure,1.145432,0.702489,1.255622,27.7885,0.11520,36.5018,0.22230,0.22230
Q000001,62,31.0,exposure,1.110494,0.700010,1.262540,27.7885,0.11520,36.5018,0.22230,0.22230
Q000001,63,31.5,exposure,1.093660,0.675501,1.270429,27.7885,0.11520,36.5018,0.22230,0.22230
Q000001,64,32.0,steady,1.078479,0.668014,1.277100,27.7885,0.11520,36.5018,0.18000,0.18000
Q000001,65,32.5,steady,1.083904,0.656244,1.291977,27.7885,0.11520,36.5018,0.18000,0.18000
Q000001,66,33.0,steady,1.078380,0.648310,1.297349,27.7885,0.11520,36.5018,0.18000,0.18000
Q000001,67,33.5,steady,1.078351,0.639671,1.306619,27.7885,0.11520,36.5018,0.18000,0.18000
Q000001,68,34.0,steady,1.076204,0.614633,1.304534,27.7885,0.11520,36.5018,0.20000,0.20000
Q000001,69,34.5,steady,1.071668,0.611027,1.314866,27.7885,0.11520,36.5018,0.20000,0.20000
Q000001,70,35.0,steady,1.063511,0.605783,1.318413,27.7885,0.11520,36.5018,0.20000,0.20000
Q000001,71,35.5,steady,1.063780,0.592204,1.322549,27.7885,0.11520,36.5018,0.20000,0.20000
Q000001,72,36.0,steady,1.065829,0.593508,1.322744,27.7885,0.11520,36.5018,0.20000,0.20000
Q000001,73,36.5,steady,1.068087,0.590763,1.324385,27.7885,0.11520,36.5018,0.20000,0.20000
Q000001,74,37.0,steady,1.068828,0.588199,1.329880,27.7885,0.11520,36.5018,0.20000,0.20000
Q000001,75,37.5,steady,1.065957,0.588477,1.334208,27.7885,0.11520,36.5018,0.20000,0.20000
Q000001,76,38.0,steady,1.054860,0.585824,1.330804,27.7885,0.11520,36.5018,0.22000,0.22000
Q000001,77,38.5,steady,1.052979,0.576425,1.337309,27.7885,0.11520,36.5018,0.22000,0.22000
Q000001,78,39.0,steady,1.052929,0.569188,1.335950,27.7885,0.11520,36.5018,0.22000,0.22000
Q000001,79,39.5,steady,1.038895,0.561366,1.332309,27.7885,0.11520,36.5018,0.22000,0.22000
Q000001,80,40.0,steady,1.017425,0.556219,1.334479,27.7885,0.11520,36.5018,0.22000,0.22000
Q000001,81,40.5,steady,1.020299,0.547761,1.336346,27.7885,0.11520,36.5018,0.22000,0.22000
Q000001,82,41.0,steady,1.012094,0.540351,1.335867,27.7885,0.11520,36.5018,0.22000,0.22000
Q000001,83,41.5,steady,1.012349,0.546397,1.333227,27.7885,0.11520,36.5018,0.22000,0.22000
Q000001,84,42.0,steady,1.000030,0.551357,1.337987,27.7885,0.11520,36.5018,0.25000,0.25000
Q000001,85,42.5,steady,0.984462,0.550327,1.338946,27.7885,0.11520,36.5018,0.25000,0.25000
Q000001,86,43.0,steady,0.978253,0.547158,1.343999,27.7885,0.11520,36.5018,0.25000,0.25000
Q000001,87,43.5,steady,0.973664,0.538157,1.345170,27.7885,0.11520,36.5018,0.25000,0.25000
Q000001,88,44.0,steady,0.966755,0.535837,1.339306,27.7885,0.11520,36.5018,0.25000,0.25000
Q000001,89,44.5,steady,0.955377,0.536760,1.338263,27.7885,0.11520,36.5018,0.25000,0.25000
Q000001,90,45.0,steady,0.958355,0.547031,1.327784,27.7885,0.11520,36.5018,0.25000,0.25000
Q000001,91,45.5,steady,0.944901,0.545228,1.323876,27.7885,0.11520,36.5018,0.25000,0.25000
Q000001,92,46.0,steady,0.929921,0.549984,1.320633,27.7885,0.11520,36.5018,0.28000,0.28000
Q000001,93,46.5,steady,0.925029,0.529703,1.317467,27.7885,0.11520,36.5018,0.28000,0.28000
Q000001,94,47.0,steady,0.920684,0.517802,1.315477,27.7885,0.11520,36.5018,0.28000,0.28000
Q000001,95,47.5,steady,0.915389,0.519874,1.317439,27.7885,0.11520,36.5018,0.28000,0.28000
Q000001,96,48.0,recovery,0.927858,0.522040,1.313385,27.7885,0.11520,36.5018,0.22230,0.22230
Q000001,97,48.5,recovery,0.947533,0.529359,1.327545,27.7885,0.11520,36.5018,0.22230,0.22230
Q000001,98,49.0,recovery,0.963679,0.529754,1.321702,27.7885,0.11520,36.5018,0.22230,0.22230
Q000001,99,49.5,recovery,0.981071,0.527323,1.315037,27.7885,0.11520,36.5018,0.22230,0.22230
Q000001,100,50.0,recovery,0.994135,0.538654,1.314453,27.7885,0.11520,36.5018,0.22230,0.22230
Q000001,101,50.5,recovery,1.000682,0.540015,1.307419,27.7885,0.11520,36.5018,0.22230,0.22230
Q000001,102,51.0,recovery,1.012288,0.549590,1.312006,27.7885,0.11520,36.5018,0.22230,0.22230
Q000001,103,51.5,recovery,1.029013,0.560208,1.311392,27.7885,0.11520,36.5018,0.22230,0.22230
Q000001,104,52.0,recovery,1.054591,0.557242,1.315956,27.7885,0.11520,36.5018,0.22230,0.22230
Q000001,105,52.5,recovery,1.071455,0.564955,1.320410,27.7885,0.11520,36.5018,0.22230,0.22230
Q000001,106,53.0,recovery,1.090908,0.562368,1.314224,27.7885,0.11520,36.5018,0.22230,0.22230
Q000001,107,53.5,recovery,1.112596,0.577397,1.310729,27.7885,0.11520,36.5018,0.22230,0.22230
Q000001,108,54.0,recovery,1.125690,0.585144,1.299733,27.7885,0.11520,36.5018,0.22230,0.22230
Q000001,109,54.5,recovery,1.142102,0.583230,1.295914,27.7885,0.11520,36.5018,0.22230,0.22230
Q000001,110,55.0,recovery,1.157694,0.590126,1.291441,27.7885,0.11520,36.5018,0.22230,0.22230
Q000001,111,55.5,recovery,1.174935,0.598683,1.284090,27.7885,0.11520,36.5018,0.22230,0.22230
Q000001,112,56.0,recovery,1.207397,0.597701,1.273721,27.7885,0.11520,36.5018,0.22230,0.22230
Q000001,113,56.5,recovery,1.224646,0.599708,1.269658,27.7885,0.11520,36.5018,0.22230,0.22230
Q000001,114,57.0,recovery,1.252950,0.605872,1.267581,27.7885,0.11520,36.5018,0.22230,0.22230
Q000001,115,57.5,recovery,1.283862,0.616090,1.255346,27.7885,0.11520,36.5018,0.22230,0.22230
Q000001,116,58.0,recovery,1.296323,0.631113,1.261042,27.7885,0.11520,36.5018,0.22230,0.22230
Q000001,117,58.5,recovery,1.313033,0.653868,1.262612,27.7885,0.11520,36.5018,0.22230,0.22230
Q000001,118,59.0,recovery,1.359877,0.661390,1.265583,27.7885,0.11520,36.5018,0.22230,0.22230
Q000001,119,59.5,recovery,1.395332,0.666497,1.264445,27.7885,0.11520,36.5018,0.22230,0.22230
Q000001,120,60.0,recovery,1.441131,0.687919,1.262113,27.7885,0.11520,36.5018,0.22230,0.22230
Q000001,121,60.5,recovery,1.473398,0.698730,1.259969,27.7885,0.11520,36.5018,0.22230,0.22230
Q000001,122,61.0,recovery,1.516282,0.714584,1.255877,27.7885,0.11520,36.5018,0.22230,0.22230
Q000001,123,61.5,recovery,1.560053,0.743936,1.250553,27.7885,0.11520,36.5018,0.22230,0.22230
Q000001,124,62.0,recovery,1.629316,0.781159,1.252182,27.7885,0.11520,36.5018,0.22230,0.22230
Q000001,125,62.5,recovery,1.682681,0.834681,1.252828,27.7885,0.11520,36.5018,0.22230,0.22230
Q000001,126,63.0,recovery,1.739020,0.942036,1.252655,27.7885,0.11520,36.5018,0.22230,0.22230
Q000001,127,63.5,recovery,1.866631,1.243320,1.249574,27.7885,0.11520,36.5018,0.22230,0.22230
Q000002,0,0.0,baseline,2.507233,2.501764,1.138616,29.7294,0.51210,73.5308,0.20870,0.20870
Q000002,1,0.5,baseline,2.501947,2.488979,1.132440,29.7294,0.51210,73.5308,0.20870,0.20870
Q000002,2,1.0,baseline,2.494228,2.488630,1.128086,29.7294,0.51210,73.5308,0.20870,0.20870
Q000002,3,1.5,baseline,2.484142,2.496342,1.131817,29.7294,0.51210,73.5308,0.20870,0.20870
Q000002,4,2.0,baseline,2.474690,2.500658,1.134423,29.7294,0.51210,73.5308,0.20870,0.20870
Q000002,5,2.5,baseline,2.479950,2.498832,1.136702,29.7294,0.51210,73.5308,0.20870,0.20870
Q000002,6,3.0,baseline,2.486616,2.510819,1.132627,29.7294,0.51210,73.5308,0.20870,0.20870
Q000002,7,3.5,baseline,2.479392,2.509534,1.133716,29.7294,0.51210,73.5308,0.20870,0.20870
Q000002,8,4.0,baseline,2.474003,2.516271,1.134052,29.7294,0.51210,73.5308,0.20870,0.20870
Q000002,9,4.5,baseline,2.458128,2.521128,1.128213,29.7294,0.51210,73.5308,0.20870,0.20870
Q000002,10,5.0,baseline,2.458843,2.513007,1.121534,29.7294,0.51210,73.5308,0.20870,0.20870
Q000002,11,5.5,baseline,2.454441,2.505541,1.126464,29.7294,0.51210,73.5308,0.20870,0.20870
Q000002,12,6.0,baseline,2.443322,2.506531,1.119796,29.7294,0.51210,73.5308,0.20870,0.20870
Q000002,13,6.5,baseline,2.441146,2.511625,1.115740,29.7294,0.51210,73.5308,0.20870,0.20870
Q000002,14,7.0,baseline,2.449460,2.516932,1.116692,29.7294,0.51210,73.5308,0.20870,0.20870
Q000002,15,7.5,baseline,2.457090,2.512070,1.108251,29.7294,0.51210,73.5308,0.20870,0.20870
Q000002,16,8.0,baseline,2.446901,2.515780,1.100931,29.7294,0.51210,73.5308,0.20870,0.20870
Q000002,17,8.5,baseline,2.449374,2.524385,1.103796,29.7294,0.51210,73.5308,0.20870,0.20870
Q000002,18,9.0,baseline,2.458196,2.531094,1.107325,29.7294,0.51210,73.5308,0.20870,0.20870
Q000002,19,9.5,baseline,2.468436,2.527995,1.112298,29.7294,0.51210,73.5308,0.20870,0.20870
Q000002,20,10.0,baseline,2.473376,2.533000,1.112705,29.7294,0.51210,73.5308,0.20870,0.20870
Q000002,21,10.5,baseline,2.466753,2.537939,1.110923,29.7294,0.51210,73.5308,0.20870,0.20870
Q000002,22,11.0,baseline,2.462272,2.533466,1.111337,29.7294,0.51210,73.5308,0.20870,0.20870
Q000002,23,11.5,baseline,2.455030,2.536648,1.109891,29.7294,0.51210,73.5308,0.20870,0.20870
Q000002,24,12.0,baseline,2.464641,2.532385,1.111476,29.7294,0.51210,73.5308,0.20870,0.20870
Q000002,25,12.5,baseline,2.462978,2.528842,1.111033,29.7294,0.51210,73.5308,0.20870,0.20870
Q000002,26,13.0,baseline,2.458418,2.526906,1.107700,29.7294,0.51210,73.5308,0.20870,0.20870
Q000002,27,13.5,baseline,2.460754,2.518104,1.111899,29.7294,0.51210,73.5308,0.20870,0.20870
Q000002,28,14.0,baseline,2.457275,2.518405,1.113965,29.7294,0.51210,73.5308,0.20870,0.20870
Q000002,29,14.5,baseline,2.455741,2.519542,1.117305,29.7294,0.51210,73.5308,0.20870,0.20870
Q000002,30,15.0,baseline,2.451304,2.521501,1.117426,29.7294,0.51210,73.5308,0.20870,0.20870
Q000002,31,15.5,baseline,2.456848,2.525157,1.105464,29.7294,0.51210,73.5308,0.20870,0.20870
Q000002,32,16.0,exposure,2.381787,2.412862,1.110295,29.7294,0.51210,73.5308,0.20870,0.20870
Q000002,33,16.5,exposure,2.298661,2.296039,1.104455,29.7294,0.51210,73.5308,0.20870,0.20870
Q000002,34,17.0,exposure,2.212620,2.190147,1.113038,29.7294,0.51210,73.5308,0.20870,0.20870
Q000002,35,17.5,exposure,2.140137,2.083300,1.118206,29.7294,0.51210,73.5308,0.20870,0.20870
Q000002,36,18.0,exposure,2.043387,1.980442,1.118868,29.7294,0.51210,73.5308,0.20870,0.20870
Q000002,37,18.5,exposure,1.952152,1.889161,1.123279,29.7294,0.51210,73.5308,0.20870,0.20870
Q000002,38,19.0,exposure,1.868939,1.811649,1.133859,29.7294,0.51210,73.5308,0.20870,0.20870
Q000002,39,19.5,exposure,1.780907,1.735240,1.148766,29.7294,0.51210,73.5308,0.20870,0.20870
Q000002,40,20.0,exposure,1.700168,1.672871,1.153591,29.7294,0.51210,73.5308,0.20870,0.20870
Q000002,41,20.5,exposure,1.624280,1.600849,1.164373,29.7294,0.51210,73.5308,0.20870,0.20870
Q000002,42,21.0,exposure,1.549179,1.540981,1.170484,29.7294,0.51210,73.5308,0.20870,0.20870
Q000002,43,21.5,exposure,1.465729,1.466730,1.178935,29.7294,0.51210,73.5308,0.20870,0.20870
Q000002,44,22.0,exposure,1.383605,1.410286,1.187347,29.7294,0.51210,73.5308,0.20870,0.20870
Q000002,45,22.5,exposure,1.320715,1.346231,1.193185,29.7294,0.51210,73.5308,0.20870,0.20870
Q000002,46,23.0,exposure,1.243097,1.286597,1.194839,29.7294,0.51210,73.5308,0.20870,0.20870
Q000002,47,23.5,exposure,1.174818,1.239310,1.202981,29.7294,0.51210,73.5308,0.20870,0.20870
Q000002,48,24.0,exposure,1.108253,1.196372,1.216132,29.7294,0.51210,73.5308,0.20870,0.20870
Q000002,49,24.5,exposure,1.058582,1.163053,1.218062,29.7294,0.51210,73.5308,0.20870,0.20870
Q000002,50,25.0,exposure,0.996951,1.125689,1.228009,29.7294,0.51210,73.5308,0.20870,0.20870
Q000002,51,25.5,exposure,0.937548,1.082715,1.237662,29.7294,0.51210,73.5308,0.20870,0.20870
Q000002,52,26.0,exposure,0.889388,1.058434,1.249060,29.7294,0.51210,73.5308,0.20870,0.20870
Q000002,53,26.5,exposure,0.843178,1.028221,1.261162,29.7294,0.51210,73.5308,0.20870,0.20870
Q000002,54,27.0,exposure,0.808954,0.992515,1.271266,29.7294,0.51210,73.5308,0.20870,0.20870
Q000002,55,27.5,exposure,0.760533,0.959754,1.287093,29.7294,0.51210,73.5308,0.20870,0.20870
Q000002,56,28.0,exposure,0.715499,0.938196,1.301737,29.7294,0.51210,73.5308,0.20870,0.20870
Q000002,57,28.5,exposure,0.680436,0.904590,1.313098,29.7294,0.51210,73.5308,0.20870,0.20870
Q000002,58,29.0,exposure,0.648012,0.868283,1.315745,29.7294,0.51210,73.5308,0.20870,0.20870
Q000002,59,29.5,exposure,0.605569,0.841923,1.328656,29.7294,0.51210,73.5308,0.20870,0.20870
Q000002,60,30.0,exposure,0.583984,0.809161,1.336967,29.7294,0.51210,73.5308,0.20870,0.20870
Q000002,61,30.5,exposure,0.561227,0.777504,1.349382,29.7294,0.51210,73.5308,0.20870,0.20870
Q000002,62,31.0,exposure,0.533757,0.753064,1.372984,29.7294,0.51210,73.5308,0.20870,0.20870
Q000002,63,31.5,exposure,0.511139,0.729599,1.381999,29.7294,0.51210,73.5308,0.20870,0.20870
Q000002,64,32.0,steady,0.481316,0.709649,1.391922,29.7294,0.51210,73.5308,0.18000,0.18000
Q000002,65,32.5,steady,0.461300,0.697356,1.407205,29.7294,0.51210,73.5308,0.18000,0.18000
Q000002,66,33.0,steady,0.436619,0.683556,1.409425,29.7294,0.51210,73.5308,0.18000,0.18000
Q000002,67,33.5,steady,0.415118,0.668547,1.412953,29.7294,0.51210,73.5308,0.18000,0.18000
Q000002,68,34.0,steady,0.403536,0.655969,1.417553,29.7294,0.51210,73.5308,0.20000,0.20000
Q000002,69,34.5,steady,0.381751,0.646800,1.421002,29.7294,0.51210,73.5308,0.20000,0.20000
Q000002,70,35.0,steady,0.361004,0.635703,1.440512,29.7294,0.51210,73.5308,0.20000,0.20000
Q000002,71,35.5,steady,0.353563,0.639271,1.448058,29.7294,0.51210,73.5308,0.20000,0.20000
Q000002,72,36.0,steady,0.334184,0.631683,1.452075,29.7294,0.51210,73.5308,0.20000,0.20000
Q000002,73,36.5,steady,0.313972,0.614956,1.461961,29.7294,0.51210,73.5308,0.20000,0.20000
Q000002,74,37.0,steady,0.295875,0.596369,1.464774,29.7294,0.51210,73.5308,0.20000,0.20000
Q000002,75,37.5,steady,0.278186,0.583032,1.469788,29.7294,0.51210,73.5308,0.20000,0.20000
Q000002,76,38.0,steady,0.277429,0.563608,1.472947,29.7294,0.51210,73.5308,0.22000,0.22000
Q000002,77,38.5,steady,0.265936,0.556461,1.471782,29.7294,0.51210,73.5308,0.22000,0.22000
Q000002,78,39.0,steady,0.259645,0.550165,1.475651,29.7294,0.51210,73.5308,0.22000,0.22000
Q000002,79,39.5,steady,0.245236,0.549219,1.478043,29.7294,0.51210,73.5308,0.22000,0.22000
Q000002,80,40.0,steady,0.233334,0.537345,1.479295,29.7294,0.51210,73.5308,0.22000,0.22000
Q000002,81,40.5,steady,0.220205,0.519129,1.490672,29.7294,0.51210,73.5308,0.22000,0.22000
Q000002,82,41.0,steady,0.212007,0.516094,1.497478,29.7294,0.51210,73.5308,0.22000,0.22000
Q000002,83,41.5,steady,0.207632,0.524055,1.500461,29.7294,0.51210,73.5308,0.22000,0.22000
Q000002,84,42.0,steady,0.196865,0.512368,1.497818,29.7294,0.51210,73.5308,0.25000,0.25000
Q000002,85,42.5,steady,0.198743,0.509077,1.500863,29.7294,0.51210,73.5308,0.25000,0.25000
Q000002,86,43.0,steady,0.198183,0.508133,1.504914,29.7294,0.51210,73.5308,0.25000,0.25000
Q000002,87,43.5,steady,0.194674,0.488089,1.508171,29.7294,0.51210,73.5308,0.25000,0.25000
Q000002,88,44.0,steady,0.192987,0.489360,1.506341,29.7294,0.51210,73.5308,0.25000,0.25000
Q000002,89,44.5,steady,0.193759,0.484254,1.512296,29.7294,0.51210,73.5308,0.25000,0.25000
Q000002,90,45.0,steady,0.194875,0.480937,1.513174,29.7294,0.51210,73.5308,0.25000,0.25000
Q000002,91,45.5,steady,0.184977,0.480406,1.518559,29.7294,0.51210,73.5308,0.25000,0.25000
Q000002,92,46.0,steady,0.172002,0.474482,1.519622,29.7294,0.51210,73.5308,0.28000,0.28000
Q000002,93,46.5,steady,0.183569,0.463340,1.522217,29.7294,0.51210,73.5308,0.28000,0.28000
Q000002,94,47.0,steady,0.174262,0.465423,1.519440,29.7294,0.51210,73.5308,0.28000,0.28000
Q000002,95,47.5,steady,0.170459,0.465174,1.528975,29.7294,0.51210,73.5308,0.28000,0.28000
Q000002,96,48.0,recovery,0.155134,0.462294,1.536337,29.7294,0.51210,73.5308,0.20870,0.20870
Q000002,97,48.5,recovery,0.161700,0.458966,1.543046,29.7294,0.51210,73.5308,0.20870,0.20870
Q000002,98,49.0,recovery,0.165362,0.464998,1.547859,29.7294,0.51210,73.5308,0.20870,0.20870
Q000002,99,49.5,recovery,0.155371,0.469366,1.548644,29.7294,0.51210,73.5308,0.20870,0.20870
Q000002,100,50.0,recovery,0.160061,0.455303,1.541347,29.7294,0.51210,73.5308,0.20870,0.20870
Q000002,101,50.5,recovery,0.151994,0.457409,1.541930,29.7294,0.51210,73.5308,0.20870,0.20870
Q000002,102,51.0,recovery,0.154342,0.462247,1.540146,29.7294,0.51210,73.5308,0.20870,0.20870
Q000002,103,51.5,recovery,0.153196,0.456964,1.538770,29.7294,0.51210,73.5308,0.20870,0.20870
Q000002,104,52.0,recovery,0.149049,0.452799,1.540531,29.7294,0.51210,73.5308,0.20870,0.20870
Q000002,105,52.5,recovery,0.145718,0.449871,1.539342,29.7294,0.51210,73.5308,0.20870,0.20870
Q000002,106,53.0,recovery,0.143408,0.454524,1.534527,29.7294,0.51210,73.5308,0.20870,0.20870
Q000002,107,53.5,recovery,0.142527,0.457578,1.534304,29.7294,0.51210,73.5308,0.20870,0.20870
Q000002,108,54.0,recovery,0.137083,0.451247,1.532502,29.7294,0.51210,73.5308,0.20870,0.20870
Q000002,109,54.5,recovery,0.128711,0.454685,1.527676,29.7294,0.51210,73.5308,0.20870,0.20870
Q000002,110,55.0,recovery,0.139902,0.451546,1.530238,29.7294,0.51210,73.5308,0.20870,0.20870
Q000002,111,55.5,recovery,0.147511,0.449301,1.527442,29.7294,0.51210,73.5308,0.20870,0.20870
Q000002,112,56.0,recovery,0.149793,0.442607,1.526178,29.7294,0.51210,73.5308,0.20870,0.20870
Q000002,113,56.5,recovery,0.152091,0.442067,1.517613,29.7294,0.51210,73.5308,0.20870,0.20870
Q000002,114,57.0,recovery,0.157627,0.450937,1.511930,29.7294,0.51210,73.5308,0.20870,0.20870
Q000002,115,57.5,recovery,0.159393,0.457280,1.506802,29.7294,0.51210,73.5308,0.20870,0.20870
Q000002,116,58.0,recovery,0.169335,0.456158,1.499106,29.7294,0.51210,73.5308,0.20870,0.20870
Q000002,117,58.5,recovery,0.179067,0.461739,1.491645,29.7294,0.51210,73.5308,0.20870,0.20870
Q000002,118,59.0,recovery,0.194880,0.467361,1.483903,29.7294,0.51210,73.5308,0.20870,0.20870
Q000002,119,59.5,recovery,0.211685,0.468548,1.481160,29.7294,0.51210,73.5308,0.20870,0.20870
Q000002,120,60.0,recovery,0.241239,0.488303,1.479077,29.7294,0.51210,73.5308,0.20870,0.20870
Q000002,121,60.5,recovery,0.264059,0.506436,1.470177,29.7294,0.51210,73.5308,0.20870,0.20870
Q000002,122,61.0,recovery,0.290665,0.513240,1.460406,29.7294,0.51210,73.5308,0.20870,0.20870
Q000002,123,61.5,recovery,0.331724,0.535513,1.460201,29.7294,0.51210,73.5308,0.20870,0.20870
Q000002,124,62.0,recovery,0.378853,0.550994,1.453074,29.7294,0.51210,73.5308,0.20870,0.20870
Q000002,125,62.5,recovery,0.447962,0.570759,1.444863,29.7294,0.51210,73.5308,0.20870,0.20870
Q000002,126,63.0,recovery,0.543758,0.608739,1.436115,29.7294,0.51210,73.5308,0.20870,0.20870
Q000002,127,63.5,recovery,0.728293,1.001454,1.436807,29.7294,0.51210,73.5308,0.20870,0.20870
Q000003,0,0.0,baseline,2.489130,2.498793,1.089736,23.4384,0.11810,33.1183,0.25050,0.25050
Q000003,1,0.5,baseline,2.488059,2.507473,1.093203,23.4384,0.11810,33.1183,0.25050,0.25050
Q000003,2,1.0,baseline,2.484209,2.507110,1.094649,23.4384,0.11810,33.1183,0.25050,0.25050
Q000003,3,1.5,baseline,2.482402,2.513398,1.092119,23.4384,0.11810,33.1183,0.25050,0.25050
Q000003,4,2.0,baseline,2.489715,2.512587,1.095058,23.4384,0.11810,33.1183,0.25050,0.25050
Q000003,5,2.5,baseline,2.492888,2.511926,1.094128,23.4384,0.11810,33.1183,0.25050,0.25050
Q000003,6,3.0,baseline,2.503934,2.506024,1.091135,23.4384,0.11810,33.1183,0.25050,0.25050
Q000003,7,3.5,baseline,2.505345,2.506633,1.091960,23.4384,0.11810,33.1183,0.25050,0.25050
Q000003,8,4.0,baseline,2.500697,2.506801,1.100168,23.4384,0.11810,33.1183,0.25050,0.25050
Q000003,9,4.5,baseline,2.494617,2.495664,1.103076,23.4384,0.11810,33.1183,0.25050,0.25050
Q000003,10,5.0,baseline,2.499871,2.491682,1.094821,23.4384,0.11810,33.1183,0.25050,0.25050
Q000003,11,5.5,baseline,2.504590,2.497420,1.098601,23.4384,0.11810,33.1183,0.25050,0.25050
Q000003,12,6.0,baseline,2.502941,2.505991,1.102631,23.4384,0.11810,33.1183,0.25050,0.25050
Q000003,13,6.5,baseline,2.507794,2.521855,1.102071,23.4384,0.11810,33.1183,0.25050,0.25050
Q000003,14,7.0,baseline,2.524037,2.511641,1.103479,23.4384,0.11810,33.1183,0.25050,0.25050
Q000003,15,7.5,baseline,2.523045,2.517799,1.111280,23.4384,0.11810,33.1183,0.25050,0.25050
Q000003,16,8.0,baseline,2.523423,2.508716,1.119211,23.4384,0.11810,33.1183,0.25050,0.25050
Q000003,17,8.5,baseline,2.527811,2.506215,1.123019,23.4384,0.11810,33.1183,0.25050,0.25050
Q000003,18,9.0,baseline,2.524574,2.516480,1.115927,23.4384,0.11810,33.1183,0.25050,0.25050
Q000003,19,9.5,baseline,2.523902,2.521286,1.117582,23.4384,0.11810,33.1183,0.25050,0.25050
Q000003,20,10.0,baseline,2.513582,2.530389,1.122771,23.4384,0.11810,33.1183,0.25050,0.25050
Q000003,21,10.5,baseline,2.499313,2.522738,1.115540,23.4384,0.11810,33.1183,0.25050,0.25050
Q000003,22,11.0,baseline,2.502058,2.532051,1.117177,23.4384,0.11810,33.1183,0.25050,0.25050
Q000003,23,11.5,baseline,2.502295,2.536519,1.121977,23.4384,0.11810,33.1183,0.25050,0.25050
Q000003,24,12.0,baseline,2.488190,2.533174,1.125885,23.4384,0.11810,33.1183,0.25050,0.25050
Q000003,25,12.5,baseline,2.487320,2.518361,1.120503,23.4384,0.11810,33.1183,0.25050,0.25050
Q000003,26,13.0,baseline,2.485509,2.525447,1.126331,23.4384,0.11810,33.1183,0.25050,0.25050
Q000003,27,13.5,baseline,2.488758,2.522107,1.131119,23.4384,0.11810,33.1183,0.25050,0.25050
Q000003,28,14.0,baseline,2.497061,2.525813,1.143296,23.4384,0.11810,33.1183,0.25050,0.25050
Q000003,29,14.5,baseline,2.491690,2.518515,1.143135,23.4384,0.11810,33.1183,0.25050,0.25050
Q000003,30,15.0,baseline,2.484251,2.524444,1.145364,23.4384,0.11810,33.1183,0.25050,0.25050
Q000003,31,15.5,baseline,2.491824,2.532176,1.140564,23.4384,0.11810,33.1183,0.25050,0.25050
Q000003,32,16.0,exposure,2.419298,2.435678,1.141179,23.4384,0.11810,33.1183,0.25050,0.25050
Q000003,33,16.5,exposure,2.342371,2.338589,1.145561,23.4384,0.11810,33.1183,0.25050,0.25050
Q000003,34,17.0,exposure,2.258757,2.225946,1.155250,23.4384,0.11810,33.1183,0.25050,0.25050
Q000003,35,17.5,exposure,2.174595,2.115014,1.154392,23.4384,0.11810,33.1183,0.25050,0.25050
Q000003,36,18.0,exposure,2.093787,2.008919,1.163365,23.4384,0.11810,33.1183,0.25050,0.25050
Q000003,37,18.5,exposure,2.024585,1.905213,1.164308,23.4384,0.11810,33.1183,0.25050,0.25050
Q000003,38,19.0,exposure,1.944273,1.807101,1.168467,23.4384,0.11810,33.1183,0.25050,0.25050
Q000003,39,19.5,exposure,1.866953,1.711832,1.168612,23.4384,0.11810,33.1183,0.25050,0.25050
Q000003,40,20.0,exposure,1.809855,1.628029,1.172999,23.4384,0.11810,33.1183,0.25050,0.25050
Q000003,41,20.5,exposure,1.748481,1.555680,1.165254,23.4384,0.11810,33.1183,0.25050,0.25050
Q000003,42,21.0,exposure,1.686793,1.496561,1.166226,23.4384,0.11810,33.1183,0.25050,0.25050
Q000003,43,21.5,exposure,1.630798,1.420773,1.168593,23.4384,0.11810,33.1183,0.25050,0.25050
Q000003,44,22.0,exposure,1.585217,1.367590,1.165745,23.4384,0.11810,33.1183,0.25050,0.25050
Q000003,45,22.5,exposure,1.528442,1.319301,1.170350,23.4384,0.11810,33.1183,0.25050,0.25050
Q000003,46,23.0,exposure,1.485277,1.266395,1.175152,23.4384,0.11810,33.1183,0.25050,0.25050
Q000003,47,23.5,exposure,1.439627,1.228360,1.172230,23.4384,0.11810,33.1183,0.25050,0.25050
Q000003,48,24.0,exposure,1.393074,1.181092,1.174439,23.4384,0.11810,33.1183,0.25050,0.25050
Q000003,49,24.5,exposure,1.350266,1.139419,1.183772,23.4384,0.11810,33.1183,0.25050,0.25050
Q000003,50,25.0,exposure,1.312169,1.102766,1.186218,23.4384,0.11810,33.1183,0.25050,0.25050
Q000003,51,25.5,exposure,1.272599,1.066819,1.180579,23.4384,0.11810,33.1183,0.25050,0.25050
Q000003,52,26.0,exposure,1.248266,1.037990,1.186124,23.4384,0.11810,33.1183,0.25050,0.25050
Q000003,53,26.5,exposure,1.209451,1.002280,1.188359,23.4384,0.11810,33.1183,0.25050,0.25050
Q000003,54,27.0,exposure,1.186197,0.964810,1.195785,23.4384,0.11810,33.1183,0.25050,0.25050
Q000003,55,27.5,exposure,1.172724,0.942423,1.199995,23.4384,0.11810,33.1183,0.25050,0.25050
Q000003,56,28.0,exposure,1.144884,0.923680,1.196529,23.4384,0.11810,33.1183,0.25050,0.25050
Q000003,57,28.5,exposure,1.113698,0.898139,1.199395,23.4384,0.11810,33.1183,0.25050,0.25050
Q000003,58,29.0,exposure,1.087915,0.881393,1.202614,23.4384,0.11810,33.1183,0.25050,0.25050
Q000003,59,29.5,exposure,1.050610,0.859745,1.210543,23.4384,0.11810,33.1183,0.25050,0.25050
Q000003,60,30.0,exposure,1.018447,0.845933,1.213826,23.4384,0.11810,33.1183,0.25050,0.25050
Q000003,61,30.5,exposure,0.999735,0.826331,1.213508,23.4384,0.11810,33.1183,0.25050,0.25050
Q000003,62,31.0,exposure,0.986539,0.817897,1.216500,23.4384,0.11810,33.1183,0.25050,0.25050
Q000003,63,31.5,exposure,0.981008,0.811910,1.224918,23.4384,0.11810,33.1183,0.25050,0.25050
Q000003,64,32.0,steady,0.986977,0.815758,1.237623,23.4384,0.11810,33.1183,0.18000,0.18000
Q000003,65,32.5,steady,0.992329,0.814694,1.239091,23.4384,0.11810,33.1183,0.18000,0.18000
Q000003,66,33.0,steady,0.993914,0.810448,1.242230,23.4384,0.11810,33.1183,0.18000,0.18000
Q000003,67,33.5,steady,0.996011,0.805556,1.246846,23.4384,0.11810,33.1183,0.18000,0.18000
Q000003,68,34.0,steady,0.993883,0.791090,1.253642,23.4384,0.11810,33.1183,0.20000,0.20000
Q000003,69,34.5,steady,0.984408,0.801414,1.253285,23.4384,0.11810,33.1183,0.20000,0.20000
Q000003,70,35.0,steady,0.983894,0.793195,1.258185,23.4384,0.11810,33.1183,0.20000,0.20000
Q000003,71,35.5,steady,0.972597,0.799012,1.261958,23.4384,0.11810,33.1183,0.20000,0.20000
Q000003,72,36.0,steady,0.973733,0.794270,1.265642,23.4384,0.11810,33.1183,0.20000,0.20000
Q000003,73,36.5,steady,0.974593,0.788196,1.267672,23.4384,0.11810,33.1183,0.20000,0.20000
Q000003,74,37.0,steady,0.973906,0.794350,1.273605,23.4384,0.11810,33.1183,0.20000,0.20000
Q000003,75,37.5,steady,0.970950,0.803131,1.274293,23.4384,0.11810,33.1183,0.20000,0.20000
Q000003,76,38.0,steady,0.963065,0.808539,1.289084,23.4384,0.11810,33.1183,0.22000,0.22000
Q000003,77,38.5,steady,0.958920,0.805193,1.299593,23.4384,0.11810,33.1183,0.22000,0.22000
Q000003,78,39.0,steady,0.959798,0.803905,1.301977,23.4384,0.11810,33.1183,0.22000,0.22000
Q000003,79,39.5,steady,0.955671,0.792915,1.306174,23.4384,0.11810,33.1183,0.22000,0.22000
Q000003,80,40.0,steady,0.950712,0.801286,1.307574,23.4384,0.11810,33.1183,0.22000,0.22000
Q000003,81,40.5,steady,0.944644,0.799161,1.314615,23.4384,0.11810,33.1183,0.22000,0.22000
Q000003,82,41.0,steady,0.935688,0.794814,1.322467,23.4384,0.11810,33.1183,0.22000,0.22000
Q000003,83,41.5,steady,0.927597,0.792220,1.322737,23.4384,0.11810,33.1183,0.22000,0.22000
Q000003,84,42.0,steady,0.915613,0.784618,1.320847,23.4384,0.11810,33.1183,0.25000,0.25000
Q000003,85,42.5,steady,0.901780,0.775610,1.324654,23.4384,0.11810,33.1183,0.25000,0.25000
Q000003,86,43.0,steady,0.904863,0.781914,1.337358,23.4384,0.11810,33.1183,0.25000,0.25000
Q000003,87,43.5,steady,0.896575,0.782077,1.339890,23.4384,0.11810,33.1183,0.25000,0.25000
Q000003,88,44.0,steady,0.899414,0.777289,1.341119,23.4384,0.11810,33.1183,0.25000,0.25000
Q000003,89,44.5,steady,0.899338,0.782994,1.346978,23.4384,0.11810,33.1183,0.25000,0.25000
Q000003,90,45.0,steady,0.904187,0.779050,1.354309,23.4384,0.11810,33.1183,0.25000,0.25000
Q000003,91,45.5,steady,0.896236,0.765882,1.363553,23.4384,0.11810,33.1183,0.25000,0.25000
Q000003,92,46.0,steady,0.880923,0.763927,1.375843,23.4384,0.11810,33.1183,0.28000,0.28000
Q000003,93,46.5,steady,0.863493,0.762093,1.379793,23.4384,0.11810,33.1183,0.28000,0.28000
Q000003,94,47.0,steady,0.848783,0.756815,1.394172,23.4384,0.11810,33.1183,0.28000,0.28000
Q000003,95,47.5,steady,0.842069,0.748174,1.395348,23.4384,0.11810,33.1183,0.28000,0.28000
Q000003,96,48.0,recovery,0.845861,0.748814,1.393496,23.4384,0.11810,33.1183,0.25050,0.25050
Q000003,97,48.5,recovery,0.857376,0.770831,1.394377,23.4384,0.11810,33.1183,0.25050,0.25050
Q000003,98,49.0,recovery,0.861250,0.768615,1.397955,23.4384,0.11810,33.1183,0.25050,0.25050
Q000003,99,49.5,recovery,0.859845,0.768357,1.407780,23.4384,0.11810,33.1183,0.25050,0.25050
Q000003,100,50.0,recovery,0.889112,0.776122,1.405885,23.4384,0.11810,33.1183,0.25050,0.25050
Q000003,101,50.5,recovery,0.899430,0.787549,1.412310,23.4384,0.11810,33.1183,0.25050,0.25050
Q000003,102,51.0,recovery,0.904492,0.802540,1.417114,23.4384,0.11810,33.1183,0.25050,0.25050
Q000003,103,51.5,recovery,0.916118,0.806686,1.425101,23.4384,0.11810,33.1183,0.25050,0.25050
Q000003,104,52.0,recovery,0.941524,0.825232,1.434628,23.4384,0.11810,33.1183,0.25050,0.25050
Q000003,105,52.5,recovery,0.951414,0.831138,1.441131,23.4384,0.11810,33.1183,0.25050,0.25050
Q000003,106,53.0,recovery,0.965869,0.821307,1.442237,23.4384,0.11810,33.1183,0.25050,0.25050
Q000003,107,53.5,recovery,0.985463,0.836694,1.440190,23.4384,0.11810,33.1183,0.25050,0.25050
Q000003,108,54.0,recovery,1.010714,0.851505,1.440370,23.4384,0.11810,33.1183,0.25050,0.25050
Q000003,109,54.5,recovery,1.039486,0.868179,1.447787,23.4384,0.11810,33.1183,0.25050,0.25050
Q000003,110,55.0,recovery,1.055483,0.874205,1.453534,23.4384,0.11810,33.1183,0.25050,0.25050
Q000003,111,55.5,recovery,1.078927,0.889708,1.456172,23.4384,0.11810,33.1183,0.25050,0.25050
Q000003,112,56.0,recovery,1.098884,0.907318,1.455861,23.4384,0.11810,33.1183,0.25050,0.25050
Q000003,113,56.5,recovery,1.123355,0.918517,1.457272,23.4384,0.11810,33.1183,0.25050,0.25050
Q000003,114,57.0,recovery,1.136578,0.943632,1.459901,23.4384,0.11810,33.1183,0.25050,0.25050
Q000003,115,57.5,recovery,1.154833,0.967938,1.461672,23.4384,0.11810,33.1183,0.25050,0.25050
Q000003,116,58.0,recovery,1.174606,0.982607,1.465540,23.4384,0.11810,33.1183,0.25050,0.25050
Q000003,117,58.5,recovery,1.208661,1.008194,1.470375,23.4384,0.11810,33.1183,0.25050,0.25050
Q000003,118,59.0,recovery,1.239624,1.035769,1.471577,23.4384,0.11810,33.1183,0.25050,0.25050
Q000003,119,59.5,recovery,1.284157,1.069602,1.472719,23.4384,0.11810,33.1183,0.25050,0.25050
Q000003,120,60.0,recovery,1.323013,1.108391,1.466723,23.4384,0.11810,33.1183,0.25050,0.25050
Q000003,121,60.5,recovery,1.359217,1.146433,1.469675,23.4384,0.11810,33.1183,0.25050,0.25050
Q000003,122,61.0,recovery,1.399744,1.182479,1.470580,23.4384,0.11810,33.1183,0.25050,0.25050
Q000003,123,61.5,recovery,1.456604,1.239489,1.479543,23.4384,0.11810,33.1183,0.25050,0.25050
Q000003,124,62.0,recovery,1.509167,1.297812,1.482501,23.4384,0.11810,33.1183,0.25050,0.25050
Q000003,125,62.5,recovery,1.573869,1.379717,1.483443,23.4384,0.11810,33.1183,0.25050,0.25050
Q000003,126,63.0,recovery,1.645555,1.485945,1.487250,23.4384,0.11810,33.1183,0.25050,0.25050
Q000003,127,63.5,recovery,1.772993,1.641139,1.487406,23.4384,0.11810,33.1183,0.25050,0.25050
Q000004,0,0.0,baseline,2.495285,2.496380,1.051583,15.5307,0.22110,58.9931,0.25450,0.25450
Q000004,1,0.5,baseline,2.490018,2.498067,1.047537,15.5307,0.22110,58.9931,0.25450,0.25450
Q000004,2,1.0,baseline,2.492606,2.504761,1.040848,15.5307,0.22110,58.9931,0.25450,0.25450
Q000004,3,1.5,baseline,2.494612,2.499154,1.038492,15.5307,0.22110,58.9931,0.25450,0.25450
Q000004,4,2.0,baseline,2.500432,2.507587,1.031568,15.5307,0.22110,58.9931,0.25450,0.25450
Q000004,5,2.5,baseline,2.495531,2.509411,1.028864,15.5307,0.22110,58.9931,0.25450,0.25450
Q000004,6,3.0,baseline,2.492136,2.514860,1.035209,15.5307,0.22110,58.9931,0.25450,0.25450
Q000004,7,3.5,baseline,2.496795,2.505150,1.035144,15.5307,0.22110,58.9931,0.25450,0.25450
Q000004,8,4.0,baseline,2.489741,2.504882,1.027857,15.5307,0.22110,58.9931,0.25450,0.25450
Q000004,9,4.5,baseline,2.485839,2.504909,1.034942,15.5307,0.22110,58.9931,0.25450,0.25450
Q000004,10,5.0,baseline,2.475683,2.506956,1.036014,15.5307,0.22110,58.9931,0.25450,0.25450
Q000004,11,5.5,baseline,2.476059,2.508709,1.037111,15.5307,0.22110,58.9931,0.25450,0.25450
Q000004,12,6.0,baseline,2.483403,2.510510,1.044749,15.5307,0.22110,58.9931,0.25450,0.25450
Q000004,13,6.5,baseline,2.481975,2.503371,1.053127,15.5307,0.22110,58.9931,0.25450,0.25450
Q000004,14,7.0,baseline,2.487691,2.506818,1.056847,15.5307,0.22110,58.9931,0.25450,0.25450
Q000004,15,7.5,baseline,2.486874,2.496006,1.059050,15.5307,0.22110,58.9931,0.25450,0.25450
Q000004,16,8.0,baseline,2.478055,2.493850,1.061380,15.5307,0.22110,58.9931,0.25450,0.25450
Q000004,17,8.5,baseline,2.484304,2.503120,1.068517,15.5307,0.22110,58.9931,0.25450,0.25450
Q000004,18,9.0,baseline,2.491472,2.508758,1.065919,15.5307,0.22110,58.9931,0.25450,0.25450
Q000004,19,9.5,baseline,2.473778,2.511124,1.067361,15.5307,0.22110,58.9931,0.25450,0.25450
Q000004,20,10.0,baseline,2.459363,2.511105,1.070842,15.5307,0.22110,58.9931,0.25450,0.25450
Q000004,21,10.5,baseline,2.464778,2.516955,1.072565,15.5307,0.22110,58.9931,0.25450,0.25450
Q000004,22,11.0,baseline,2.473835,2.524526,1.069811,15.5307,0.22110,58.9931,0.25450,0.25450
Q000004,23,11.5,baseline,2.472734,2.531574,1.065797,15.5307,0.22110,58.9931,0.25450,0.25450
Q000004,24,12.0,baseline,2.469769,2.525153,1.064212,15.5307,0.22110,58.9931,0.25450,0.25450
Q000004,25,12.5,baseline,2.468380,2.516511,1.059375,15.5307,0.22110,58.9931,0.25450,0.25450
Q000004,26,13.0,baseline,2.475642,2.511972,1.066242,15.5307,0.22110,58.9931,0.25450,0.25450
Q000004,27,13.5,baseline,2.483449,2.513665,1.064760,15.5307,0.22110,58.9931,0.25450,0.25450
Q000004,28,14.0,baseline,2.489228,2.526947,1.058018,15.5307,0.22110,58.9931,0.25450,0.25450
Q000004,29,14.5,baseline,2.483244,2.529472,1.063527,15.5307,0.22110,58.9931,0.25450,0.25450
Q000004,30,15.0,baseline,2.482930,2.525759,1.066410,15.5307,0.22110,58.9931,0.25450,0.25450
Q000004,31,15.5,baseline,2.486976,2.534619,1.070919,15.5307,0.22110,58.9931,0.25450,0.25450
Q000004,32,16.0,exposure,2.425127,2.354520,1.079133,15.5307,0.22110,58.9931,0.25450,0.25450
Q000004,33,16.5,exposure,2.346517,2.189552,1.076334,15.5307,0.22110,58.9931,0.25450,0.25450
Q000004,34,17.0,exposure,2.263840,2.034419,1.084681,15.5307,0.22110,58.9931,0.25450,0.25450
Q000004,35,17.5,exposure,2.173956,1.892814,1.090655,15.5307,0.22110,58.9931,0.25450,0.25450
Q000004,36,18.0,exposure,2.078545,1.768979,1.091258,15.5307,0.22110,58.9931,0.25450,0.25450
Q000004,37,18.5,exposure,1.980914,1.637750,1.100036,15.5307,0.22110,58.9931,0.25450,0.25450
Q000004,38,19.0,exposure,1.880920,1.535106,1.099494,15.5307,0.22110,58.9931,0.25450,0.25450
Q000004,39,19.5,exposure,1.786878,1.434415,1.101103,15.5307,0.22110,58.9931,0.25450,0.25450
Q000004,40,20.0,exposure,1.700391,1.345582,1.109963,15.5307,0.22110,58.9931,0.25450,0.25450
Q000004,41,20.5,exposure,1.616157,1.271554,1.122149,15.5307,0.22110,58.9931,0.25450,0.25450
Q000004,42,21.0,exposure,1.531705,1.196933,1.125464,15.5307,0.22110,58.9931,0.25450,0.25450
Q000004,43,21.5,exposure,1.449024,1.136215,1.124118,15.5307,0.22110,58.9931,0.25450,0.25450
Q000004,44,22.0,exposure,1.365571,1.069045,1.122787,15.5307,0.22110,58.9931,0.25450,0.25450
Q000004,45,22.5,exposure,1.291549,1.014982,1.125449,15.5307,0.22110,58.9931,0.25450,0.25450
Q000004,46,23.0,exposure,1.225591,0.957144,1.120375,15.5307,0.22110,58.9931,0.25450,0.25450
Q000004,47,23.5,exposure,1.153497,0.907298,1.120786,15.5307,0.22110,58.9931,0.25450,0.25450
Q000004,48,24.0,exposure,1.088991,0.867496,1.127919,15.5307,0.22110,58.9931,0.25450,0.25450
Q000004,49,24.5,exposure,1.026426,0.822718,1.132183,15.5307,0.22110,58.9931,0.25450,0.25450
Q000004,50,25.0,exposure,0.970132,0.791199,1.137415,15.5307,0.22110,58.9931,0.25450,0.25450
Q000004,51,25.5,exposure,0.915042,0.769700,1.148703,15.5307,0.22110,58.9931,0.25450,0.25450
Q000004,52,26.0,exposure,0.874131,0.753157,1.152059,15.5307,0.22110,58.9931,0.25450,0.25450
Q000004,53,26.5,exposure,0.820037,0.710236,1.163471,15.5307,0.22110,58.9931,0.25450,0.25450
Q000004,54,27.0,exposure,0.770123,0.682547,1.168763,15.5307,0.22110,58.9931,0.25450,0.25450
Q000004,55,27.5,exposure,0.725598,0.664158,1.174130,15.5307,0.22110,58.9931,0.25450,0.25450
Q000004,56,28.0,exposure,0.686473,0.649012,1.176701,15.5307,0.22110,58.9931,0.25450,0.25450
Q000004,57,28.5,exposure,0.648551,0.634486,1.180439,15.5307,0.22110,58.9931,0.25450,0.25450
Q000004,58,29.0,exposure,0.623779,0.620973,1.184331,15.5307,0.22110,58.9931,0.25450,0.25450
Q000004,59,29.5,exposure,0.590163,0.596320,1.186813,15.5307,0.22110,58.9931,0.25450,0.25450
Q000004,60,30.0,exposure,0.563669,0.586776,1.191239,15.5307,0.22110,58.9931,0.25450,0.25450
Q000004,61,30.5,exposure,0.536409,0.576498,1.193973,15.5307,0.22110,58.9931,0.25450,0.25450
Q000004,62,31.0,exposure,0.518872,0.559468,1.196965,15.5307,0.22110,58.9931,0.25450,0.25450
Q000004,63,31.5,exposure,0.486258,0.544269,1.201036,15.5307,0.22110,58.9931,0.25450,0.25450
Q000004,64,32.0,steady,0.470867,0.533905,1.214805,15.5307,0.22110,58.9931,0.18000,0.18000
Q000004,65,32.5,steady,0.460958,0.538301,1.225755,15.5307,0.22110,58.9931,0.18000,0.18000
Q000004,66,33.0,steady,0.459282,0.526453,1.231467,15.5307,0.22110,58.9931,0.18000,0.18000
Q000004,67,33.5,steady,0.460336,0.506710,1.230942,15.5307,0.22110,58.9931,0.18000,0.18000
Q000004,68,34.0,steady,0.446785,0.497629,1.231621,15.5307,0.22110,58.9931,0.20000,0.20000
Q000004,69,34.5,steady,0.430116,0.488237,1.237613,15.5307,0.22110,58.9931,0.20000,0.20000
Q000004,70,35.0,steady,0.423586,0.489962,1.241259,15.5307,0.22110,58.9931,0.20000,0.20000
Q000004,71,35.5,steady,0.404144,0.488287,1.237146,15.5307,0.22110,58.9931,0.20000,0.20000
Q000004,72,36.0,steady,0.392551,0.485385,1.238507,15.5307,0.22110,58.9931,0.20000,0.20000
Q000004,73,36.5,steady,0.374206,0.481242,1.239196,15.5307,0.22110,58.9931,0.20000,0.20000
Q000004,74,37.0,steady,0.353268,0.479006,1.237841,15.5307,0.22110,58.9931,0.20000,0.20000
Q000004,75,37.5,steady,0.358019,0.482507,1.236787,15.5307,0.22110,58.9931,0.20000,0.20000
Q000004,76,38.0,steady,0.355760,0.473612,1.234591,15.5307,0.22110,58.9931,0.22000,0.22000
Q000004,77,38.5,steady,0.335864,0.462419,1.239945,15.5307,0.22110,58.9931,0.22000,0.22000
Q000004,78,39.0,steady,0.328336,0.465995,1.240413,15.5307,0.22110,58.9931,0.22000,0.22000
Q000004,79,39.5,steady,0.312966,0.468345,1.240456,15.5307,0.22110,58.9931,0.22000,0.22000
Q000004,80,40.0,steady,0.303416,0.471958,1.244242,15.5307,0.22110,58.9931,0.22000,0.22000
Q000004,81,40.5,steady,0.306498,0.481000,1.246467,15.5307,0.22110,58.9931,0.22000,0.22000
Q000004,82,41.0,steady,0.299917,0.479414,1.252558,15.5307,0.22110,58.9931,0.22000,0.22000
Q000004,83,41.5,steady,0.297990,0.474818,1.256192,15.5307,0.22110,58.9931,0.22000,0.22000
Q000004,84,42.0,steady,0.287032,0.459055,1.256604,15.5307,0.22110,58.9931,0.25000,0.25000
Q000004,85,42.5,steady,0.278594,0.456981,1.261319,15.5307,0.22110,58.9931,0.25000,0.25000
Q000004,86,43.0,steady,0.269001,0.453393,1.265307,15.5307,0.22110,58.9931,0.25000,0.25000
Q000004,87,43.5,steady,0.260251,0.446598,1.271485,15.5307,0.22110,58.9931,0.25000,0.25000
Q000004,88,44.0,steady,0.258683,0.445090,1.276784,15.5307,0.22110,58.9931,0.25000,0.25000
Q000004,89,44.5,steady,0.246860,0.455160,1.281732,15.5307,0.22110,58.9931,0.25000,0.25000
Q000004,90,45.0,steady,0.242134,0.464745,1.287067,15.5307,0.22110,58.9931,0.25000,0.25000
Q000004,91,45.5,steady,0.244514,0.461910,1.290817,15.5307,0.22110,58.9931,0.25000,0.25000
Q000004,92,46.0,steady,0.234785,0.450727,1.298210,15.5307,0.22110,58.9931,0.28000,0.28000
Q000004,93,46.5,steady,0.222604,0.444817,1.299517,15.5307,0.22110,58.9931,0.28000,0.28000
Q000004,94,47.0,steady,0.218587,0.435786,1.304096,15.5307,0.22110,58.9931,0.28000,0.28000
Q000004,95,47.5,steady,0.211051,0.446135,1.307610,15.5307,0.22110,58.9931,0.28000,0.28000
Q000004,96,48.0,recovery,0.204270,0.454072,1.315641,15.5307,0.22110,58.9931,0.25450,0.25450
Q000004,97,48.5,recovery,0.210826,0.457889,1.316999,15.5307,0.22110,58.9931,0.25450,0.25450
Q000004,98,49.0,recovery,0.224936,0.457772,1.315611,15.5307,0.22110,58.9931,0.25450,0.25450
Q000004,99,49.5,recovery,0.229449,0.459500,1.314734,15.5307,0.22110,58.9931,0.25450,0.25450
Q000004,100,50.0,recovery,0.229208,0.459485,1.318646,15.5307,0.22110,58.9931,0.25450,0.25450
Q000004,101,50.5,recovery,0.244708,0.456757,1.315188,15.5307,0.22110,58.9931,0.25450,0.25450
Q000004,102,51.0,recovery,0.256794,0.453534,1.310014,15.5307,0.22110,58.9931,0.25450,0.25450
Q000004,103,51.5,recovery,0.266462,0.452222,1.302980,15.5307,0.22110,58.9931,0.25450,0.25450
Q000004,104,52.0,recovery,0.286235,0.452425,1.299358,15.5307,0.22110,58.9931,0.25450,0.25450
Q000004,105,52.5,recovery,0.291543,0.455306,1.296604,15.5307,0.22110,58.9931,0.25450,0.25450
Q000004,106,53.0,recovery,0.301905,0.454275,1.291405,15.5307,0.22110,58.9931,0.25450,0.25450
Q000004,107,53.5,recovery,0.305004,0.466330,1.292802,15.5307,0.22110,58.9931,0.25450,0.25450
Q000004,108,54.0,recovery,0.334397,0.472990,1.291410,15.5307,0.22110,58.9931,0.25450,0.25450
Q000004,109,54.5,recovery,0.354600,0.465817,1.278324,15.5307,0.22110,58.9931,0.25450,0.25450
Q000004,110,55.0,recovery,0.373191,0.471779,1.272540,15.5307,0.22110,58.9931,0.25450,0.25450
Q000004,111,55.5,recovery,0.383381,0.480693,1.269818,15.5307,0.22110,58.9931,0.25450,0.25450
Q000004,112,56.0,recovery,0.400632,0.485620,1.261638,15.5307,0.22110,58.9931,0.25450,0.25450
Q000004,113,56.5,recovery,0.435486,0.491882,1.256536,15.5307,0.22110,58.9931,0.25450,0.25450
Q000004,114,57.0,recovery,0.459765,0.492484,1.259841,15.5307,0.22110,58.9931,0.25450,0.25450
Q000004,115,57.5,recovery,0.484688,0.501333,1.256773,15.5307,0.22110,58.9931,0.25450,0.25450
Q000004,116,58.0,recovery,0.512741,0.510521,1.248385,15.5307,0.22110,58.9931,0.25450,0.25450
Q000004,117,58.5,recovery,0.552513,0.516738,1.241165,15.5307,0.22110,58.9931,0.25450,0.25450
Q000004,118,59.0,recovery,0.589029,0.527128,1.230737,15.5307,0.22110,58.9931,0.25450,0.25450
Q000004,119,59.5,recovery,0.629813,0.525692,1.225773,15.5307,0.22110,58.9931,0.25450,0.25450
Q000004,120,60.0,recovery,0.685537,0.524136,1.216981,15.5307,0.22110,58.9931,0.25450,0.25450
Q000004,121,60.5,recovery,0.742468,0.534603,1.211601,15.5307,0.22110,58.9931,0.25450,0.25450
Q000004,122,61.0,recovery,0.808441,0.554346,1.210608,15.5307,0.22110,58.9931,0.25450,0.25450
Q000004,123,61.5,recovery,0.877239,0.574659,1.208593,15.5307,0.22110,58.9931,0.25450,0.25450
Q000004,124,62.0,recovery,0.958834,0.599728,1.197794,15.5307,0.22110,58.9931,0.25450,0.25450
Q000004,125,62.5,recovery,1.052643,0.629996,1.191180,15.5307,0.22110,58.9931,0.25450,0.25450
Q000004,126,63.0,recovery,1.174490,0.672906,1.180324,15.5307,0.22110,58.9931,0.25450,0.25450
Q000004,127,63.5,recovery,1.402567,0.962731,1.176707,15.5307,0.22110,58.9931,0.25450,0.25450
Q000005,0,0.0,baseline,2.502939,2.491861,1.083101,19.4088,0.45890,68.5658,0.20060,0.20060
Q000005,1,0.5,baseline,2.501098,2.490745,1.078425,19.4088,0.45890,68.5658,0.20060,0.20060
Q000005,2,1.0,baseline,2.500205,2.483655,1.076722,19.4088,0.45890,68.5658,0.20060,0.20060
Q000005,3,1.5,baseline,2.505308,2.477497,1.081453,19.4088,0.45890,68.5658,0.20060,0.20060
Q000005,4,2.0,baseline,2.516418,2.477763,1.083511,19.4088,0.45890,68.5658,0.20060,0.20060
Q000005,5,2.5,baseline,2.516823,2.482379,1.074815,19.4088,0.45890,68.5658,0.20060,0.20060
Q000005,6,3.0,baseline,2.522523,2.496190,1.085457,19.4088,0.45890,68.5658,0.20060,0.20060
Q000005,7,3.5,baseline,2.518275,2.491123,1.092620,19.4088,0.45890,68.5658,0.20060,0.20060
Q000005,8,4.0,baseline,2.520891,2.484889,1.089170,19.4088,0.45890,68.5658,0.20060,0.20060
Q000005,9,4.5,baseline,2.528714,2.483049,1.092045,19.4088,0.45890,68.5658,0.20060,0.20060
Q000005,10,5.0,baseline,2.528100,2.483580,1.096907,19.4088,0.45890,68.5658,0.20060,0.20060
Q000005,11,5.5,baseline,2.537650,2.489413,1.103190,19.4088,0.45890,68.5658,0.20060,0.20060
Q000005,12,6.0,baseline,2.538313,2.487394,1.103034,19.4088,0.45890,68.5658,0.20060,0.20060
Q000005,13,6.5,baseline,2.538219,2.492230,1.101985,19.4088,0.45890,68.5658,0.20060,0.20060
Q000005,14,7.0,baseline,2.542600,2.486906,1.101082,19.4088,0.45890,68.5658,0.20060,0.20060
Q000005,15,7.5,baseline,2.546467,2.482698,1.097705,19.4088,0.45890,68.5658,0.20060,0.20060
Q000005,16,8.0,baseline,2.539167,2.476324,1.103432,19.4088,0.45890,68.5658,0.20060,0.20060
Q000005,17,8.5,baseline,2.542138,2.477735,1.109924,19.4088,0.45890,68.5658,0.20060,0.20060
Q000005,18,9.0,baseline,2.544297,2.482568,1.107221,19.4088,0.45890,68.5658,0.20060,0.20060
Q000005,19,9.5,baseline,2.545871,2.488978,1.115402,19.4088,0.45890,68.5658,0.20060,0.20060
Q000005,20,10.0,baseline,2.540905,2.494199,1.116344,19.4088,0.45890,68.5658,0.20060,0.20060
Q000005,21,10.5,baseline,2.543562,2.499345,1.117916,19.4088,0.45890,68.5658,0.20060,0.20060
Q000005,22,11.0,baseline,2.534883,2.505811,1.123332,19.4088,0.45890,68.5658,0.20060,0.20060
Q000005,23,11.5,baseline,2.530558,2.497774,1.117075,19.4088,0.45890,68.5658,0.20060,0.20060
Q000005,24,12.0,baseline,2.526797,2.504177,1.108370,19.4088,0.45890,68.5658,0.20060,0.20060
Q000005,25,12.5,baseline,2.525170,2.498623,1.107059,19.4088,0.45890,68.5658,0.20060,0.20060
Q000005,26,13.0,baseline,2.529261,2.491835,1.101065,19.4088,0.45890,68.5658,0.20060,0.20060
Q000005,27,13.5,baseline,2.530704,2.486499,1.101851,19.4088,0.45890,68.5658,0.20060,0.20060
Q000005,28,14.0,baseline,2.522606,2.505543,1.107979,19.4088,0.45890,68.5658,0.20060,0.20060
Q000005,29,14.5,baseline,2.519736,2.511177,1.110407,19.4088,0.45890,68.5658,0.20060,0.20060
Q000005,30,15.0,baseline,2.525497,2.511343,1.117287,19.4088,0.45890,68.5658,0.20060,0.20060
Q000005,31,15.5,baseline,2.522635,2.508198,1.115393,19.4088,0.45890,68.5658,0.20060,0.20060
Q000005,32,16.0,exposure,2.451123,2.408670,1.118074,19.4088,0.45890,68.5658,0.20060,0.20060
Q000005,33,16.5,exposure,2.363618,2.265789,1.120142,19.4088,0.45890,68.5658,0.20060,0.20060
Q000005,34,17.0,exposure,2.260770,2.122687,1.127192,19.4088,0.45890,68.5658,0.20060,0.20060
Q000005,35,17.5,exposure,2.161510,1.988762,1.134291,19.4088,0.45890,68.5658,0.20060,0.20060
Q000005,36,18.0,exposure,2.062684,1.872706,1.152763,19.4088,0.45890,68.5658,0.20060,0.20060
Q000005,37,18.5,exposure,1.961099,1.763252,1.154191,19.4088,0.45890,68.5658,0.20060,0.20060
Q000005,38,19.0,exposure,1.867487,1.660651,1.153498,19.4088,0.45890,68.5658,0.20060,0.20060
Q000005,39,19.5,exposure,1.782871,1.564761,1.157774,19.4088,0.45890,68.5658,0.20060,0.20060
Q000005,40,20.0,exposure,1.678584,1.472322,1.170903,19.4088,0.45890,68.5658,0.20060,0.20060
Q000005,41,20.5,exposure,1.581270,1.387170,1.184679,19.4088,0.45890,68.5658,0.20060,0.20060
Q000005,42,21.0,exposure,1.495622,1.316802,1.190641,19.4088,0.45890,68.5658,0.20060,0.20060
Q000005,43,21.5,exposure,1.417575,1.242589,1.206510,19.4088,0.45890,68.5658,0.20060,0.20060
Q000005,44,22.0,exposure,1.346777,1.189706,1.214332,19.4088,0.45890,68.5658,0.20060,0.20060
Q000005,45,22.5,exposure,1.276713,1.138766,1.227227,19.4088,0.45890,68.5658,0.20060,0.20060
Q000005,46,23.0,exposure,1.208809,1.086236,1.239062,19.4088,0.45890,68.5658,0.20060,0.20060
Q000005,47,23.5,exposure,1.147577,1.040845,1.251195,19.4088,0.45890,68.5658,0.20060,0.20060
Q000005,48,24.0,exposure,1.089295,1.002772,1.263798,19.4088,0.45890,68.5658,0.20060,0.20060
Q000005,49,24.5,exposure,1.038446,0.970675,1.280047,19.4088,0.45890,68.5658,0.20060,0.20060
Q000005,50,25.0,exposure,0.978862,0.936738,1.293059,19.4088,0.45890,68.5658,0.20060,0.20060
Q000005,51,25.5,exposure,0.923942,0.908251,1.312714,19.4088,0.45890,68.5658,0.20060,0.20060
Q000005,52,26.0,exposure,0.875431,0.875298,1.336224,19.4088,0.45890,68.5658,0.20060,0.20060
Q000005,53,26.5,exposure,0.836593,0.848841,1.348565,19.4088,0.45890,68.5658,0.20060,0.20060
Q000005,54,27.0,exposure,0.795377,0.828118,1.358253,19.4088,0.45890,68.5658,0.20060,0.20060
Q000005,55,27.5,exposure,0.756966,0.814974,1.367745,19.4088,0.45890,68.5658,0.20060,0.20060
Q000005,56,28.0,exposure,0.718852,0.801408,1.383671,19.4088,0.45890,68.5658,0.20060,0.20060
Q000005,57,28.5,exposure,0.678445,0.781179,1.406489,19.4088,0.45890,68.5658,0.20060,0.20060
Q000005,58,29.0,exposure,0.629146,0.773480,1.426858,19.4088,0.45890,68.5658,0.20060,0.20060
Q000005,59,29.5,exposure,0.597643,0.753236,1.442377,19.4088,0.45890,68.5658,0.20060,0.20060
Q000005,60,30.0,exposure,0.571275,0.736411,1.452489,19.4088,0.45890,68.5658,0.20060,0.20060
Q000005,61,30.5,exposure,0.546532,0.720456,1.459152,19.4088,0.45890,68.5658,0.20060,0.20060
Q000005,62,31.0,exposure,0.516497,0.702740,1.471702,19.4088,0.45890,68.5658,0.20060,0.20060
Q000005,63,31.5,exposure,0.510456,0.690360,1.486143,19.4088,0.45890,68.5658,0.20060,0.20060
Q000005,64,32.0,steady,0.490545,0.687329,1.494950,19.4088,0.45890,68.5658,0.18000,0.18000
Q000005,65,32.5,steady,0.458348,0.690300,1.507086,19.4088,0.45890,68.5658,0.18000,0.18000
Q000005,66,33.0,steady,0.439206,0.684647,1.519478,19.4088,0.45890,68.5658,0.18000,0.18000
Q000005,67,33.5,steady,0.410858,0.666410,1.524534,19.4088,0.45890,68.5658,0.18000,0.18000
Q000005,68,34.0,steady,0.400870,0.677414,1.533212,19.4088,0.45890,68.5658,0.20000,0.20000
Q000005,69,34.5,steady,0.391397,0.667774,1.534982,19.4088,0.45890,68.5658,0.20000,0.20000
Q000005,70,35.0,steady,0.372043,0.665886,1.537349,19.4088,0.45890,68.5658,0.20000,0.20000
Q000005,71,35.5,steady,0.362063,0.669467,1.552423,19.4088,0.45890,68.5658,0.20000,0.20000
Q000005,72,36.0,steady,0.354840,0.680280,1.555644,19.4088,0.45890,68.5658,0.20000,0.20000
Q000005,73,36.5,steady,0.338136,0.690453,1.565563,19.4088,0.45890,68.5658,0.20000,0.20000
Q000005,74,37.0,steady,0.327063,0.695507,1.564957,19.4088,0.45890,68.5658,0.20000,0.20000
Q000005,75,37.5,steady,0.321015,0.696357,1.563193,19.4088,0.45890,68.5658,0.20000,0.20000
Q000005,76,38.0,steady,0.310350,0.687738,1.566497,19.4088,0.45890,68.5658,0.22000,0.22000
Q000005,77,38.5,steady,0.303923,0.681660,1.573840,19.4088,0.45890,68.5658,0.22000,0.22000
Q000005,78,39.0,steady,0.291347,0.677843,1.574849,19.4088,0.45890,68.5658,0.22000,0.22000
Q000005,79,39.5,steady,0.292976,0.676702,1.574759,19.4088,0.45890,68.5658,0.22000,0.22000
Q000005,80,40.0,steady,0.273401,0.668900,1.580378,19.4088,0.45890,68.5658,0.22000,0.22000
Q000005,81,40.5,steady,0.267708,0.660883,1.577586,19.4088,0.45890,68.5658,0.22000,0.22000
Q000005,82,41.0,steady,0.264070,0.674530,1.583808,19.4088,0.45890,68.5658,0.22000,0.22000
Q000005,83,41.5,steady,0.257876,0.681259,1.585411,19.4088,0.45890,68.5658,0.22000,0.22000
Q000005,84,42.0,steady,0.247991,0.674555,1.582208,19.4088,0.45890,68.5658,0.25000,0.25000
Q000005,85,42.5,steady,0.252292,0.677067,1.582175,19.4088,0.45890,68.5658,0.25000,0.25000
Q000005,86,43.0,steady,0.259368,0.682155,1.587722,19.4088,0.45890,68.5658,0.25000,0.25000
Q000005,87,43.5,steady,0.248062,0.676959,1.592503,19.4088,0.45890,68.5658,0.25000,0.25000
Q000005,88,44.0,steady,0.253768,0.688480,1.593313,19.4088,0.45890,68.5658,0.25000,0.25000
Q000005,89,44.5,steady,0.246300,0.676462,1.589848,19.4088,0.45890,68.5658,0.25000,0.25000
Q000005,90,45.0,steady,0.242002,0.682359,1.597433,19.4088,0.45890,68.5658,0.25000,0.25000
Q000005,91,45.5,steady,0.234306,0.681658,1.606440,19.4088,0.45890,68.5658,0.25000,0.25000
Q000005,92,46.0,steady,0.216845,0.677277,1.613472,19.4088,0.45890,68.5658,0.28000,0.28000
Q000005,93,46.5,steady,0.204810,0.665237,1.615465,19.4088,0.45890,68.5658,0.28000,0.28000
Q000005,94,47.0,steady,0.194042,0.663825,1.611882,19.4088,0.45890,68.5658,0.28000,0.28000
Q000005,95,47.5,steady,0.197276,0.658117,1.610771,19.4088,0.45890,68.5658,0.28000,0.28000
Q000005,96,48.0,recovery,0.189940,0.660107,1.617753,19.4088,0.45890,68.5658,0.20060,0.20060
Q000005,97,48.5,recovery,0.184527,0.675266,1.616267,19.4088,0.45890,68.5658,0.20060,0.20060
Q000005,98,49.0,recovery,0.182677,0.683687,1.613018,19.4088,0.45890,68.5658,0.20060,0.20060
Q000005,99,49.5,recovery,0.174723,0.688275,1.598389,19.4088,0.45890,68.5658,0.20060,0.20060
Q000005,100,50.0,recovery,0.168650,0.686220,1.592105,19.4088,0.45890,68.5658,0.20060,0.20060
Q000005,101,50.5,recovery,0.174365,0.686527,1.582806,19.4088,0.45890,68.5658,0.20060,0.20060
Q000005,102,51.0,recovery,0.175749,0.685528,1.572248,19.4088,0.45890,68.5658,0.20060,0.20060
Q000005,103,51.5,recovery,0.162589,0.700394,1.563651,19.4088,0.45890,68.5658,0.20060,0.20060
Q000005,104,52.0,recovery,0.158344,0.687949,1.557059,19.4088,0.45890,68.5658,0.20060,0.20060
Q000005,105,52.5,recovery,0.161920,0.688567,1.549174,19.4088,0.45890,68.5658,0.20060,0.20060
Q000005,106,53.0,recovery,0.175365,0.691271,1.540499,19.4088,0.45890,68.5658,0.20060,0.20060
Q000005,107,53.5,recovery,0.185215,0.700745,1.529086,19.4088,0.45890,68.5658,0.20060,0.20060
Q000005,108,54.0,recovery,0.187744,0.706116,1.518938,19.4088,0.45890,68.5658,0.20060,0.20060
Q000005,109,54.5,recovery,0.196498,0.704286,1.500085,19.4088,0.45890,68.5658,0.20060,0.20060
Q000005,110,55.0,recovery,0.205096,0.703791,1.484283,19.4088,0.45890,68.5658,0.20060,0.20060
Q000005,111,55.5,recovery,0.220702,0.702786,1.473895,19.4088,0.45890,68.5658,0.20060,0.20060
Q000005,112,56.0,recovery,0.215415,0.709512,1.455669,19.4088,0.45890,68.5658,0.20060,0.20060
Q000005,113,56.5,recovery,0.208879,0.720959,1.438257,19.4088,0.45890,68.5658,0.20060,0.20060
Q000005,114,57.0,recovery,0.211721,0.735317,1.430283,19.4088,0.45890,68.5658,0.20060,0.20060
Q000005,115,57.5,recovery,0.221973,0.751773,1.423148,19.4088,0.45890,68.5658,0.20060,0.20060
Q000005,116,58.0,recovery,0.239191,0.769869,1.409889,19.4088,0.45890,68.5658,0.20060,0.20060
Q000005,117,58.5,recovery,0.258320,0.786132,1.392680,19.4088,0.45890,68.5658,0.20060,0.20060
Q000005,118,59.0,recovery,0.271737,0.791423,1.376645,19.4088,0.45890,68.5658,0.20060,0.20060
Q000005,119,59.5,recovery,0.294604,0.809956,1.360962,19.4088,0.45890,68.5658,0.20060,0.20060
Q000005,120,60.0,recovery,0.326635,0.826008,1.352865,19.4088,0.45890,68.5658,0.20060,0.20060
Q000005,121,60.5,recovery,0.362972,0.844786,1.338791,19.4088,0.45890,68.5658,0.20060,0.20060
Q000005,122,61.0,recovery,0.402408,0.869195,1.326222,19.4088,0.45890,68.5658,0.20060,0.20060
Q000005,123,61.5,recovery,0.452458,0.921669,1.309389,19.4088,0.45890,68.5658,0.20060,0.20060
Q000005,124,62.0,recovery,0.511420,0.959102,1.285344,19.4088,0.45890,68.5658,0.20060,0.20060
Q000005,125,62.5,recovery,0.590501,1.015534,1.269654,19.4088,0.45890,68.5658,0.20060,0.20060
Q000005,126,63.0,recovery,0.688368,1.121828,1.256435,19.4088,0.45890,68.5658,0.20060,0.20060
Q000005,127,63.5,recovery,0.879739,1.309420,1.252626,19.4088,0.45890,68.5658,0.20060,0.20060
Q000006,0,0.0,baseline,2.489615,2.500719,1.165883,31.1164,0.52520,40.4150,0.21550,0.21550
Q000006,1,0.5,baseline,2.477690,2.506615,1.166106,31.1164,0.52520,40.4150,0.21550,0.21550
Q000006,2,1.0,baseline,2.485328,2.503672,1.165435,31.1164,0.52520,40.4150,0.21550,0.21550
Q000006,3,1.5,baseline,2.484536,2.492372,1.163029,31.1164,0.52520,40.4150,0.21550,0.21550
Q000006,4,2.0,baseline,2.485681,2.502639,1.158583,31.1164,0.52520,40.4150,0.21550,0.21550
Q000006,5,2.5,baseline,2.483335,2.512303,1.155707,31.1164,0.52520,40.4150,0.21550,0.21550
Q000006,6,3.0,baseline,2.489160,2.506523,1.154916,31.1164,0.52520,40.4150,0.21550,0.21550
Q000006,7,3.5,baseline,2.485110,2.496739,1.156903,31.1164,0.52520,40.4150,0.21550,0.21550
Q000006,8,4.0,baseline,2.482915,2.504562,1.160658,31.1164,0.52520,40.4150,0.21550,0.21550
Q000006,9,4.5,baseline,2.499805,2.510646,1.166588,31.1164,0.52520,40.4150,0.21550,0.21550
Q000006,10,5.0,baseline,2.508576,2.522093,1.168442,31.1164,0.52520,40.4150,0.21550,0.21550
Q000006,11,5.5,baseline,2.506555,2.524033,1.170326,31.1164,0.52520,40.4150,0.21550,0.21550
Q000006,12,6.0,baseline,2.503182,2.526259,1.172235,31.1164,0.52520,40.4150,0.21550,0.21550
Q000006,13,6.5,baseline,2.509717,2.539923,1.176223,31.1164,0.52520,40.4150,0.21550,0.21550
Q000006,14,7.0,baseline,2.509669,2.534409,1.177900,31.1164,0.52520,40.4150,0.21550,0.21550
Q000006,15,7.5,baseline,2.503183,2.533846,1.177984,31.1164,0.52520,40.4150,0.21550,0.21550
Q000006,16,8.0,baseline,2.506433,2.551149,1.177347,31.1164,0.52520,40.4150,0.21550,0.21550
Q000006,17,8.5,baseline,2.488970,2.548236,1.175725,31.1164,0.52520,40.4150,0.21550,0.21550
Q000006,18,9.0,baseline,2.488184,2.539403,1.171717,31.1164,0.52520,40.4150,0.21550,0.21550
Q000006,19,9.5,baseline,2.488749,2.545197,1.176199,31.1164,0.52520,40.4150,0.21550,0.21550
Q000006,20,10.0,baseline,2.488483,2.539862,1.175047,31.1164,0.52520,40.4150,0.21550,0.21550
Q000006,21,10.5,baseline,2.483614,2.541583,1.171752,31.1164,0.52520,40.4150,0.21550,0.21550
Q000006,22,11.0,baseline,2.487024,2.546958,1.167768,31.1164,0.52520,40.4150,0.21550,0.21550
Q000006,23,11.5,baseline,2.484307,2.552756,1.159596,31.1164,0.52520,40.4150,0.21550,0.21550
Q000006,24,12.0,baseline,2.487782,2.534926,1.157427,31.1164,0.52520,40.4150,0.21550,0.21550
Q000006,25,12.5,baseline,2.490682,2.533501,1.158931,31.1164,0.52520,40.4150,0.21550,0.21550
Q000006,26,13.0,baseline,2.500887,2.533093,1.162815,31.1164,0.52520,40.4150,0.21550,0.21550
Q000006,27,13.5,baseline,2.497379,2.529950,1.164362,31.1164,0.52520,40.4150,0.21550,0.21550
Q000006,28,14.0,baseline,2.490952,2.543418,1.170791,31.1164,0.52520,40.4150,0.21550,0.21550
Q000006,29,14.5,baseline,2.496908,2.548415,1.169812,31.1164,0.52520,40.4150,0.21550,0.21550
Q000006,30,15.0,baseline,2.502198,2.532682,1.171109,31.1164,0.52520,40.4150,0.21550,0.21550
Q000006,31,15.5,baseline,2.506650,2.525518,1.178456,31.1164,0.52520,40.4150,0.21550,0.21550
Q000006,32,16.0,exposure,2.450019,2.424391,1.179299,31.1164,0.52520,40.4150,0.21550,0.21550
Q000006,33,16.5,exposure,2.360584,2.322371,1.180123,31.1164,0.52520,40.4150,0.21550,0.21550
Q000006,34,17.0,exposure,2.264770,2.221296,1.179594,31.1164,0.52520,40.4150,0.21550,0.21550
Q000006,35,17.5,exposure,2.161372,2.126233,1.188131,31.1164,0.52520,40.4150,0.21550,0.21550
Q000006,36,18.0,exposure,2.057526,2.043316,1.193776,31.1164,0.52520,40.4150,0.21550,0.21550
Q000006,37,18.5,exposure,1.956331,1.961790,1.192222,31.1164,0.52520,40.4150,0.21550,0.21550
Q000006,38,19.0,exposure,1.864326,1.892184,1.205039,31.1164,0.52520,40.4150,0.21550,0.21550
Q000006,39,19.5,exposure,1.763345,1.810245,1.214368,31.1164,0.52520,40.4150,0.21550,0.21550
Q000006,40,20.0,exposure,1.669041,1.721293,1.222173,31.1164,0.52520,40.4150,0.21550,0.21550
Q000006,41,20.5,exposure,1.583901,1.651834,1.228185,31.1164,0.52520,40.4150,0.21550,0.21550
Q000006,42,21.0,exposure,1.500864,1.594083,1.242032,31.1164,0.52520,40.4150,0.21550,0.21550
Q000006,43,21.5,exposure,1.414631,1.511458,1.250380,31.1164,0.52520,40.4150,0.21550,0.21550
Q000006,44,22.0,exposure,1.325521,1.456032,1.262329,31.1164,0.52520,40.4150,0.21550,0.21550
Q000006,45,22.5,exposure,1.251389,1.392021,1.266068,31.1164,0.52520,40.4150,0.21550,0.21550
Q000006,46,23.0,exposure,1.173844,1.333468,1.275436,31.1164,0.52520,40.4150,0.21550,0.21550
Q000006,47,23.5,exposure,1.110451,1.275138,1.287253,31.1164,0.52520,40.4150,0.21550,0.21550
Q000006,48,24.0,exposure,1.052513,1.212750,1.295496,31.1164,0.52520,40.4150,0.21550,0.21550
Q000006,49,24.5,exposure,0.988706,1.154015,1.303182,31.1164,0.52520,40.4150,0.21550,0.21550
Q000006,50,25.0,exposure,0.934965,1.110041,1.315002,31.1164,0.52520,40.4150,0.21550,0.21550
Q000006,51,25.5,exposure,0.881374,1.065094,1.332511,31.1164,0.52520,40.4150,0.21550,0.21550
Q000006,52,26.0,exposure,0.835307,1.010401,1.348401,31.1164,0.52520,40.4150,0.21550,0.21550
Q000006,53,26.5,exposure,0.791696,0.974580,1.368887,31.1164,0.52520,40.4150,0.21550,0.21550
Q000006,54,27.0,exposure,0.739489,0.934696,1.376265,31.1164,0.52520,40.4150,0.21550,0.21550
Q000006,55,27.5,exposure,0.693730,0.896070,1.378474,31.1164,0.52520,40.4150,0.21550,0.21550
Q000006,56,28.0,exposure,0.657179,0.858855,1.391796,31.1164,0.52520,40.4150,0.21550,0.21550
Q000006,57,28.5,exposure,0.632204,0.829171,1.407635,31.1164,0.52520,40.4150,0.21550,0.21550
Q000006,58,29.0,exposure,0.609400,0.802437,1.425947,31.1164,0.52520,40.4150,0.21550,0.21550
Q000006,59,29.5,exposure,0.591407,0.765659,1.442087,31.1164,0.52520,40.4150,0.21550,0.21550
Q000006,60,30.0,exposure,0.559825,0.734203,1.454680,31.1164,0.52520,40.4150,0.21550,0.21550
Q000006,61,30.5,exposure,0.524878,0.704652,1.469732,31.1164,0.52520,40.4150,0.21550,0.21550
Q000006,62,31.0,exposure,0.496714,0.683597,1.487791,31.1164,0.52520,40.4150,0.21550,0.21550
Q000006,63,31.5,exposure,0.469718,0.656407,1.494700,31.1164,0.52520,40.4150,0.21550,0.21550
Q000006,64,32.0,steady,0.446817,0.638743,1.517210,31.1164,0.52520,40.4150,0.18000,0.18000
Q000006,65,32.5,steady,0.431340,0.629361,1.520486,31.1164,0.52520,40.4150,0.18000,0.18000
Q000006,66,33.0,steady,0.410643,0.613006,1.535403,31.1164,0.52520,40.4150,0.18000,0.18000
Q000006,67,33.5,steady,0.390786,0.595191,1.548841,31.1164,0.52520,40.4150,0.18000,0.18000
Q000006,68,34.0,steady,0.380322,0.571624,1.554504,31.1164,0.52520,40.4150,0.20000,0.20000
Q000006,69,34.5,steady,0.368709,0.552117,1.565538,31.1164,0.52520,40.4150,0.20000,0.20000
Q000006,70,35.0,steady,0.354905,0.524935,1.576240,31.1164,0.52520,40.4150,0.20000,0.20000
Q000006,71,35.5,steady,0.340598,0.507982,1.583212,31.1164,0.52520,40.4150,0.20000,0.20000
Q000006,72,36.0,steady,0.334288,0.484775,1.588275,31.1164,0.52520,40.4150,0.20000,0.20000
Q000006,73,36.5,steady,0.321055,0.478925,1.591410,31.1164,0.52520,40.4150,0.20000,0.20000
Q000006,74,37.0,steady,0.312085,0.472434,1.591525,31.1164,0.52520,40.4150,0.20000,0.20000
Q000006,75,37.5,steady,0.311041,0.456009,1.589912,31.1164,0.52520,40.4150,0.20000,0.20000
Q000006,76,38.0,steady,0.302198,0.443556,1.592889,31.1164,0.52520,40.4150,0.22000,0.22000
Q000006,77,38.5,steady,0.292086,0.434299,1.595913,31.1164,0.52520,40.4150,0.22000,0.22000
Q000006,78,39.0,steady,0.278946,0.432690,1.596184,31.1164,0.52520,40.4150,0.22000,0.22000
Q000006,79,39.5,steady,0.257215,0.425072,1.598612,31.1164,0.52520,40.4150,0.22000,0.22000
Q000006,80,40.0,steady,0.243150,0.419489,1.600467,31.1164,0.52520,40.4150,0.22000,0.22000
Q000006,81,40.5,steady,0.234970,0.406358,1.597005,31.1164,0.52520,40.4150,0.22000,0.22000
Q000006,82,41.0,steady,0.236448,0.400241,1.598151,31.1164,0.52520,40.4150,0.22000,0.22000
Q000006,83,41.5,steady,0.227569,0.394387,1.596337,31.1164,0.52520,40.4150,0.22000,0.22000
Q000006,84,42.0,steady,0.223002,0.378954,1.597084,31.1164,0.52520,40.4150,0.25000,0.25000
Q000006,85,42.5,steady,0.218460,0.380576,1.605578,31.1164,0.52520,40.4150,0.25000,0.25000
Q000006,86,43.0,steady,0.217218,0.377326,1.608756,31.1164,0.52520,40.4150,0.25000,0.25000
Q000006,87,43.5,steady,0.205379,0.377826,1.610977,31.1164,0.52520,40.4150,0.25000,0.25000
Q000006,88,44.0,steady,0.192309,0.370670,1.605372,31.1164,0.52520,40.4150,0.25000,0.25000
Q000006,89,44.5,steady,0.187986,0.357739,1.606066,31.1164,0.52520,40.4150,0.25000,0.25000
Q000006,90,45.0,steady,0.190377,0.364918,1.596821,31.1164,0.52520,40.4150,0.25000,0.25000
Q000006,91,45.5,steady,0.195140,0.362574,1.601284,31.1164,0.52520,40.4150,0.25000,0.25000
Q000006,92,46.0,steady,0.204079,0.356873,1.605482,31.1164,0.52520,40.4150,0.28000,0.28000
Q000006,93,46.5,steady,0.213337,0.348600,1.607932,31.1164,0.52520,40.4150,0.28000,0.28000
Q000006,94,47.0,steady,0.215781,0.349586,1.605627,31.1164,0.52520,40.4150,0.28000,0.28000
Q000006,95,47.5,steady,0.206475,0.339400,1.605496,31.1164,0.52520,40.4150,0.28000,0.28000
Q000006,96,48.0,recovery,0.200976,0.342242,1.602858,31.1164,0.52520,40.4150,0.21550,0.21550
Q000006,97,48.5,recovery,0.199755,0.335429,1.604173,31.1164,0.52520,40.4150,0.21550,0.21550
Q000006,98,49.0,recovery,0.199903,0.332099,1.603321,31.1164,0.52520,40.4150,0.21550,0.21550
Q000006,99,49.5,recovery,0.193805,0.323261,1.600418,31.1164,0.52520,40.4150,0.21550,0.21550
Q000006,100,50.0,recovery,0.191868,0.328559,1.596469,31.1164,0.52520,40.4150,0.21550,0.21550
Q000006,101,50.5,recovery,0.195066,0.333489,1.595891,31.1164,0.52520,40.4150,0.21550,0.21550
Q000006,102,51.0,recovery,0.208330,0.322952,1.597852,31.1164,0.52520,40.4150,0.21550,0.21550
Q000006,103,51.5,recovery,0.205369,0.323024,1.597467,31.1164,0.52520,40.4150,0.21550,0.21550
Q000006,104,52.0,recovery,0.202699,0.331270,1.594689,31.1164,0.52520,40.4150,0.21550,0.21550
Q000006,105,52.5,recovery,0.204773,0.341616,1.586827,31.1164,0.52520,40.4150,0.21550,0.21550
Q000006,106,53.0,recovery,0.214290,0.347448,1.589890,31.1164,0.52520,40.4150,0.21550,0.21550
Q000006,107,53.5,recovery,0.218483,0.352169,1.581060,31.1164,0.52520,40.4150,0.21550,0.21550
Q000006,108,54.0,recovery,0.221645,0.362279,1.582432,31.1164,0.52520,40.4150,0.21550,0.21550
Q000006,109,54.5,recovery,0.233533,0.367329,1.580861,31.1164,0.52520,40.4150,0.21550,0.21550
Q000006,110,55.0,recovery,0.243148,0.366794,1.579292,31.1164,0.52520,40.4150,0.21550,0.21550
Q000006,111,55.5,recovery,0.234255,0.376998,1.569536,31.1164,0.52520,40.4150,0.21550,0.21550
Q000006,112,56.0,recovery,0.239723,0.381881,1.566254,31.1164,0.52520,40.4150,0.21550,0.21550
Q000006,113,56.5,recovery,0.246534,0.381163,1.554407,31.1164,0.52520,40.4150,0.21550,0.21550
Q000006,114,57.0,recovery,0.265120,0.392792,1.558794,31.1164,0.52520,40.4150,0.21550,0.21550
Q000006,115,57.5,recovery,0.274465,0.388937,1.546388,31.1164,0.52520,40.4150,0.21550,0.21550
Q000006,116,58.0,recovery,0.291883,0.398373,1.541135,31.1164,0.52520,40.4150,0.21550,0.21550
Q000006,117,58.5,recovery,0.322869,0.414725,1.537339,31.1164,0.52520,40.4150,0.21550,0.21550
Q000006,118,59.0,recovery,0.332298,0.420078,1.533570,31.1164,0.52520,40.4150,0.21550,0.21550
Q000006,119,59.5,recovery,0.363136,0.431268,1.532664,31.1164,0.52520,40.4150,0.21550,0.21550
Q000006,120,60.0,recovery,0.387542,0.439081,1.522741,31.1164,0.52520,40.4150,0.21550,0.21550
Q000006,121,60.5,recovery,0.440041,0.446708,1.515905,31.1164,0.52520,40.4150,0.21550,0.21550
Q000006,122,61.0,recovery,0.506015,0.463037,1.513793,31.1164,0.52520,40.4150,0.21550,0.21550
Q000006,123,61.5,recovery,0.583935,0.472411,1.509654,31.1164,0.52520,40.4150,0.21550,0.21550
Q000006,124,62.0,recovery,0.655444,0.479306,1.501002,31.1164,0.52520,40.4150,0.21550,0.21550
Q000006,125,62.5,recovery,0.761127,0.501025,1.492132,31.1164,0.52520,40.4150,0.21550,0.21550
Q000006,126,63.0,recovery,0.912678,0.524927,1.479508,31.1164,0.52520,40.4150,0.21550,0.21550
Q000006,127,63.5,recovery,1.235866,0.761423,1.474760,31.1164,0.52520,40.4150,0.21550,0.21550
Q000007,0,0.0,baseline,2.506965,2.499937,1.169800,34.1443,0.30500,25.5648,0.20970,0.20970
Q000007,1,0.5,baseline,2.501281,2.494553,1.176245,34.1443,0.30500,25.5648,0.20970,0.20970
Q000007,2,1.0,baseline,2.493902,2.483999,1.169216,34.1443,0.30500,25.5648,0.20970,0.20970
Q000007,3,1.5,baseline,2.488438,2.472545,1.172617,34.1443,0.30500,25.5648,0.20970,0.20970
Q000007,4,2.0,baseline,2.477085,2.463101,1.165906,34.1443,0.30500,25.5648,0.20970,0.20970
Q000007,5,2.5,baseline,2.481120,2.459028,1.167238,34.1443,0.30500,25.5648,0.20970,0.20970
Q000007,6,3.0,baseline,2.484825,2.460876,1.165010,34.1443,0.30500,25.5648,0.20970,0.20970
Q000007,7,3.5,baseline,2.484314,2.470431,1.163596,34.1443,0.30500,25.5648,0.20970,0.20970
Q000007,8,4.0,baseline,2.490259,2.477950,1.162876,34.1443,0.30500,25.5648,0.20970,0.20970
Q000007,9,4.5,baseline,2.488666,2.474813,1.157242,34.1443,0.30500,25.5648,0.20970,0.20970
Q000007,10,5.0,baseline,2.493295,2.482094,1.151805,34.1443,0.30500,25.5648,0.20970,0.20970
Q000007,11,5.5,baseline,2.498772,2.473647,1.146379,34.1443,0.30500,25.5648,0.20970,0.20970
Q000007,12,6.0,baseline,2.497747,2.472598,1.146730,34.1443,0.30500,25.5648,0.20970,0.20970
Q000007,13,6.5,baseline,2.488404,2.468127,1.139422,34.1443,0.30500,25.5648,0.20970,0.20970
Q000007,14,7.0,baseline,2.481528,2.460603,1.145009,34.1443,0.30500,25.5648,0.20970,0.20970
Q000007,15,7.5,baseline,2.473294,2.458431,1.149774,34.1443,0.30500,25.5648,0.20970,0.20970
Q000007,16,8.0,baseline,2.471380,2.459254,1.149533,34.1443,0.30500,25.5648,0.20970,0.20970
Q000007,17,8.5,baseline,2.470592,2.456064,1.148152,34.1443,0.30500,25.5648,0.20970,0.20970
Q000007,18,9.0,baseline,2.465645,2.454691,1.153197,34.1443,0.30500,25.5648,0.20970,0.20970
Q000007,19,9.5,baseline,2.472260,2.474010,1.157135,34.1443,0.30500,25.5648,0.20970,0.20970
Q000007,20,10.0,baseline,2.473985,2.482382,1.166985,34.1443,0.30500,25.5648,0.20970,0.20970
Q000007,21,10.5,baseline,2.475113,2.471323,1.173304,34.1443,0.30500,25.5648,0.20970,0.20970
Q000007,22,11.0,baseline,2.486251,2.463381,1.170194,34.1443,0.30500,25.5648,0.20970,0.20970
Q000007,23,11.5,baseline,2.478102,2.446674,1.163697,34.1443,0.30500,25.5648,0.20970,0.20970
Q000007,24,12.0,baseline,2.487585,2.455077,1.166898,34.1443,0.30500,25.5648,0.20970,0.20970
Q000007,25,12.5,baseline,2.490140,2.450583,1.164728,34.1443,0.30500,25.5648,0.20970,0.20970
Q000007,26,13.0,baseline,2.486312,2.454260,1.162412,34.1443,0.30500,25.5648,0.20970,0.20970
Q000007,27,13.5,baseline,2.486083,2.452448,1.175148,34.1443,0.30500,25.5648,0.20970,0.20970
Q000007,28,14.0,baseline,2.486597,2.453209,1.174839,34.1443,0.30500,25.5648,0.20970,0.20970
Q000007,29,14.5,baseline,2.487333,2.443668,1.177600,34.1443,0.30500,25.5648,0.20970,0.20970
Q000007,30,15.0,baseline,2.490520,2.435594,1.177198,34.1443,0.30500,25.5648,0.20970,0.20970
Q000007,31,15.5,baseline,2.478590,2.433287,1.181306,34.1443,0.30500,25.5648,0.20970,0.20970
Q000007,32,16.0,exposure,2.396833,2.227273,1.179033,34.1443,0.30500,25.5648,0.20970,0.20970
Q000007,33,16.5,exposure,2.294742,2.039155,1.177093,34.1443,0.30500,25.5648,0.20970,0.20970
Q000007,34,17.0,exposure,2.182556,1.854070,1.175640,34.1443,0.30500,25.5648,0.20970,0.20970
Q000007,35,17.5,exposure,2.053690,1.695141,1.177316,34.1443,0.30500,25.5648,0.20970,0.20970
Q000007,36,18.0,exposure,1.939190,1.547956,1.177990,34.1443,0.30500,25.5648,0.20970,0.20970
Q000007,37,18.5,exposure,1.823919,1.423299,1.174618,34.1443,0.30500,25.5648,0.20970,0.20970
Q000007,38,19.0,exposure,1.709035,1.300983,1.178414,34.1443,0.30500,25.5648,0.20970,0.20970
Q000007,39,19.5,exposure,1.602743,1.197205,1.187566,34.1443,0.30500,25.5648,0.20970,0.20970
Q000007,40,20.0,exposure,1.500434,1.124183,1.191201,34.1443,0.30500,25.5648,0.20970,0.20970
Q000007,41,20.5,exposure,1.410624,1.040517,1.194020,34.1443,0.30500,25.5648,0.20970,0.20970
Q000007,42,21.0,exposure,1.323463,0.978827,1.192909,34.1443,0.30500,25.5648,0.20970,0.20970
Q000007,43,21.5,exposure,1.235525,0.917499,1.197078,34.1443,0.30500,25.5648,0.20970,0.20970
Q000007,44,22.0,exposure,1.160518,0.873089,1.192340,34.1443,0.30500,25.5648,0.20970,0.20970
Q000007,45,22.5,exposure,1.086131,0.824364,1.195287,34.1443,0.30500,25.5648,0.20970,0.20970
Q000007,46,23.0,exposure,1.006239,0.785046,1.199817,34.1443,0.30500,25.5648,0.20970,0.20970
Q000007,47,23.5,exposure,0.942287,0.750707,1.202607,34.1443,0.30500,25.5648,0.20970,0.20970
Q000007,48,24.0,exposure,0.882214,0.710647,1.211144,34.1443,0.30500,25.5648,0.20970,0.20970
Q000007,49,24.5,exposure,0.828131,0.670907,1.217333,34.1443,0.30500,25.5648,0.20970,0.20970
Q000007,50,25.0,exposure,0.773133,0.639610,1.215900,34.1443,0.30500,25.5648,0.20970,0.20970
Q000007,51,25.5,exposure,0.731875,0.623254,1.211208,34.1443,0.30500,25.5648,0.20970,0.20970
Q000007,52,26.0,exposure,0.682711,0.610778,1.218725,34.1443,0.30500,25.5648,0.20970,0.20970
Q000007,53,26.5,exposure,0.622503,0.594405,1.227098,34.1443,0.30500,25.5648,0.20970,0.20970
Q000007,54,27.0,exposure,0.585965,0.586460,1.225972,34.1443,0.30500,25.5648,0.20970,0.20970
Q000007,55,27.5,exposure,0.550180,0.573310,1.226694,34.1443,0.30500,25.5648,0.20970,0.20970
Q000007,56,28.0,exposure,0.522744,0.566953,1.238151,34.1443,0.30500,25.5648,0.20970,0.20970
Q000007,57,28.5,exposure,0.496855,0.549846,1.244768,34.1443,0.30500,25.5648,0.20970,0.20970
Q000007,58,29.0,exposure,0.465140,0.537463,1.248956,34.1443,0.30500,25.5648,0.20970,0.20970
Q000007,59,29.5,exposure,0.425849,0.521882,1.248855,34.1443,0.30500,25.5648,0.20970,0.20970
Q000007,60,30.0,exposure,0.397872,0.505017,1.256447,34.1443,0.30500,25.5648,0.20970,0.20970
Q000007,61,30.5,exposure,0.369151,0.509249,1.262993,34.1443,0.30500,25.5648,0.20970,0.20970
Q000007,62,31.0,exposure,0.343357,0.506505,1.274815,34.1443,0.30500,25.5648,0.20970,0.20970
Q000007,63,31.5,exposure,0.315843,0.486610,1.272993,34.1443,0.30500,25.5648,0.20970,0.20970
Q000007,64,32.0,steady,0.309143,0.476004,1.270745,34.1443,0.30500,25.5648,0.18000,0.18000
Q000007,65,32.5,steady,0.290377,0.474137,1.279095,34.1443,0.30500,25.5648,0.18000,0.18000
Q000007,66,33.0,steady,0.271148,0.464044,1.287651,34.1443,0.30500,25.5648,0.18000,0.18000
Q000007,67,33.5,steady,0.257099,0.456172,1.299034,34.1443,0.30500,25.5648,0.18000,0.18000
Q000007,68,34.0,steady,0.254755,0.444684,1.308462,34.1443,0.30500,25.5648,0.20000,0.20000
Q000007,69,34.5,steady,0.246758,0.456599,1.307093,34.1443,0.30500,25.5648,0.20000,0.20000
Q000007,70,35.0,steady,0.230874,0.454248,1.311453,34.1443,0.30500,25.5648,0.20000,0.20000
Q000007,71,35.5,steady,0.232050,0.442101,1.311479,34.1443,0.30500,25.5648,0.20000,0.20000
Q000007,72,36.0,steady,0.225143,0.434106,1.311600,34.1443,0.30500,25.5648,0.20000,0.20000
Q000007,73,36.5,steady,0.227576,0.432570,1.319598,34.1443,0.30500,25.5648,0.20000,0.20000
Q000007,74,37.0,steady,0.230579,0.426460,1.326626,34.1443,0.30500,25.5648,0.20000,0.20000
Q000007,75,37.5,steady,0.220750,0.427838,1.336608,34.1443,0.30500,25.5648,0.20000,0.20000
Q000007,76,38.0,steady,0.210407,0.419275,1.344595,34.1443,0.30500,25.5648,0.22000,0.22000
Q000007,77,38.5,steady,0.194421,0.402208,1.336024,34.1443,0.30500,25.5648,0.22000,0.22000
Q000007,78,39.0,steady,0.188604,0.389632,1.331403,34.1443,0.30500,25.5648,0.22000,0.22000
Q000007,79,39.5,steady,0.179536,0.397764,1.332233,34.1443,0.30500,25.5648,0.22000,0.22000
Q000007,80,40.0,steady,0.171928,0.405974,1.334854,34.1443,0.30500,25.5648,0.22000,0.22000
Q000007,81,40.5,steady,0.163033,0.415007,1.337950,34.1443,0.30500,25.5648,0.22000,0.22000
Q000007,82,41.0,steady,0.157694,0.411198,1.338674,34.1443,0.30500,25.5648,0.22000,0.22000
Q000007,83,41.5,steady,0.150522,0.405254,1.340772,34.1443,0.30500,25.5648,0.22000,0.22000
Q000007,84,42.0,steady,0.137472,0.396305,1.345587,34.1443,0.30500,25.5648,0.25000,0.25000
Q000007,85,42.5,steady,0.131989,0.392107,1.349368,34.1443,0.30500,25.5648,0.25000,0.25000
Q000007,86,43.0,steady,0.129318,0.404925,1.352683,34.1443,0.30500,25.5648,0.25000,0.25000
Q000007,87,43.5,steady,0.127539,0.408471,1.360526,34.1443,0.30500,25.5648,0.25000,0.25000
Q000007,88,44.0,steady,0.126476,0.412510,1.354833,34.1443,0.30500,25.5648,0.25000,0.25000
Q000007,89,44.5,steady,0.116242,0.418101,1.370130,34.1443,0.30500,25.5648,0.25000,0.25000
Q000007,90,45.0,steady,0.107442,0.416591,1.366700,34.1443,0.30500,25.5648,0.25000,0.25000
Q000007,91,45.5,steady,0.108786,0.411713,1.367044,34.1443,0.30500,25.5648,0.25000,0.25000
Q000007,92,46.0,steady,0.111936,0.415276,1.375516,34.1443,0.30500,25.5648,0.28000,0.28000
Q000007,93,46.5,steady,0.105684,0.415237,1.371438,34.1443,0.30500,25.5648,0.28000,0.28000
Q000007,94,47.0,steady,0.116473,0.407719,1.370418,34.1443,0.30500,25.5648,0.28000,0.28000
Q000007,95,47.5,steady,0.108225,0.398773,1.370033,34.1443,0.30500,25.5648,0.28000,0.28000
Q000007,96,48.0,recovery,0.124850,0.393469,1.360866,34.1443,0.30500,25.5648,0.20970,0.20970
Q000007,97,48.5,recovery,0.148504,0.387268,1.365017,34.1443,0.30500,25.5648,0.20970,0.20970
Q000007,98,49.0,recovery,0.154712,0.388516,1.367563,34.1443,0.30500,25.5648,0.20970,0.20970
Q000007,99,49.5,recovery,0.160909,0.394046,1.369921,34.1443,0.30500,25.5648,0.20970,0.20970
Q000007,100,50.0,recovery,0.164846,0.400373,1.368433,34.1443,0.30500,25.5648,0.20970,0.20970
Q000007,101,50.5,recovery,0.173813,0.401947,1.379537,34.1443,0.30500,25.5648,0.20970,0.20970
Q000007,102,51.0,recovery,0.179451,0.409609,1.382142,34.1443,0.30500,25.5648,0.20970,0.20970
Q000007,103,51.5,recovery,0.194441,0.412256,1.389508,34.1443,0.30500,25.5648,0.20970,0.20970
Q000007,104,52.0,recovery,0.204727,0.401489,1.388608,34.1443,0.30500,25.5648,0.20970,0.20970
Q000007,105,52.5,recovery,0.211140,0.406998,1.393093,34.1443,0.30500,25.5648,0.20970,0.20970
Q000007,106,53.0,recovery,0.220874,0.411193,1.399656,34.1443,0.30500,25.5648,0.20970,0.20970
Q000007,107,53.5,recovery,0.239991,0.425861,1.397568,34.1443,0.30500,25.5648,0.20970,0.20970
Q000007,108,54.0,recovery,0.256369,0.425608,1.387222,34.1443,0.30500,25.5648,0.20970,0.20970
Q000007,109,54.5,recovery,0.259445,0.422902,1.384690,34.1443,0.30500,25.5648,0.20970,0.20970
Q000007,110,55.0,recovery,0.269149,0.428347,1.384728,34.1443,0.30500,25.5648,0.20970,0.20970
Q000007,111,55.5,recovery,0.292580,0.425484,1.379555,34.1443,0.30500,25.5648,0.20970,0.20970
Q000007,112,56.0,recovery,0.299210,0.425258,1.385918,34.1443,0.30500,25.5648,0.20970,0.20970
Q000007,113,56.5,recovery,0.331649,0.428722,1.386055,34.1443,0.30500,25.5648,0.20970,0.20970
Q000007,114,57.0,recovery,0.352197,0.445096,1.381867,34.1443,0.30500,25.5648,0.20970,0.20970
Q000007,115,57.5,recovery,0.365746,0.448844,1.381985,34.1443,0.30500,25.5648,0.20970,0.20970
Q000007,116,58.0,recovery,0.396539,0.451514,1.382818,34.1443,0.30500,25.5648,0.20970,0.20970
Q000007,117,58.5,recovery,0.413868,0.465470,1.382498,34.1443,0.30500,25.5648,0.20970,0.20970
Q000007,118,59.0,recovery,0.443383,0.468652,1.385776,34.1443,0.30500,25.5648,0.20970,0.20970
Q000007,119,59.5,recovery,0.472618,0.478926,1.376852,34.1443,0.30500,25.5648,0.20970,0.20970
Q000007,120,60.0,recovery,0.524288,0.479672,1.378645,34.1443,0.30500,25.5648,0.20970,0.20970
Q000007,121,60.5,recovery,0.566348,0.484998,1.371747,34.1443,0.30500,25.5648,0.20970,0.20970
Q000007,122,61.0,recovery,0.601404,0.494112,1.367960,34.1443,0.30500,25.5648,0.20970,0.20970
Q000007,123,61.5,recovery,0.664601,0.503358,1.362106,34.1443,0.30500,25.5648,0.20970,0.20970
Q000007,124,62.0,recovery,0.724294,0.514856,1.362386,34.1443,0.30500,25.5648,0.20970,0.20970
Q000007,125,62.5,recovery,0.818478,0.538454,1.359207,34.1443,0.30500,25.5648,0.20970,0.20970
Q000007,126,63.0,recovery,0.941785,0.582481,1.357976,34.1443,0.30500,25.5648,0.20970,0.20970
Q000007,127,63.5,recovery,1.174972,0.826004,1.355826,34.1443,0.30500,25.5648,0.20970,0.20970
Q000008,0,0.0,baseline,2.497989,2.491734,1.167888,31.9499,0.46770,68.4277,0.27300,0.27300
Q000008,1,0.5,baseline,2.498847,2.490335,1.164902,31.9499,0.46770,68.4277,0.27300,0.27300
Q000008,2,1.0,baseline,2.500170,2.487450,1.171438,31.9499,0.46770,68.4277,0.27300,0.27300
Q000008,3,1.5,baseline,2.506622,2.495152,1.174164,31.9499,0.46770,68.4277,0.27300,0.27300
Q000008,4,2.0,baseline,2.502488,2.498737,1.179630,31.9499,0.46770,68.4277,0.27300,0.27300
Q000008,5,2.5,baseline,2.497642,2.506253,1.175086,31.9499,0.46770,68.4277,0.27300,0.27300
Q000008,6,3.0,baseline,2.487834,2.505270,1.175496,31.9499,0.46770,68.4277,0.27300,0.27300
Q000008,7,3.5,baseline,2.492311,2.495274,1.182069,31.9499,0.46770,68.4277,0.27300,0.27300
Q000008,8,4.0,baseline,2.486102,2.490634,1.185758,31.9499,0.46770,68.4277,0.27300,0.27300
Q000008,9,4.5,baseline,2.492901,2.486815,1.187721,31.9499,0.46770,68.4277,0.27300,0.27300
Q000008,10,5.0,baseline,2.489929,2.491860,1.187261,31.9499,0.46770,68.4277,0.27300,0.27300
Q000008,11,5.5,baseline,2.487341,2.500220,1.190480,31.9499,0.46770,68.4277,0.27300,0.27300
Q000008,12,6.0,baseline,2.489126,2.496072,1.181350,31.9499,0.46770,68.4277,0.27300,0.27300
Q000008,13,6.5,baseline,2.493252,2.486979,1.188920,31.9499,0.46770,68.4277,0.27300,0.27300
Q000008,14,7.0,baseline,2.492511,2.472795,1.191046,31.9499,0.46770,68.4277,0.27300,0.27300
Q000008,15,7.5,baseline,2.496932,2.476324,1.188294,31.9499,0.46770,68.4277,0.27300,0.27300
Q000008,16,8.0,baseline,2.506442,2.476067,1.190090,31.9499,0.46770,68.4277,0.27300,0.27300
Q000008,17,8.5,baseline,2.502735,2.490184,1.192220,31.9499,0.46770,68.4277,0.27300,0.27300
Q000008,18,9.0,baseline,2.497407,2.484541,1.189863,31.9499,0.46770,68.4277,0.27300,0.27300
Q000008,19,9.5,baseline,2.504008,2.480962,1.190230,31.9499,0.46770,68.4277,0.27300,0.27300
Q000008,20,10.0,baseline,2.506835,2.496581,1.193999,31.9499,0.46770,68.4277,0.27300,0.27300
Q000008,21,10.5,baseline,2.504462,2.489857,1.188717,31.9499,0.46770,68.4277,0.27300,0.27300
Q000008,22,11.0,baseline,2.506017,2.496819,1.183643,31.9499,0.46770,68.4277,0.27300,0.27300
Q000008,23,11.5,baseline,2.505405,2.510323,1.178259,31.9499,0.46770,68.4277,0.27300,0.27300
Q000008,24,12.0,baseline,2.500369,2.513443,1.175340,31.9499,0.46770,68.4277,0.27300,0.27300
Q000008,25,12.5,baseline,2.498579,2.517639,1.182118,31.9499,0.46770,68.4277,0.27300,0.27300
Q000008,26,13.0,baseline,2.497489,2.504869,1.183329,31.9499,0.46770,68.4277,0.27300,0.27300
Q000008,27,13.5,baseline,2.494471,2.505265,1.173702,31.9499,0.46770,68.4277,0.27300,0.27300
Q000008,28,14.0,baseline,2.494044,2.496456,1.171263,31.9499,0.46770,68.4277,0.27300,0.27300
Q000008,29,14.5,baseline,2.490575,2.489196,1.161499,31.9499,0.46770,68.4277,0.27300,0.27300
Q000008,30,15.0,baseline,2.491997,2.492739,1.169309,31.9499,0.46770,68.4277,0.27300,0.27300
Q000008,31,15.5,baseline,2.487611,2.493487,1.172746,31.9499,0.46770,68.4277,0.27300,0.27300
Q000008,32,16.0,exposure,2.380145,2.284608,1.168111,31.9499,0.46770,68.4277,0.27300,0.27300
Q000008,33,16.5,exposure,2.248379,2.091499,1.173790,31.9499,0.46770,68.4277,0.27300,0.27300
Q000008,34,17.0,exposure,2.110850,1.917629,1.177950,31.9499,0.46770,68.4277,0.27300,0.27300
Q000008,35,17.5,exposure,1.967588,1.753036,1.181425,31.9499,0.46770,68.4277,0.27300,0.27300
Q000008,36,18.0,exposure,1.826652,1.604101,1.193133,31.9499,0.46770,68.4277,0.27300,0.27300
Q000008,37,18.5,exposure,1.691882,1.485056,1.203544,31.9499,0.46770,68.4277,0.27300,0.27300
Q000008,38,19.0,exposure,1.560696,1.362600,1.206431,31.9499,0.46770,68.4277,0.27300,0.27300
Q000008,39,19.5,exposure,1.439148,1.249473,1.217200,31.9499,0.46770,68.4277,0.27300,0.27300
Q000008,40,20.0,exposure,1.331592,1.160930,1.226046,31.9499,0.46770,68.4277,0.27300,0.27300
Q000008,41,20.5,exposure,1.248121,1.089388,1.229809,31.9499,0.46770,68.4277,0.27300,0.27300
Q000008,42,21.0,exposure,1.151771,1.011502,1.246746,31.9499,0.46770,68.4277,0.27300,0.27300
Q000008,43,21.5,exposure,1.072513,0.948490,1.257183,31.9499,0.46770,68.4277,0.27300,0.27300
Q000008,44,22.0,exposure,0.981378,0.885860,1.265058,31.9499,0.46770,68.4277,0.27300,0.27300
Q000008,45,22.5,exposure,0.906811,0.834576,1.270257,31.9499,0.46770,68.4277,0.27300,0.27300
Q000008,46,23.0,exposure,0.843203,0.786644,1.287446,31.9499,0.46770,68.4277,0.27300,0.27300
Q000008,47,23.5,exposure,0.774470,0.737407,1.301578,31.9499,0.46770,68.4277,0.27300,0.27300
Q000008,48,24.0,exposure,0.703878,0.711986,1.310108,31.9499,0.46770,68.4277,0.27300,0.27300
Q000008,49,24.5,exposure,0.658018,0.680382,1.320164,31.9499,0.46770,68.4277,0.27300,0.27300
Q000008,50,25.0,exposure,0.605677,0.648300,1.329092,31.9499,0.46770,68.4277,0.27300,0.27300
Q000008,51,25.5,exposure,0.565924,0.626431,1.332949,31.9499,0.46770,68.4277,0.27300,0.27300
Q000008,52,26.0,exposure,0.525689,0.599774,1.341993,31.9499,0.46770,68.4277,0.27300,0.27300
Q000008,53,26.5,exposure,0.490683,0.580144,1.353314,31.9499,0.46770,68.4277,0.27300,0.27300
Q000008,54,27.0,exposure,0.466859,0.570131,1.366971,31.9499,0.46770,68.4277,0.27300,0.27300
Q000008,55,27.5,exposure,0.438032,0.551697,1.376009,31.9499,0.46770,68.4277,0.27300,0.27300
Q000008,56,28.0,exposure,0.404589,0.542285,1.389310,31.9499,0.46770,68.4277,0.27300,0.27300
Q000008,57,28.5,exposure,0.375442,0.526669,1.392246,31.9499,0.46770,68.4277,0.27300,0.27300
Q000008,58,29.0,exposure,0.343500,0.519152,1.400335,31.9499,0.46770,68.4277,0.27300,0.27300
Q000008,59,29.5,exposure,0.315962,0.514217,1.401209,31.9499,0.46770,68.4277,0.27300,0.27300
Q000008,60,30.0,exposure,0.308806,0.496736,1.415167,31.9499,0.46770,68.4277,0.27300,0.27300
Q000008,61,30.5,exposure,0.288337,0.489747,1.423827,31.9499,0.46770,68.4277,0.27300,0.27300
Q000008,62,31.0,exposure,0.267001,0.486788,1.433243,31.9499,0.46770,68.4277,0.27300,0.27300
Q000008,63,31.5,exposure,0.260952,0.483950,1.438411,31.9499,0.46770,68.4277,0.27300,0.27300
Q000008,64,32.0,steady,0.247750,0.479452,1.438233,31.9499,0.46770,68.4277,0.18000,0.18000
Q000008,65,32.5,steady,0.231872,0.491165,1.448329,31.9499,0.46770,68.4277,0.18000,0.18000
Q000008,66,33.0,steady,0.232986,0.491170,1.456189,31.9499,0.46770,68.4277,0.18000,0.18000
Q000008,67,33.5,steady,0.220983,0.486158,1.460736,31.9499,0.46770,68.4277,0.18000,0.18000
Q000008,68,34.0,steady,0.200249,0.478899,1.461225,31.9499,0.46770,68.4277,0.20000,0.20000
Q000008,69,34.5,steady,0.197643,0.480631,1.465609,31.9499,0.46770,68.4277,0.20000,0.20000
Q000008,70,35.0,steady,0.184052,0.474872,1.476734,31.9499,0.46770,68.4277,0.20000,0.20000
Q000008,71,35.5,steady,0.172095,0.478800,1.484460,31.9499,0.46770,68.4277,0.20000,0.20000
Q000008,72,36.0,steady,0.175080,0.479432,1.495439,31.9499,0.46770,68.4277,0.20000,0.20000
Q000008,73,36.5,steady,0.166865,0.478895,1.500002,31.9499,0.46770,68.4277,0.20000,0.20000
Q000008,74,37.0,steady,0.164150,0.482433,1.499704,31.9499,0.46770,68.4277,0.20000,0.20000
Q000008,75,37.5,steady,0.165228,0.482317,1.505175,31.9499,0.46770,68.4277,0.20000,0.20000
Q000008,76,38.0,steady,0.167553,0.482827,1.510190,31.9499,0.46770,68.4277,0.22000,0.22000
Q000008,77,38.5,steady,0.154715,0.479845,1.512087,31.9499,0.46770,68.4277,0.22000,0.22000
Q000008,78,39.0,steady,0.150835,0.478690,1.508513,31.9499,0.46770,68.4277,0.22000,0.22000
Q000008,79,39.5,steady,0.146477,0.475656,1.508254,31.9499,0.46770,68.4277,0.22000,0.22000
Q000008,80,40.0,steady,0.148017,0.476017,1.509816,31.9499,0.46770,68.4277,0.22000,0.22000
Q000008,81,40.5,steady,0.142902,0.474624,1.512914,31.9499,0.46770,68.4277,0.22000,0.22000
Q000008,82,41.0,steady,0.142691,0.472650,1.514470,31.9499,0.46770,68.4277,0.22000,0.22000
Q000008,83,41.5,steady,0.143864,0.457300,1.514481,31.9499,0.46770,68.4277,0.22000,0.22000
Q000008,84,42.0,steady,0.139548,0.448607,1.513142,31.9499,0.46770,68.4277,0.25000,0.25000
Q000008,85,42.5,steady,0.123173,0.454132,1.514014,31.9499,0.46770,68.4277,0.25000,0.25000
Q000008,86,43.0,steady,0.122350,0.468948,1.519495,31.9499,0.46770,68.4277,0.25000,0.25000
Q000008,87,43.5,steady,0.114270,0.466693,1.520563,31.9499,0.46770,68.4277,0.25000,0.25000
Q000008,88,44.0,steady,0.110306,0.471767,1.517424,31.9499,0.46770,68.4277,0.25000,0.25000
Q000008,89,44.5,steady,0.111571,0.475417,1.527613,31.9499,0.46770,68.4277,0.25000,0.25000
Q000008,90,45.0,steady,0.112560,0.471593,1.535060,31.9499,0.46770,68.4277,0.25000,0.25000
Q000008,91,45.5,steady,0.113472,0.466495,1.540808,31.9499,0.46770,68.4277,0.25000,0.25000
Q000008,92,46.0,steady,0.109030,0.456146,1.547603,31.9499,0.46770,68.4277,0.28000,0.28000
Q000008,93,46.5,steady,0.108053,0.455004,1.554893,31.9499,0.46770,68.4277,0.28000,0.28000
Q000008,94,47.0,steady,0.109829,0.463081,1.549599,31.9499,0.46770,68.4277,0.28000,0.28000
Q000008,95,47.5,steady,0.110083,0.462870,1.544445,31.9499,0.46770,68.4277,0.28000,0.28000
Q000008,96,48.0,recovery,0.113461,0.469775,1.551179,31.9499,0.46770,68.4277,0.27300,0.27300
Q000008,97,48.5,recovery,0.113278,0.474278,1.539724,31.9499,0.46770,68.4277,0.27300,0.27300
Q000008,98,49.0,recovery,0.109308,0.481862,1.540819,31.9499,0.46770,68.4277,0.27300,0.27300
Q000008,99,49.5,recovery,0.100736,0.481353,1.554016,31.9499,0.46770,68.4277,0.27300,0.27300
Q000008,100,50.0,recovery,0.098163,0.482115,1.554170,31.9499,0.46770,68.4277,0.27300,0.27300
Q000008,101,50.5,recovery,0.109044,0.477090,1.547971,31.9499,0.46770,68.4277,0.27300,0.27300
Q000008,102,51.0,recovery,0.104604,0.480442,1.541798,31.9499,0.46770,68.4277,0.27300,0.27300
Q000008,103,51.5,recovery,0.111942,0.473727,1.544329,31.9499,0.46770,68.4277,0.27300,0.27300
Q000008,104,52.0,recovery,0.108575,0.464261,1.547822,31.9499,0.46770,68.4277,0.27300,0.27300
Q000008,105,52.5,recovery,0.103639,0.462590,1.538406,31.9499,0.46770,68.4277,0.27300,0.27300
Q000008,106,53.0,recovery,0.106638,0.481686,1.538818,31.9499,0.46770,68.4277,0.27300,0.27300
Q000008,107,53.5,recovery,0.099072,0.487622,1.538765,31.9499,0.46770,68.4277,0.27300,0.27300
Q000008,108,54.0,recovery,0.094399,0.493122,1.534164,31.9499,0.46770,68.4277,0.27300,0.27300
Q000008,109,54.5,recovery,0.096323,0.494634,1.538806,31.9499,0.46770,68.4277,0.27300,0.27300
Q000008,110,55.0,recovery,0.085554,0.497522,1.536645,31.9499,0.46770,68.4277,0.27300,0.27300
Q000008,111,55.5,recovery,0.095069,0.502879,1.526616,31.9499,0.46770,68.4277,0.27300,0.27300
Q000008,112,56.0,recovery,0.105145,0.514084,1.523972,31.9499,0.46770,68.4277,0.27300,0.27300
Q000008,113,56.5,recovery,0.101673,0.509622,1.519253,31.9499,0.46770,68.4277,0.27300,0.27300
Q000008,114,57.0,recovery,0.106753,0.510213,1.513533,31.9499,0.46770,68.4277,0.27300,0.27300
Q000008,115,57.5,recovery,0.118199,0.514405,1.511388,31.9499,0.46770,68.4277,0.27300,0.27300
Q000008,116,58.0,recovery,0.136128,0.521447,1.509562,31.9499,0.46770,68.4277,0.27300,0.27300
Q000008,117,58.5,recovery,0.143386,0.524016,1.512835,31.9499,0.46770,68.4277,0.27300,0.27300
Q000008,118,59.0,recovery,0.157414,0.529260,1.510464,31.9499,0.46770,68.4277,0.27300,0.27300
Q000008,119,59.5,recovery,0.179235,0.540026,1.506658,31.9499,0.46770,68.4277,0.27300,0.27300
Q000008,120,60.0,recovery,0.191885,0.556144,1.500547,31.9499,0.46770,68.4277,0.27300,0.27300
Q000008,121,60.5,recovery,0.218676,0.563446,1.495231,31.9499,0.46770,68.4277,0.27300,0.27300
Q000008,122,61.0,recovery,0.254253,0.578013,1.500897,31.9499,0.46770,68.4277,0.27300,0.27300
Q000008,123,61.5,recovery,0.302618,0.587832,1.490057,31.9499,0.46770,68.4277,0.27300,0.27300
Q000008,124,62.0,recovery,0.360030,0.597664,1.485701,31.9499,0.46770,68.4277,0.27300,0.27300
Q000008,125,62.5,recovery,0.430228,0.625418,1.478225,31.9499,0.46770,68.4277,0.27300,0.27300
Q000008,126,63.0,recovery,0.527307,0.673280,1.478487,31.9499,0.46770,68.4277,0.27300,0.27300
Q000008,127,63.5,recovery,0.740636,1.123758,1.467050,31.9499,0.46770,68.4277,0.27300,0.27300
Q000009,0,0.0,baseline,2.502579,2.492321,1.117163,25.7246,0.69260,42.7121,0.25520,0.25520
Q000009,1,0.5,baseline,2.502796,2.493262,1.111856,25.7246,0.69260,42.7121,0.25520,0.25520
Q000009,2,1.0,baseline,2.502881,2.499438,1.115049,25.7246,0.69260,42.7121,0.25520,0.25520
Q000009,3,1.5,baseline,2.513365,2.503508,1.113995,25.7246,0.69260,42.7121,0.25520,0.25520
Q000009,4,2.0,baseline,2.506050,2.496041,1.108409,25.7246,0.69260,42.7121,0.25520,0.25520
Q000009,5,2.5,baseline,2.496358,2.494277,1.106867,25.7246,0.69260,42.7121,0.25520,0.25520
Q000009,6,3.0,baseline,2.500324,2.492177,1.106645,25.7246,0.69260,42.7121,0.25520,0.25520
Q000009,7,3.5,baseline,2.495290,2.476538,1.111805,25.7246,0.69260,42.7121,0.25520,0.25520
Q000009,8,4.0,baseline,2.488537,2.483411,1.109578,25.7246,0.69260,42.7121,0.25520,0.25520
Q000009,9,4.5,baseline,2.496455,2.489210,1.109080,25.7246,0.69260,42.7121,0.25520,0.25520
Q000009,10,5.0,baseline,2.485692,2.500675,1.111630,25.7246,0.69260,42.7121,0.25520,0.25520
Q000009,11,5.5,baseline,2.479190,2.511258,1.119365,25.7246,0.69260,42.7121,0.25520,0.25520
Q000009,12,6.0,baseline,2.486547,2.510517,1.114361,25.7246,0.69260,42.7121,0.25520,0.25520
Q000009,13,6.5,baseline,2.489595,2.508918,1.108509,25.7246,0.69260,42.7121,0.25520,0.25520
Q000009,14,7.0,baseline,2.490396,2.499889,1.096924,25.7246,0.69260,42.7121,0.25520,0.25520
Q000009,15,7.5,baseline,2.487846,2.483125,1.095705,25.7246,0.69260,42.7121,0.25520,0.25520
Q000009,16,8.0,baseline,2.492345,2.472536,1.101124,25.7246,0.69260,42.7121,0.25520,0.25520
Q000009,17,8.5,baseline,2.492335,2.479076,1.104191,25.7246,0.69260,42.7121,0.25520,0.25520
Q000009,18,9.0,baseline,2.496473,2.482731,1.107949,25.7246,0.69260,42.7121,0.25520,0.25520
Q000009,19,9.5,baseline,2.506627,2.484916,1.107274,25.7246,0.69260,42.7121,0.25520,0.25520
Q000009,20,10.0,baseline,2.514049,2.475802,1.106863,25.7246,0.69260,42.7121,0.25520,0.25520
Q000009,21,10.5,baseline,2.516556,2.477603,1.104269,25.7246,0.69260,42.7121,0.25520,0.25520
Q000009,22,11.0,baseline,2.513337,2.484566,1.112382,25.7246,0.69260,42.7121,0.25520,0.25520
Q000009,23,11.5,baseline,2.515414,2.493548,1.104978,25.7246,0.69260,42.7121,0.25520,0.25520
Q000009,24,12.0,baseline,2.513527,2.484778,1.103868,25.7246,0.69260,42.7121,0.25520,0.25520
Q000009,25,12.5,baseline,2.512472,2.479915,1.098662,25.7246,0.69260,42.7121,0.25520,0.25520
Q000009,26,13.0,baseline,2.517128,2.480317,1.085898,25.7246,0.69260,42.7121,0.25520,0.25520
Q000009,27,13.5,baseline,2.522549,2.486670,1.078270,25.7246,0.69260,42.7121,0.25520,0.25520
Q000009,28,14.0,baseline,2.533398,2.482720,1.078304,25.7246,0.69260,42.7121,0.25520,0.25520
Q000009,29,14.5,baseline,2.528050,2.488120,1.078927,25.7246,0.69260,42.7121,0.25520,0.25520
Q000009,30,15.0,baseline,2.529020,2.484204,1.084452,25.7246,0.69260,42.7121,0.25520,0.25520
Q000009,31,15.5,baseline,2.535010,2.485557,1.092819,25.7246,0.69260,42.7121,0.25520,0.25520
Q000009,32,16.0,exposure,2.410960,2.237144,1.092966,25.7246,0.69260,42.7121,0.25520,0.25520
Q000009,33,16.5,exposure,2.282355,1.996018,1.096138,25.7246,0.69260,42.7121,0.25520,0.25520
Q000009,34,17.0,exposure,2.159541,1.773032,1.097721,25.7246,0.69260,42.7121,0.25520,0.25520
Q000009,35,17.5,exposure,2.018408,1.587153,1.100790,25.7246,0.69260,42.7121,0.25520,0.25520
Q000009,36,18.0,exposure,1.897835,1.421173,1.101597,25.7246,0.69260,42.7121,0.25520,0.25520
Q000009,37,18.5,exposure,1.775612,1.272990,1.099380,25.7246,0.69260,42.7121,0.25520,0.25520
Q000009,38,19.0,exposure,1.656214,1.153649,1.097317,25.7246,0.69260,42.7121,0.25520,0.25520
Q000009,39,19.5,exposure,1.546644,1.044032,1.101827,25.7246,0.69260,42.7121,0.25520,0.25520
Q000009,40,20.0,exposure,1.448557,0.951449,1.104872,25.7246,0.69260,42.7121,0.25520,0.25520
Q000009,41,20.5,exposure,1.371803,0.867558,1.103796,25.7246,0.69260,42.7121,0.25520,0.25520
Q000009,42,21.0,exposure,1.284263,0.785820,1.098143,25.7246,0.69260,42.7121,0.25520,0.25520
Q000009,43,21.5,exposure,1.203340,0.714359,1.089411,25.7246,0.69260,42.7121,0.25520,0.25520
Q000009,44,22.0,exposure,1.136704,0.670623,1.095795,25.7246,0.69260,42.7121,0.25520,0.25520
Q000009,45,22.5,exposure,1.071539,0.627628,1.106693,25.7246,0.69260,42.7121,0.25520,0.25520
Q000009,46,23.0,exposure,1.024093,0.586898,1.120404,25.7246,0.69260,42.7121,0.25520,0.25520
Q000009,47,23.5,exposure,0.974085,0.546098,1.115328,25.7246,0.69260,42.7121,0.25520,0.25520
Q000009,48,24.0,exposure,0.930192,0.520131,1.113919,25.7246,0.69260,42.7121,0.25520,0.25520
Q000009,49,24.5,exposure,0.880521,0.491511,1.115425,25.7246,0.69260,42.7121,0.25520,0.25520
Q000009,50,25.0,exposure,0.821456,0.472337,1.115188,25.7246,0.69260,42.7121,0.25520,0.25520
Q000009,51,25.5,exposure,0.787756,0.438561,1.115826,25.7246,0.69260,42.7121,0.25520,0.25520
Q000009,52,26.0,exposure,0.753967,0.413985,1.117462,25.7246,0.69260,42.7121,0.25520,0.25520
Q000009,53,26.5,exposure,0.718918,0.396574,1.114731,25.7246,0.69260,42.7121,0.25520,0.25520
Q000009,54,27.0,exposure,0.680150,0.376801,1.117062,25.7246,0.69260,42.7121,0.25520,0.25520
Q000009,55,27.5,exposure,0.643464,0.354036,1.121652,25.7246,0.69260,42.7121,0.25520,0.25520
Q000009,56,28.0,exposure,0.610456,0.337660,1.122449,25.7246,0.69260,42.7121,0.25520,0.25520
Q000009,57,28.5,exposure,0.589373,0.330338,1.128745,25.7246,0.69260,42.7121,0.25520,0.25520
Q000009,58,29.0,exposure,0.568530,0.319877,1.127878,25.7246,0.69260,42.7121,0.25520,0.25520
Q000009,59,29.5,exposure,0.550073,0.318163,1.123705,25.7246,0.69260,42.7121,0.25520,0.25520
Q000009,60,30.0,exposure,0.540594,0.321110,1.121789,25.7246,0.69260,42.7121,0.25520,0.25520
Q000009,61,30.5,exposure,0.522192,0.319773,1.120545,25.7246,0.69260,42.7121,0.25520,0.25520
Q000009,62,31.0,exposure,0.495643,0.307770,1.121278,25.7246,0.69260,42.7121,0.25520,0.25520
Q000009,63,31.5,exposure,0.476251,0.287006,1.126084,25.7246,0.69260,42.7121,0.25520,0.25520
Q000009,64,32.0,steady,0.462714,0.276297,1.134374,25.7246,0.69260,42.7121,0.18000,0.18000
Q000009,65,32.5,steady,0.449333,0.274844,1.136532,25.7246,0.69260,42.7121,0.18000,0.18000
Q000009,66,33.0,steady,0.440990,0.270023,1.139125,25.7246,0.69260,42.7121,0.18000,0.18000
Q000009,67,33.5,steady,0.431578,0.266440,1.129286,25.7246,0.69260,42.7121,0.18000,0.18000
Q000009,68,34.0,steady,0.425204,0.271066,1.129685,25.7246,0.69260,42.7121,0.20000,0.20000
Q000009,69,34.5,steady,0.413032,0.281914,1.129503,25.7246,0.69260,42.7121,0.20000,0.20000
Q000009,70,35.0,steady,0.398889,0.280920,1.129486,25.7246,0.69260,42.7121,0.20000,0.20000
Q000009,71,35.5,steady,0.401495,0.285786,1.133729,25.7246,0.69260,42.7121,0.20000,0.20000
Q000009,72,36.0,steady,0.389017,0.285633,1.131939,25.7246,0.69260,42.7121,0.20000,0.20000
Q000009,73,36.5,steady,0.378143,0.280122,1.142904,25.7246,0.69260,42.7121,0.20000,0.20000
Q000009,74,37.0,steady,0.367899,0.278092,1.144702,25.7246,0.69260,42.7121,0.20000,0.20000
Q000009,75,37.5,steady,0.356784,0.281953,1.145581,25.7246,0.69260,42.7121,0.20000,0.20000
Q000009,76,38.0,steady,0.359533,0.286343,1.149183,25.7246,0.69260,42.7121,0.22000,0.22000
Q000009,77,38.5,steady,0.365121,0.286140,1.139973,25.7246,0.69260,42.7121,0.22000,0.22000
Q000009,78,39.0,steady,0.363903,0.277934,1.141472,25.7246,0.69260,42.7121,0.22000,0.22000
Q000009,79,39.5,steady,0.356982,0.270312,1.148862,25.7246,0.69260,42.7121,0.22000,0.22000
Q000009,80,40.0,steady,0.363929,0.275768,1.142243,25.7246,0.69260,42.7121,0.22000,0.22000
Q000009,81,40.5,steady,0.358698,0.278220,1.137862,25.7246,0.69260,42.7121,0.22000,0.22000
Q000009,82,41.0,steady,0.363884,0.275447,1.137964,25.7246,0.69260,42.7121,0.22000,0.22000
Q000009,83,41.5,steady,0.372630,0.276845,1.134654,25.7246,0.69260,42.7121,0.22000,0.22000
Q000009,84,42.0,steady,0.355349,0.280621,1.125865,25.7246,0.69260,42.7121,0.25000,0.25000
Q000009,85,42.5,steady,0.352978,0.272155,1.120319,25.7246,0.69260,42.7121,0.25000,0.25000
Q000009,86,43.0,steady,0.353262,0.273077,1.118995,25.7246,0.69260,42.7121,0.25000,0.25000
Q000009,87,43.5,steady,0.359200,0.281449,1.123048,25.7246,0.69260,42.7121,0.25000,0.25000
Q000009,88,44.0,steady,0.352956,0.277009,1.122679,25.7246,0.69260,42.7121,0.25000,0.25000
Q000009,89,44.5,steady,0.346469,0.263204,1.106837,25.7246,0.69260,42.7121,0.25000,0.25000
Q000009,90,45.0,steady,0.353667,0.263038,1.111490,25.7246,0.69260,42.7121,0.25000,0.25000
Q000009,91,45.5,steady,0.340905,0.265919,1.099917,25.7246,0.69260,42.7121,0.25000,0.25000
Q000009,92,46.0,steady,0.340145,0.273696,1.097263,25.7246,0.69260,42.7121,0.28000,0.28000
Q000009,93,46.5,steady,0.351828,0.270931,1.088049,25.7246,0.69260,42.7121,0.28000,0.28000
Q000009,94,47.0,steady,0.347852,0.257605,1.084790,25.7246,0.69260,42.7121,0.28000,0.28000
Q000009,95,47.5,steady,0.340330,0.255980,1.084243,25.7246,0.69260,42.7121,0.28000,0.28000
Q000009,96,48.0,recovery,0.342874,0.258606,1.082500,25.7246,0.69260,42.7121,0.25520,0.25520
Q000009,97,48.5,recovery,0.349159,0.244187,1.073100,25.7246,0.69260,42.7121,0.25520,0.25520
Q000009,98,49.0,recovery,0.353744,0.242973,1.063214,25.7246,0.69260,42.7121,0.25520,0.25520
Q000009,99,49.5,recovery,0.348869,0.238388,1.064904,25.7246,0.69260,42.7121,0.25520,0.25520
Q000009,100,50.0,recovery,0.361556,0.247628,1.065580,25.7246,0.69260,42.7121,0.25520,0.25520
Q000009,101,50.5,recovery,0.360714,0.246385,1.072001,25.7246,0.69260,42.7121,0.25520,0.25520
Q000009,102,51.0,recovery,0.359438,0.248959,1.067052,25.7246,0.69260,42.7121,0.25520,0.25520
Q000009,103,51.5,recovery,0.349868,0.250369,1.058311,25.7246,0.69260,42.7121,0.25520,0.25520
Q000009,104,52.0,recovery,0.347215,0.247314,1.057954,25.7246,0.69260,42.7121,0.25520,0.25520
Q000009,105,52.5,recovery,0.360149,0.248067,1.053945,25.7246,0.69260,42.7121,0.25520,0.25520
Q000009,106,53.0,recovery,0.361153,0.246815,1.053115,25.7246,0.69260,42.7121,0.25520,0.25520
Q000009,107,53.5,recovery,0.361353,0.243029,1.057649,25.7246,0.69260,42.7121,0.25520,0.25520
Q000009,108,54.0,recovery,0.363034,0.254167,1.054853,25.7246,0.69260,42.7121,0.25520,0.25520
Q000009,109,54.5,recovery,0.358068,0.248643,1.057536,25.7246,0.69260,42.7121,0.25520,0.25520
Q000009,110,55.0,recovery,0.362167,0.260033,1.064379,25.7246,0.69260,42.7121,0.25520,0.25520
Q000009,111,55.5,recovery,0.362634,0.275773,1.060731,25.7246,0.69260,42.7121,0.25520,0.25520
Q000009,112,56.0,recovery,0.376620,0.278140,1.056424,25.7246,0.69260,42.7121,0.25520,0.25520
Q000009,113,56.5,recovery,0.384895,0.276320,1.049880,25.7246,0.69260,42.7121,0.25520,0.25520
Q000009,114,57.0,recovery,0.384730,0.285750,1.033443,25.7246,0.69260,42.7121,0.25520,0.25520
Q000009,115,57.5,recovery,0.391108,0.289226,1.040763,25.7246,0.69260,42.7121,0.25520,0.25520
Q000009,116,58.0,recovery,0.395866,0.298521,1.038588,25.7246,0.69260,42.7121,0.25520,0.25520
Q000009,117,58.5,recovery,0.399493,0.316804,1.037349,25.7246,0.69260,42.7121,0.25520,0.25520
Q000009,118,59.0,recovery,0.386076,0.330180,1.030999,25.7246,0.69260,42.7121,0.25520,0.25520
Q000009,119,59.5,recovery,0.394088,0.333390,1.027303,25.7246,0.69260,42.7121,0.25520,0.25520
Q000009,120,60.0,recovery,0.402405,0.339365,1.029561,25.7246,0.69260,42.7121,0.25520,0.25520
Q000009,121,60.5,recovery,0.397310,0.349209,1.022289,25.7246,0.69260,42.7121,0.25520,0.25520
Q000009,122,61.0,recovery,0.412137,0.360030,1.016709,25.7246,0.69260,42.7121,0.25520,0.25520
Q000009,123,61.5,recovery,0.422134,0.365914,1.008770,25.7246,0.69260,42.7121,0.25520,0.25520
Q000009,124,62.0,recovery,0.438309,0.398040,1.007678,25.7246,0.69260,42.7121,0.25520,0.25520
Q000009,125,62.5,recovery,0.462136,0.413882,1.003997,25.7246,0.69260,42.7121,0.25520,0.25520
Q000009,126,63.0,recovery,0.548495,0.447073,1.006503,25.7246,0.69260,42.7121,0.25520,0.25520
Q000009,127,63.5,recovery,0.870874,0.791016,1.003416,25.7246,0.69260,42.7121,0.25520,0.25520
Q000010,0,0.0,baseline,2.488488,2.506493,1.165651,31.5881,0.47670,71.7024,0.25770,0.25770
Q000010,1,0.5,baseline,2.489015,2.502998,1.165190,31.5881,0.47670,71.7024,0.25770,0.25770
Q000010,2,1.0,baseline,2.511141,2.502152,1.168184,31.5881,0.47670,71.7024,0.25770,0.25770
Q000010,3,1.5,baseline,2.510449,2.492470,1.161301,31.5881,0.47670,71.7024,0.25770,0.25770
Q000010,4,2.0,baseline,2.494873,2.495342,1.162054,31.5881,0.47670,71.7024,0.25770,0.25770
Q000010,5,2.5,baseline,2.500046,2.499837,1.161997,31.5881,0.47670,71.7024,0.25770,0.25770
Q000010,6,3.0,baseline,2.500224,2.505454,1.155751,31.5881,0.47670,71.7024,0.25770,0.25770
Q000010,7,3.5,baseline,2.504473,2.501211,1.157209,31.5881,0.47670,71.7024,0.25770,0.25770
Q000010,8,4.0,baseline,2.506604,2.503814,1.160447,31.5881,0.47670,71.7024,0.25770,0.25770
Q000010,9,4.5,baseline,2.502712,2.505060,1.165700,31.5881,0.47670,71.7024,0.25770,0.25770
Q000010,10,5.0,baseline,2.505733,2.517831,1.164285,31.5881,0.47670,71.7024,0.25770,0.25770
Q000010,11,5.5,baseline,2.504486,2.519828,1.159214,31.5881,0.47670,71.7024,0.25770,0.25770
Q000010,12,6.0,baseline,2.510165,2.516472,1.168490,31.5881,0.47670,71.7024,0.25770,0.25770
Q000010,13,6.5,baseline,2.510708,2.512795,1.163819,31.5881,0.47670,71.7024,0.25770,0.25770
Q000010,14,7.0,baseline,2.508007,2.512450,1.162675,31.5881,0.47670,71.7024,0.25770,0.25770
Q000010,15,7.5,baseline,2.505413,2.509498,1.163375,31.5881,0.47670,71.7024,0.25770,0.25770
Q000010,16,8.0,baseline,2.504220,2.519828,1.167532,31.5881,0.47670,71.7024,0.25770,0.25770
Q000010,17,8.5,baseline,2.495525,2.531435,1.179227,31.5881,0.47670,71.7024,0.25770,0.25770
Q000010,18,9.0,baseline,2.483550,2.534848,1.171468,31.5881,0.47670,71.7024,0.25770,0.25770
Q000010,19,9.5,baseline,2.478639,2.529852,1.166887,31.5881,0.47670,71.7024,0.25770,0.25770
Q000010,20,10.0,baseline,2.475168,2.525034,1.170397,31.5881,0.47670,71.7024,0.25770,0.25770
Q000010,21,10.5,baseline,2.466971,2.511474,1.176842,31.5881,0.47670,71.7024,0.25770,0.25770
Q000010,22,11.0,baseline,2.460477,2.502414,1.182202,31.5881,0.47670,71.7024,0.25770,0.25770
Q000010,23,11.5,baseline,2.477407,2.492887,1.184405,31.5881,0.47670,71.7024,0.25770,0.25770
Q000010,24,12.0,baseline,2.472684,2.494976,1.189977,31.5881,0.47670,71.7024,0.25770,0.25770
Q000010,25,12.5,baseline,2.462866,2.490006,1.183832,31.5881,0.47670,71.7024,0.25770,0.25770
Q000010,26,13.0,baseline,2.469222,2.487959,1.184721,31.5881,0.47670,71.7024,0.25770,0.25770
Q000010,27,13.5,baseline,2.484229,2.482155,1.179635,31.5881,0.47670,71.7024,0.25770,0.25770
Q000010,28,14.0,baseline,2.483998,2.492931,1.176907,31.5881,0.47670,71.7024,0.25770,0.25770
Q000010,29,14.5,baseline,2.489481,2.485814,1.176456,31.5881,0.47670,71.7024,0.25770,0.25770
Q000010,30,15.0,baseline,2.495089,2.476857,1.168009,31.5881,0.47670,71.7024,0.25770,0.25770
Q000010,31,15.5,baseline,2.499185,2.474973,1.160796,31.5881,0.47670,71.7024,0.25770,0.25770
Q000010,32,16.0,exposure,2.429290,2.373551,1.159165,31.5881,0.47670,71.7024,0.25770,0.25770
Q000010,33,16.5,exposure,2.364350,2.261995,1.162786,31.5881,0.47670,71.7024,0.25770,0.25770
Q000010,34,17.0,exposure,2.292583,2.156189,1.174820,31.5881,0.47670,71.7024,0.25770,0.25770
Q000010,35,17.5,exposure,2.217070,2.051952,1.173067,31.5881,0.47670,71.7024,0.25770,0.25770
Q000010,36,18.0,exposure,2.147126,1.949870,1.177057,31.5881,0.47670,71.7024,0.25770,0.25770
Q000010,37,18.5,exposure,2.060199,1.850601,1.174781,31.5881,0.47670,71.7024,0.25770,0.25770
Q000010,38,19.0,exposure,1.989334,1.756947,1.174008,31.5881,0.47670,71.7024,0.25770,0.25770
Q000010,39,19.5,exposure,1.912451,1.678921,1.184774,31.5881,0.47670,71.7024,0.25770,0.25770
Q000010,40,20.0,exposure,1.843745,1.589717,1.187103,31.5881,0.47670,71.7024,0.25770,0.25770
Q000010,41,20.5,exposure,1.772916,1.513866,1.188637,31.5881,0.47670,71.7024,0.25770,0.25770
Q000010,42,21.0,exposure,1.694684,1.431411,1.190424,31.5881,0.47670,71.7024,0.25770,0.25770
Q000010,43,21.5,exposure,1.638393,1.379350,1.194063,31.5881,0.47670,71.7024,0.25770,0.25770
Q000010,44,22.0,exposure,1.573289,1.319274,1.193097,31.5881,0.47670,71.7024,0.25770,0.25770
Q000010,45,22.5,exposure,1.508517,1.266739,1.190554,31.5881,0.47670,71.7024,0.25770,0.25770
Q000010,46,23.0,exposure,1.438454,1.215681,1.190283,31.5881,0.47670,71.7024,0.25770,0.25770
Q000010,47,23.5,exposure,1.378910,1.152948,1.201005,31.5881,0.47670,71.7024,0.25770,0.25770
Q000010,48,24.0,exposure,1.320613,1.102777,1.208286,31.5881,0.47670,71.7024,0.25770,0.25770
Q000010,49,24.5,exposure,1.267030,1.060775,1.216473,31.5881,0.47670,71.7024,0.25770,0.25770
Q000010,50,25.0,exposure,1.216431,1.026904,1.223554,31.5881,0.47670,71.7024,0.25770,0.25770
Q000010,51,25.5,exposure,1.177895,0.993200,1.230387,31.5881,0.47670,71.7024,0.25770,0.25770
Q000010,52,26.0,exposure,1.124497,0.960066,1.227184,31.5881,0.47670,71.7024,0.25770,0.25770
Q000010,53,26.5,exposure,1.072140,0.927941,1.224834,31.5881,0.47670,71.7024,0.25770,0.25770
Q000010,54,27.0,exposure,1.025965,0.910211,1.227558,31.5881,0.47670,71.7024,0.25770,0.25770
Q000010,55,27.5,exposure,0.986958,0.874667,1.235100,31.5881,0.47670,71.7024,0.25770,0.25770
Q000010,56,28.0,exposure,0.953971,0.838372,1.239320,31.5881,0.47670,71.7024,0.25770,0.25770
Q000010,57,28.5,exposure,0.911567,0.808083,1.255634,31.5881,0.47670,71.7024,0.25770,0.25770
Q000010,58,29.0,exposure,0.876026,0.773292,1.255541,31.5881,0.47670,71.7024,0.25770,0.25770
Q000010,59,29.5,exposure,0.839293,0.751657,1.252118,31.5881,0.47670,71.7024,0.25770,0.25770
Q000010,60,30.0,exposure,0.811736,0.719241,1.264749,31.5881,0.47670,71.7024,0.25770,0.25770
Q000010,61,30.5,exposure,0.784818,0.685686,1.268385,31.5881,0.47670,71.7024,0.25770,0.25770
Q000010,62,31.0,exposure,0.763513,0.673390,1.274766,31.5881,0.47670,71.7024,0.25770,0.25770
Q000010,63,31.5,exposure,0.741143,0.661628,1.288601,31.5881,0.47670,71.7024,0.25770,0.25770
Q000010,64,32.0,steady,0.709746,0.644177,1.291139,31.5881,0.47670,71.7024,0.18000,0.18000
Q000010,65,32.5,steady,0.683993,0.625555,1.294739,31.5881,0.47670,71.7024,0.18000,0.18000
Q000010,66,33.0,steady,0.651099,0.611089,1.298068,31.5881,0.47670,71.7024,0.18000,0.18000
Q000010,67,33.5,steady,0.623536,0.606659,1.291154,31.5881,0.47670,71.7024,0.18000,0.18000
Q000010,68,34.0,steady,0.601101,0.589744,1.293872,31.5881,0.47670,71.7024,0.20000,0.20000
Q000010,69,34.5,steady,0.580473,0.582041,1.295684,31.5881,0.47670,71.7024,0.20000,0.20000
Q000010,70,35.0,steady,0.565865,0.583058,1.296104,31.5881,0.47670,71.7024,0.20000,0.20000
Q000010,71,35.5,steady,0.536302,0.564149,1.299808,31.5881,0.47670,71.7024,0.20000,0.20000
Q000010,72,36.0,steady,0.504613,0.552351,1.304189,31.5881,0.47670,71.7024,0.20000,0.20000
Q000010,73,36.5,steady,0.483208,0.544318,1.311530,31.5881,0.47670,71.7024,0.20000,0.20000
Q000010,74,37.0,steady,0.467166,0.536564,1.318169,31.5881,0.47670,71.7024,0.20000,0.20000
Q000010,75,37.5,steady,0.446736,0.519579,1.320860,31.5881,0.47670,71.7024,0.20000,0.20000
Q000010,76,38.0,steady,0.436044,0.503584,1.319382,31.5881,0.47670,71.7024,0.22000,0.22000
Q000010,77,38.5,steady,0.425542,0.504891,1.318370,31.5881,0.47670,71.7024,0.22000,0.22000
Q000010,78,39.0,steady,0.424202,0.497586,1.322648,31.5881,0.47670,71.7024,0.22000,0.22000
Q000010,79,39.5,steady,0.398117,0.490773,1.323176,31.5881,0.47670,71.7024,0.22000,0.22000
Q000010,80,40.0,steady,0.382986,0.482585,1.321187,31.5881,0.47670,71.7024,0.22000,0.22000
Q000010,81,40.5,steady,0.359508,0.478034,1.323031,31.5881,0.47670,71.7024,0.22000,0.22000
Q000010,82,41.0,steady,0.354993,0.475785,1.317903,31.5881,0.47670,71.7024,0.22000,0.22000
Q000010,83,41.5,steady,0.353037,0.471813,1.318151,31.5881,0.47670,71.7024,0.22000,0.22000
Q000010,84,42.0,steady,0.334852,0.472195,1.320229,31.5881,0.47670,71.7024,0.25000,0.25000
Q000010,85,42.5,steady,0.322991,0.461883,1.318053,31.5881,0.47670,71.7024,0.25000,0.25000
Q000010,86,43.0,steady,0.309257,0.462725,1.316749,31.5881,0.47670,71.7024,0.25000,0.25000
Q000010,87,43.5,steady,0.302682,0.462755,1.308317,31.5881,0.47670,71.7024,0.25000,0.25000
Q000010,88,44.0,steady,0.290107,0.471058,1.310333,31.5881,0.47670,71.7024,0.25000,0.25000
Q000010,89,44.5,steady,0.285641,0.463015,1.312582,31.5881,0.47670,71.7024,0.25000,0.25000
Q000010,90,45.0,steady,0.280509,0.457652,1.311311,31.5881,0.47670,71.7024,0.25000,0.25000
Q000010,91,45.5,steady,0.270091,0.455370,1.308436,31.5881,0.47670,71.7024,0.25000,0.25000
Q000010,92,46.0,steady,0.265059,0.445741,1.304239,31.5881,0.47670,71.7024,0.28000,0.28000
Q000010,93,46.5,steady,0.256112,0.434178,1.305482,31.5881,0.47670,71.7024,0.28000,0.28000
Q000010,94,47.0,steady,0.249133,0.428068,1.300421,31.5881,0.47670,71.7024,0.28000,0.28000
Q000010,95,47.5,steady,0.251522,0.429638,1.309522,31.5881,0.47670,71.7024,0.28000,0.28000
Q000010,96,48.0,recovery,0.254876,0.429944,1.309500,31.5881,0.47670,71.7024,0.25770,0.25770
Q000010,97,48.5,recovery,0.245396,0.441933,1.302006,31.5881,0.47670,71.7024,0.25770,0.25770
Q000010,98,49.0,recovery,0.243576,0.444375,1.299953,31.5881,0.47670,71.7024,0.25770,0.25770
Q000010,99,49.5,recovery,0.237781,0.432971,1.300077,31.5881,0.47670,71.7024,0.25770,0.25770
Q000010,100,50.0,recovery,0.236776,0.429033,1.291762,31.5881,0.47670,71.7024,0.25770,0.25770
Q000010,101,50.5,recovery,0.233323,0.427519,1.293313,31.5881,0.47670,71.7024,0.25770,0.25770
Q000010,102,51.0,recovery,0.226299,0.434884,1.297126,31.5881,0.47670,71.7024,0.25770,0.25770
Q000010,103,51.5,recovery,0.228289,0.438137,1.288928,31.5881,0.47670,71.7024,0.25770,0.25770
Q000010,104,52.0,recovery,0.231585,0.433389,1.283465,31.5881,0.47670,71.7024,0.25770,0.25770
Q000010,105,52.5,recovery,0.223327,0.432951,1.282231,31.5881,0.47670,71.7024,0.25770,0.25770
Q000010,106,53.0,recovery,0.214172,0.441765,1.273996,31.5881,0.47670,71.7024,0.25770,0.25770
Q000010,107,53.5,recovery,0.207395,0.450350,1.272265,31.5881,0.47670,71.7024,0.25770,0.25770
Q000010,108,54.0,recovery,0.210356,0.459106,1.265181,31.5881,0.47670,71.7024,0.25770,0.25770
Q000010,109,54.5,recovery,0.209913,0.463458,1.261656,31.5881,0.47670,71.7024,0.25770,0.25770
Q000010,110,55.0,recovery,0.215850,0.460126,1.257877,31.5881,0.47670,71.7024,0.25770,0.25770
Q000010,111,55.5,recovery,0.218229,0.467260,1.253389,31.5881,0.47670,71.7024,0.25770,0.25770
Q000010,112,56.0,recovery,0.210494,0.479037,1.259838,31.5881,0.47670,71.7024,0.25770,0.25770
Q000010,113,56.5,recovery,0.194262,0.483399,1.256123,31.5881,0.47670,71.7024,0.25770,0.25770
Q000010,114,57.0,recovery,0.198402,0.493272,1.251031,31.5881,0.47670,71.7024,0.25770,0.25770
Q000010,115,57.5,recovery,0.200895,0.499142,1.247671,31.5881,0.47670,71.7024,0.25770,0.25770
Q000010,116,58.0,recovery,0.193548,0.512858,1.239069,31.5881,0.47670,71.7024,0.25770,0.25770
Q000010,117,58.5,recovery,0.197377,0.511680,1.244360,31.5881,0.47670,71.7024,0.25770,0.25770
Q000010,118,59.0,recovery,0.195486,0.527138,1.237891,31.5881,0.47670,71.7024,0.25770,0.25770
Q000010,119,59.5,recovery,0.194923,0.536376,1.231450,31.5881,0.47670,71.7024,0.25770,0.25770
Q000010,120,60.0,recovery,0.192008,0.539651,1.219065,31.5881,0.47670,71.7024,0.25770,0.25770
Q000010,121,60.5,recovery,0.197461,0.557834,1.208788,31.5881,0.47670,71.7024,0.25770,0.25770
Q000010,122,61.0,recovery,0.222740,0.578312,1.203540,31.5881,0.47670,71.7024,0.25770,0.25770
Q000010,123,61.5,recovery,0.239124,0.585121,1.197430,31.5881,0.47670,71.7024,0.25770,0.25770
Q000010,124,62.0,recovery,0.271116,0.603227,1.194756,31.5881,0.47670,71.7024,0.25770,0.25770
Q000010,125,62.5,recovery,0.320551,0.620302,1.194768,31.5881,0.47670,71.7024,0.25770,0.25770
Q000010,126,63.0,recovery,0.396275,0.652888,1.179445,31.5881,0.47670,71.7024,0.25770,0.25770
Q000010,127,63.5,recovery,0.552157,0.887817,1.180377,31.5881,0.47670,71.7024,0.25770,0.25770
Q000011,0,0.0,baseline,2.496209,2.495068,1.135207,29.0914,0.12790,33.6739,0.22890,0.22890
Q000011,1,0.5,baseline,2.495926,2.486570,1.127655,29.0914,0.12790,33.6739,0.22890,0.22890
Q000011,2,1.0,baseline,2.506702,2.489698,1.121647,29.0914,0.12790,33.6739,0.22890,0.22890
Q000011,3,1.5,baseline,2.509309,2.494073,1.124845,29.0914,0.12790,33.6739,0.22890,0.22890
Q000011,4,2.0,baseline,2.514282,2.494211,1.127073,29.0914,0.12790,33.6739,0.22890,0.22890
Q000011,5,2.5,baseline,2.516062,2.501634,1.135923,29.0914,0.12790,33.6739,0.22890,0.22890
Q000011,6,3.0,baseline,2.505036,2.500486,1.138614,29.0914,0.12790,33.6739,0.22890,0.22890
Q000011,7,3.5,baseline,2.504286,2.511420,1.137126,29.0914,0.12790,33.6739,0.22890,0.22890
Q000011,8,4.0,baseline,2.496001,2.509330,1.130316,29.0914,0.12790,33.6739,0.22890,0.22890
Q000011,9,4.5,baseline,2.507391,2.508336,1.133046,29.0914,0.12790,33.6739,0.22890,0.22890
Q000011,10,5.0,baseline,2.508783,2.515688,1.126421,29.0914,0.12790,33.6739,0.22890,0.22890
Q000011,11,5.5,baseline,2.504593,2.517876,1.134920,29.0914,0.12790,33.6739,0.22890,0.22890
Q000011,12,6.0,baseline,2.508170,2.511614,1.130913,29.0914,0.12790,33.6739,0.22890,0.22890
Q000011,13,6.5,baseline,2.512759,2.508746,1.129196,29.0914,0.12790,33.6739,0.22890,0.22890
Q000011,14,7.0,baseline,2.507522,2.513982,1.135620,29.0914,0.12790,33.6739,0.22890,0.22890
Q000011,15,7.5,baseline,2.513793,2.518171,1.139454,29.0914,0.12790,33.6739,0.22890,0.22890
Q000011,16,8.0,baseline,2.510338,2.519622,1.141586,29.0914,0.12790,33.6739,0.22890,0.22890
Q000011,17,8.5,baseline,2.513006,2.525376,1.145184,29.0914,0.12790,33.6739,0.22890,0.22890
Q000011,18,9.0,baseline,2.516761,2.529945,1.138981,29.0914,0.12790,33.6739,0.22890,0.22890
Q000011,19,9.5,baseline,2.515178,2.531537,1.135283,29.0914,0.12790,33.6739,0.22890,0.22890
Q000011,20,10.0,baseline,2.509587,2.537852,1.135332,29.0914,0.12790,33.6739,0.22890,0.22890
Q000011,21,10.5,baseline,2.500374,2.543653,1.136219,29.0914,0.12790,33.6739,0.22890,0.22890
Q000011,22,11.0,baseline,2.510112,2.536025,1.135331,29.0914,0.12790,33.6739,0.22890,0.22890
Q000011,23,11.5,baseline,2.504789,2.539845,1.132480,29.0914,0.12790,33.6739,0.22890,0.22890
Q000011,24,12.0,baseline,2.510751,2.537589,1.133691,29.0914,0.12790,33.6739,0.22890,0.22890
Q000011,25,12.5,baseline,2.500437,2.538193,1.131066,29.0914,0.12790,33.6739,0.22890,0.22890
Q000011,26,13.0,baseline,2.502684,2.540221,1.132450,29.0914,0.12790,33.6739,0.22890,0.22890
Q000011,27,13.5,baseline,2.501783,2.545119,1.125737,29.0914,0.12790,33.6739,0.22890,0.22890
Q000011,28,14.0,baseline,2.505801,2.541300,1.126642,29.0914,0.12790,33.6739,0.22890,0.22890
Q000011,29,14.5,baseline,2.495987,2.545680,1.135379,29.0914,0.12790,33.6739,0.22890,0.22890
Q000011,30,15.0,baseline,2.493330,2.543372,1.135328,29.0914,0.12790,33.6739,0.22890,0.22890
Q000011,31,15.5,baseline,2.494581,2.544889,1.132279,29.0914,0.12790,33.6739,0.22890,0.22890
Q000011,32,16.0,exposure,2.470163,2.500693,1.136895,29.0914,0.12790,33.6739,0.22890,0.22890
Q000011,33,16.5,exposure,2.413846,2.427056,1.138988,29.0914,0.12790,33.6739,0.22890,0.22890
Q000011,34,17.0,exposure,2.354864,2.354469,1.141491,29.0914,0.12790,33.6739,0.22890,0.22890
Q000011,35,17.5,exposure,2.297816,2.273094,1.135300,29.0914,0.12790,33.6739,0.22890,0.22890
Q000011,36,18.0,exposure,2.223891,2.194324,1.135452,29.0914,0.12790,33.6739,0.22890,0.22890
Q000011,37,18.5,exposure,2.158946,2.120170,1.144615,29.0914,0.12790,33.6739,0.22890,0.22890
Q000011,38,19.0,exposure,2.097943,2.036529,1.153725,29.0914,0.12790,33.6739,0.22890,0.22890
Q000011,39,19.5,exposure,2.037693,1.956387,1.164889,29.0914,0.12790,33.6739,0.22890,0.22890
Q000011,40,20.0,exposure,1.982013,1.895339,1.176352,29.0914,0.12790,33.6739,0.22890,0.22890
Q000011,41,20.5,exposure,1.928625,1.821633,1.177114,29.0914,0.12790,33.6739,0.22890,0.22890
Q000011,42,21.0,exposure,1.871867,1.749736,1.186982,29.0914,0.12790,33.6739,0.22890,0.22890
Q000011,43,21.5,exposure,1.820695,1.687364,1.194821,29.0914,0.12790,33.6739,0.22890,0.22890
Q000011,44,22.0,exposure,1.781164,1.633235,1.200555,29.0914,0.12790,33.6739,0.22890,0.22890
Q000011,45,22.5,exposure,1.731191,1.576875,1.210908,29.0914,0.12790,33.6739,0.22890,0.22890
Q000011,46,23.0,exposure,1.687825,1.531574,1.219253,29.0914,0.12790,33.6739,0.22890,0.22890
Q000011,47,23.5,exposure,1.636596,1.484268,1.230884,29.0914,0.12790,33.6739,0.22890,0.22890
Q000011,48,24.0,exposure,1.589445,1.437818,1.237107,29.0914,0.12790,33.6739,0.22890,0.22890
Q000011,49,24.5,exposure,1.542959,1.392312,1.237952,29.0914,0.12790,33.6739,0.22890,0.22890
Q000011,50,25.0,exposure,1.490731,1.359894,1.247911,29.0914,0.12790,33.6739,0.22890,0.22890
Q000011,51,25.5,exposure,1.459415,1.326139,1.260095,29.0914,0.12790,33.6739,0.22890,0.22890
Q000011,52,26.0,exposure,1.412210,1.287003,1.276042,29.0914,0.12790,33.6739,0.22890,0.22890
Q000011,53,26.5,exposure,1.374921,1.244316,1.285831,29.0914,0.12790,33.6739,0.22890,0.22890
Q000011,54,27.0,exposure,1.342172,1.211764,1.292057,29.0914,0.12790,33.6739,0.22890,0.22890
Q000011,55,27.5,exposure,1.302158,1.184923,1.302735,29.0914,0.12790,33.6739,0.22890,0.22890
Q000011,56,28.0,exposure,1.267906,1.150249,1.314766,29.0914,0.12790,33.6739,0.22890,0.22890
Q000011,57,28.5,exposure,1.237975,1.127790,1.329451,29.0914,0.12790,33.6739,0.22890,0.22890
Q000011,58,29.0,exposure,1.198087,1.100824,1.340944,29.0914,0.12790,33.6739,0.22890,0.22890
Q000011,59,29.5,exposure,1.176904,1.084410,1.361438,29.0914,0.12790,33.6739,0.22890,0.22890
Q000011,60,30.0,exposure,1.146335,1.057721,1.385216,29.0914,0.12790,33.6739,0.22890,0.22890
Q000011,61,30.5,exposure,1.126249,1.033533,1.400033,29.0914,0.12790,33.6739,0.22890,0.22890
Q000011,62,31.0,exposure,1.093877,1.012282,1.406757,29.0914,0.12790,33.6739,0.22890,0.22890
Q000011,63,31.5,exposure,1.071834,0.980749,1.422320,29.0914,0.12790,33.6739,0.22890,0.22890
Q000011,64,32.0,steady,1.062497,0.965234,1.435441,29.0914,0.12790,33.6739,0.18000,0.18000
Q000011,65,32.5,steady,1.042226,0.945923,1.444634,29.0914,0.12790,33.6739,0.18000,0.18000
Q000011,66,33.0,steady,1.032032,0.929893,1.457533,29.0914,0.12790,33.6739,0.18000,0.18000
Q000011,67,33.5,steady,1.012631,0.904180,1.474287,29.0914,0.12790,33.6739,0.18000,0.18000
Q000011,68,34.0,steady,0.999888,0.890623,1.473836,29.0914,0.12790,33.6739,0.20000,0.20000
Q000011,69,34.5,steady,0.992064,0.872198,1.486682,29.0914,0.12790,33.6739,0.20000,0.20000
Q000011,70,35.0,steady,0.977683,0.877619,1.491130,29.0914,0.12790,33.6739,0.20000,0.20000
Q000011,71,35.5,steady,0.976998,0.872990,1.493033,29.0914,0.12790,33.6739,0.20000,0.20000
Q000011,72,36.0,steady,0.968487,0.857879,1.503226,29.0914,0.12790,33.6739,0.20000,0.20000
Q000011,73,36.5,steady,0.964626,0.846584,1.518964,29.0914,0.12790,33.6739,0.20000,0.20000
Q000011,74,37.0,steady,0.963208,0.836701,1.524338,29.0914,0.12790,33.6739,0.20000,0.20000
Q000011,75,37.5,steady,0.949134,0.830251,1.517159,29.0914,0.12790,33.6739,0.20000,0.20000
Q000011,76,38.0,steady,0.937393,0.822008,1.524402,29.0914,0.12790,33.6739,0.22000,0.22000
Q000011,77,38.5,steady,0.933972,0.811325,1.517831,29.0914,0.12790,33.6739,0.22000,0.22000
Q000011,78,39.0,steady,0.908059,0.812808,1.522439,29.0914,0.12790,33.6739,0.22000,0.22000
Q000011,79,39.5,steady,0.894254,0.813365,1.524178,29.0914,0.12790,33.6739,0.22000,0.22000
Q000011,80,40.0,steady,0.893632,0.809592,1.530655,29.0914,0.12790,33.6739,0.22000,0.22000
Q000011,81,40.5,steady,0.886652,0.802084,1.530007,29.0914,0.12790,33.6739,0.22000,0.22000
Q000011,82,41.0,steady,0.881631,0.805981,1.523950,29.0914,0.12790,33.6739,0.22000,0.22000
Q000011,83,41.5,steady,0.886624,0.809537,1.522855,29.0914,0.12790,33.6739,0.22000,0.22000
Q000011,84,42.0,steady,0.884512,0.806357,1.518522,29.0914,0.12790,33.6739,0.25000,0.25000
Q000011,85,42.5,steady,0.883293,0.793705,1.520910,29.0914,0.12790,33.6739,0.25000,0.25000
Q000011,86,43.0,steady,0.871221,0.782293,1.516713,29.0914,0.12790,33.6739,0.25000,0.25000
Q000011,87,43.5,steady,0.858090,0.781014,1.512945,29.0914,0.12790,33.6739,0.25000,0.25000
Q000011,88,44.0,steady,0.844888,0.777901,1.513534,29.0914,0.12790,33.6739,0.25000,0.25000
Q000011,89,44.5,steady,0.830172,0.775420,1.517950,29.0914,0.12790,33.6739,0.25000,0.25000
Q000011,90,45.0,steady,0.828373,0.768538,1.517278,29.0914,0.12790,33.6739,0.25000,0.25000
Q000011,91,45.5,steady,0.830774,0.763364,1.517054,29.0914,0.12790,33.6739,0.25000,0.25000
Q000011,92,46.0,steady,0.813569,0.755477,1.522053,29.0914,0.12790,33.6739,0.28000,0.28000
Q000011,93,46.5,steady,0.802589,0.749554,1.528938,29.0914,0.12790,33.6739,0.28000,0.28000
Q000011,94,47.0,steady,0.783603,0.752093,1.531243,29.0914,0.12790,33.6739,0.28000,0.28000
Q000011,95,47.5,steady,0.784763,0.757613,1.531356,29.0914,0.12790,33.6739,0.28000,0.28000
Q000011,96,48.0,recovery,0.803366,0.751300,1.531286,29.0914,0.12790,33.6739,0.22890,0.22890
Q000011,97,48.5,recovery,0.807276,0.746412,1.533446,29.0914,0.12790,33.6739,0.22890,0.22890
Q000011,98,49.0,recovery,0.819855,0.745620,1.534693,29.0914,0.12790,33.6739,0.22890,0.22890
Q000011,99,49.5,recovery,0.831003,0.751234,1.530461,29.0914,0.12790,33.6739,0.22890,0.22890
Q000011,100,50.0,recovery,0.842912,0.739422,1.524664,29.0914,0.12790,33.6739,0.22890,0.22890
Q000011,101,50.5,recovery,0.867308,0.737787,1.521280,29.0914,0.12790,33.6739,0.22890,0.22890
Q000011,102,51.0,recovery,0.894261,0.736639,1.513786,29.0914,0.12790,33.6739,0.22890,0.22890
Q000011,103,51.5,recovery,0.921225,0.743273,1.518678,29.0914,0.12790,33.6739,0.22890,0.22890
Q000011,104,52.0,recovery,0.933650,0.738798,1.509526,29.0914,0.12790,33.6739,0.22890,0.22890
Q000011,105,52.5,recovery,0.958189,0.752536,1.504073,29.0914,0.12790,33.6739,0.22890,0.22890
Q000011,106,53.0,recovery,0.971559,0.759667,1.495859,29.0914,0.12790,33.6739,0.22890,0.22890
Q000011,107,53.5,recovery,0.980710,0.776099,1.501004,29.0914,0.12790,33.6739,0.22890,0.22890
Q000011,108,54.0,recovery,1.008360,0.773807,1.495308,29.0914,0.12790,33.6739,0.22890,0.22890
Q000011,109,54.5,recovery,1.025214,0.780777,1.487217,29.0914,0.12790,33.6739,0.22890,0.22890
Q000011,110,55.0,recovery,1.051731,0.781686,1.473693,29.0914,0.12790,33.6739,0.22890,0.22890
Q000011,111,55.5,recovery,1.083163,0.787102,1.470304,29.0914,0.12790,33.6739,0.22890,0.22890
Q000011,112,56.0,recovery,1.104267,0.806452,1.461901,29.0914,0.12790,33.6739,0.22890,0.22890
Q000011,113,56.5,recovery,1.129287,0.817168,1.452865,29.0914,0.12790,33.6739,0.22890,0.22890
Q000011,114,57.0,recovery,1.148020,0.817763,1.440906,29.0914,0.12790,33.6739,0.22890,0.22890
Q000011,115,57.5,recovery,1.189739,0.825743,1.438044,29.0914,0.12790,33.6739,0.22890,0.22890
Q000011,116,58.0,recovery,1.211237,0.833891,1.430272,29.0914,0.12790,33.6739,0.22890,0.22890
Q000011,117,58.5,recovery,1.246498,0.847970,1.424879,29.0914,0.12790,33.6739,0.22890,0.22890
Q000011,118,59.0,recovery,1.270400,0.863281,1.415510,29.0914,0.12790,33.6739,0.22890,0.22890
Q000011,119,59.5,recovery,1.302562,0.883797,1.405575,29.0914,0.12790,33.6739,0.22890,0.22890
Q000011,120,60.0,recovery,1.353526,0.897404,1.390698,29.0914,0.12790,33.6739,0.22890,0.22890
Q000011,121,60.5,recovery,1.386136,0.917584,1.384187,29.0914,0.12790,33.6739,0.22890,0.22890
Q000011,122,61.0,recovery,1.436640,0.955629,1.367439,29.0914,0.12790,33.6739,0.22890,0.22890
Q000011,123,61.5,recovery,1.489508,0.985687,1.358172,29.0914,0.12790,33.6739,0.22890,0.22890
Q000011,124,62.0,recovery,1.532044,1.028950,1.343652,29.0914,0.12790,33.6739,0.22890,0.22890
Q000011,125,62.5,recovery,1.607153,1.087484,1.329571,29.0914,0.12790,33.6739,0.22890,0.22890
Q000011,126,63.0,recovery,1.685013,1.166270,1.313128,29.0914,0.12790,33.6739,0.22890,0.22890
Q000011,127,63.5,recovery,1.822380,1.341088,1.304719,29.0914,0.12790,33.6739,0.22890,0.22890
Q000012,0,0.0,baseline,2.494285,2.502442,1.054994,16.5958,0.24180,26.0601,0.22780,0.22780
Q000012,1,0.5,baseline,2.490824,2.485040,1.049946,16.5958,0.24180,26.0601,0.22780,0.22780
Q000012,2,1.0,baseline,2.486539,2.500353,1.044207,16.5958,0.24180,26.0601,0.22780,0.22780
Q000012,3,1.5,baseline,2.494102,2.498914,1.043192,16.5958,0.24180,26.0601,0.22780,0.22780
Q000012,4,2.0,baseline,2.492361,2.498706,1.046300,16.5958,0.24180,26.0601,0.22780,0.22780
Q000012,5,2.5,baseline,2.494811,2.492224,1.042987,16.5958,0.24180,26.0601,0.22780,0.22780
Q000012,6,3.0,baseline,2.490848,2.496047,1.044199,16.5958,0.24180,26.0601,0.22780,0.22780
Q000012,7,3.5,baseline,2.483127,2.494474,1.038639,16.5958,0.24180,26.0601,0.22780,0.22780
Q000012,8,4.0,baseline,2.481001,2.489956,1.041180,16.5958,0.24180,26.0601,0.22780,0.22780
Q000012,9,4.5,baseline,2.484245,2.493750,1.038383,16.5958,0.24180,26.0601,0.22780,0.22780
Q000012,10,5.0,baseline,2.487927,2.491873,1.039304,16.5958,0.24180,26.0601,0.22780,0.22780
Q000012,11,5.5,baseline,2.493284,2.489635,1.047414,16.5958,0.24180,26.0601,0.22780,0.22780
Q000012,12,6.0,baseline,2.493170,2.490536,1.049907,16.5958,0.24180,26.0601,0.22780,0.22780
Q000012,13,6.5,baseline,2.505700,2.494026,1.052320,16.5958,0.24180,26.0601,0.22780,0.22780
Q000012,14,7.0,baseline,2.508214,2.493254,1.064316,16.5958,0.24180,26.0601,0.22780,0.22780
Q000012,15,7.5,baseline,2.504263,2.489662,1.056678,16.5958,0.24180,26.0601,0.22780,0.22780
Q000012,16,8.0,baseline,2.499779,2.482963,1.053746,16.5958,0.24180,26.0601,0.22780,0.22780
Q000012,17,8.5,baseline,2.497187,2.478726,1.056209,16.5958,0.24180,26.0601,0.22780,0.22780
Q000012,18,9.0,baseline,2.491630,2.476419,1.057502,16.5958,0.24180,26.0601,0.22780,0.22780
Q000012,19,9.5,baseline,2.490419,2.473178,1.057409,16.5958,0.24180,26.0601,0.22780,0.22780
Q000012,20,10.0,baseline,2.494959,2.473230,1.050312,16.5958,0.24180,26.0601,0.22780,0.22780
Q000012,21,10.5,baseline,2.487687,2.459869,1.057970,16.5958,0.24180,26.0601,0.22780,0.22780
Q000012,22,11.0,baseline,2.479063,2.456530,1.053037,16.5958,0.24180,26.0601,0.22780,0.22780
Q000012,23,11.5,baseline,2.478828,2.459361,1.059958,16.5958,0.24180,26.0601,0.22780,0.22780
Q000012,24,12.0,baseline,2.475905,2.471830,1.052423,16.5958,0.24180,26.0601,0.22780,0.22780
Q000012,25,12.5,baseline,2.488279,2.476040,1.058430,16.5958,0.24180,26.0601,0.22780,0.22780
Q000012,26,13.0,baseline,2.491047,2.464241,1.051825,16.5958,0.24180,26.0601,0.22780,0.22780
Q000012,27,13.5,baseline,2.487812,2.471346,1.044422,16.5958,0.24180,26.0601,0.22780,0.22780
Q000012,28,14.0,baseline,2.499315,2.465996,1.050761,16.5958,0.24180,26.0601,0.22780,0.22780
Q000012,29,14.5,baseline,2.498195,2.474693,1.054590,16.5958,0.24180,26.0601,0.22780,0.22780
Q000012,30,15.0,baseline,2.506861,2.468395,1.059535,16.5958,0.24180,26.0601,0.22780,0.22780
Q000012,31,15.5,baseline,2.508996,2.467349,1.066832,16.5958,0.24180,26.0601,0.22780,0.22780
Q000012,32,16.0,exposure,2.429095,2.359325,1.070112,16.5958,0.24180,26.0601,0.22780,0.22780
Q000012,33,16.5,exposure,2.344810,2.251484,1.069204,16.5958,0.24180,26.0601,0.22780,0.22780
Q000012,34,17.0,exposure,2.249896,2.152978,1.076025,16.5958,0.24180,26.0601,0.22780,0.22780
Q000012,35,17.5,exposure,2.152522,2.061186,1.079485,16.5958,0.24180,26.0601,0.22780,0.22780
Q000012,36,18.0,exposure,2.052926,1.958989,1.082503,16.5958,0.24180,26.0601,0.22780,0.22780
Q000012,37,18.5,exposure,1.963053,1.875146,1.084571,16.5958,0.24180,26.0601,0.22780,0.22780
Q000012,38,19.0,exposure,1.864341,1.786352,1.090635,16.5958,0.24180,26.0601,0.22780,0.22780
Q000012,39,19.5,exposure,1.778956,1.710045,1.094855,16.5958,0.24180,26.0601,0.22780,0.22780
Q000012,40,20.0,exposure,1.695622,1.625857,1.104833,16.5958,0.24180,26.0601,0.22780,0.22780
Q000012,41,20.5,exposure,1.611844,1.563348,1.124386,16.5958,0.24180,26.0601,0.22780,0.22780
Q000012,42,21.0,exposure,1.530425,1.493035,1.134998,16.5958,0.24180,26.0601,0.22780,0.22780
Q000012,43,21.5,exposure,1.462008,1.435961,1.152452,16.5958,0.24180,26.0601,0.22780,0.22780
Q000012,44,22.0,exposure,1.392956,1.373335,1.157242,16.5958,0.24180,26.0601,0.22780,0.22780
Q000012,45,22.5,exposure,1.339118,1.314726,1.165029,16.5958,0.24180,26.0601,0.22780,0.22780
Q000012,46,23.0,exposure,1.280425,1.254792,1.178491,16.5958,0.24180,26.0601,0.22780,0.22780
Q000012,47,23.5,exposure,1.213740,1.205917,1.186569,16.5958,0.24180,26.0601,0.22780,0.22780
Q000012,48,24.0,exposure,1.150410,1.159233,1.195290,16.5958,0.24180,26.0601,0.22780,0.22780
Q000012,49,24.5,exposure,1.107635,1.118042,1.215772,16.5958,0.24180,26.0601,0.22780,0.22780
Q000012,50,25.0,exposure,1.051616,1.078989,1.230063,16.5958,0.24180,26.0601,0.22780,0.22780
Q000012,51,25.5,exposure,1.002183,1.032435,1.234391,16.5958,0.24180,26.0601,0.22780,0.22780
Q000012,52,26.0,exposure,0.955813,0.999077,1.238918,16.5958,0.24180,26.0601,0.22780,0.22780
Q000012,53,26.5,exposure,0.915617,0.968871,1.250218,16.5958,0.24180,26.0601,0.22780,0.22780
Q000012,54,27.0,exposure,0.867372,0.936258,1.268607,16.5958,0.24180,26.0601,0.22780,0.22780
Q000012,55,27.5,exposure,0.847560,0.908307,1.278550,16.5958,0.24180,26.0601,0.22780,0.22780
Q000012,56,28.0,exposure,0.816277,0.882211,1.292764,16.5958,0.24180,26.0601,0.22780,0.22780
Q000012,57,28.5,exposure,0.781047,0.849485,1.309307,16.5958,0.24180,26.0601,0.22780,0.22780
Q000012,58,29.0,exposure,0.750689,0.824713,1.313162,16.5958,0.24180,26.0601,0.22780,0.22780
Q000012,59,29.5,exposure,0.709244,0.799808,1.322820,16.5958,0.24180,26.0601,0.22780,0.22780
Q000012,60,30.0,exposure,0.678309,0.772542,1.331808,16.5958,0.24180,26.0601,0.22780,0.22780
Q000012,61,30.5,exposure,0.636319,0.752302,1.348512,16.5958,0.24180,26.0601,0.22780,0.22780
Q000012,62,31.0,exposure,0.616452,0.726015,1.352620,16.5958,0.24180,26.0601,0.22780,0.22780
Q000012,63,31.5,exposure,0.589789,0.699011,1.364720,16.5958,0.24180,26.0601,0.22780,0.22780
Q000012,64,32.0,steady,0.574346,0.686180,1.373092,16.5958,0.24180,26.0601,0.18000,0.18000
Q000012,65,32.5,steady,0.573263,0.666516,1.377064,16.5958,0.24180,26.0601,0.18000,0.18000
Q000012,66,33.0,steady,0.565907,0.653002,1.373685,16.5958,0.24180,26.0601,0.18000,0.18000
Q000012,67,33.5,steady,0.566684,0.655233,1.383494,16.5958,0.24180,26.0601,0.18000,0.18000
Q000012,68,34.0,steady,0.571050,0.651685,1.392845,16.5958,0.24180,26.0601,0.20000,0.20000
Q000012,69,34.5,steady,0.553493,0.638365,1.406258,16.5958,0.24180,26.0601,0.20000,0.20000
Q000012,70,35.0,steady,0.549075,0.622714,1.415263,16.5958,0.24180,26.0601,0.20000,0.20000
Q000012,71,35.5,steady,0.550181,0.610272,1.416126,16.5958,0.24180,26.0601,0.20000,0.20000
Q000012,72,36.0,steady,0.546808,0.595390,1.418453,16.5958,0.24180,26.0601,0.20000,0.20000
Q000012,73,36.5,steady,0.540612,0.582808,1.422726,16.5958,0.24180,26.0601,0.20000,0.20000
Q000012,74,37.0,steady,0.528374,0.571548,1.419058,16.5958,0.24180,26.0601,0.20000,0.20000
Q000012,75,37.5,steady,0.529095,0.570996,1.419694,16.5958,0.24180,26.0601,0.20000,0.20000
Q000012,76,38.0,steady,0.516243,0.569083,1.422343,16.5958,0.24180,26.0601,0.22000,0.22000
Q000012,77,38.5,steady,0.510825,0.556612,1.425052,16.5958,0.24180,26.0601,0.22000,0.22000
Q000012,78,39.0,steady,0.504827,0.545694,1.426457,16.5958,0.24180,26.0601,0.22000,0.22000
Q000012,79,39.5,steady,0.499712,0.544596,1.437216,16.5958,0.24180,26.0601,0.22000,0.22000
Q000012,80,40.0,steady,0.488905,0.538842,1.430410,16.5958,0.24180,26.0601,0.22000,0.22000
Q000012,81,40.5,steady,0.473288,0.532030,1.424519,16.5958,0.24180,26.0601,0.22000,0.22000
Q000012,82,41.0,steady,0.468237,0.521518,1.425985,16.5958,0.24180,26.0601,0.22000,0.22000
Q000012,83,41.5,steady,0.464880,0.519659,1.428764,16.5958,0.24180,26.0601,0.22000,0.22000
Q000012,84,42.0,steady,0.458282,0.517927,1.426558,16.5958,0.24180,26.0601,0.25000,0.25000
Q000012,85,42.5,steady,0.450979,0.512154,1.421371,16.5958,0.24180,26.0601,0.25000,0.25000
Q000012,86,43.0,steady,0.442105,0.511287,1.421688,16.5958,0.24180,26.0601,0.25000,0.25000
Q000012,87,43.5,steady,0.440808,0.509254,1.424004,16.5958,0.24180,26.0601,0.25000,0.25000
Q000012,88,44.0,steady,0.437092,0.507803,1.419166,16.5958,0.24180,26.0601,0.25000,0.25000
Q000012,89,44.5,steady,0.433635,0.508746,1.425526,16.5958,0.24180,26.0601,0.25000,0.25000
Q000012,90,45.0,steady,0.431738,0.510174,1.424917,16.5958,0.24180,26.0601,0.25000,0.25000
Q000012,91,45.5,steady,0.437051,0.509592,1.437686,16.5958,0.24180,26.0601,0.25000,0.25000
Q000012,92,46.0,steady,0.430002,0.508586,1.436616,16.5958,0.24180,26.0601,0.28000,0.28000
Q000012,93,46.5,steady,0.436296,0.514279,1.437093,16.5958,0.24180,26.0601,0.28000,0.28000
Q000012,94,47.0,steady,0.430909,0.519407,1.434560,16.5958,0.24180,26.0601,0.28000,0.28000
Q000012,95,47.5,steady,0.412451,0.519428,1.438220,16.5958,0.24180,26.0601,0.28000,0.28000
Q000012,96,48.0,recovery,0.415734,0.518555,1.445364,16.5958,0.24180,26.0601,0.22780,0.22780
Q000012,97,48.5,recovery,0.425169,0.527041,1.443012,16.5958,0.24180,26.0601,0.22780,0.22780
Q000012,98,49.0,recovery,0.433733,0.526368,1.437012,16.5958,0.24180,26.0601,0.22780,0.22780
Q000012,99,49.5,recovery,0.440372,0.533851,1.431444,16.5958,0.24180,26.0601,0.22780,0.22780
Q000012,100,50.0,recovery,0.454964,0.529497,1.425481,16.5958,0.24180,26.0601,0.22780,0.22780
Q000012,101,50.5,recovery,0.473740,0.530433,1.419856,16.5958,0.24180,26.0601,0.22780,0.22780
Q000012,102,51.0,recovery,0.476447,0.528371,1.415745,16.5958,0.24180,26.0601,0.22780,0.22780
Q000012,103,51.5,recovery,0.474565,0.530467,1.417462,16.5958,0.24180,26.0601,0.22780,0.22780
Q000012,104,52.0,recovery,0.487625,0.544351,1.405060,16.5958,0.24180,26.0601,0.22780,0.22780
Q000012,105,52.5,recovery,0.495644,0.551170,1.398530,16.5958,0.24180,26.0601,0.22780,0.22780
Q000012,106,53.0,recovery,0.512527,0.540736,1.391657,16.5958,0.24180,26.0601,0.22780,0.22780
Q000012,107,53.5,recovery,0.533965,0.544947,1.386469,16.5958,0.24180,26.0601,0.22780,0.22780
Q000012,108,54.0,recovery,0.560203,0.551654,1.375396,16.5958,0.24180,26.0601,0.22780,0.22780
Q000012,109,54.5,recovery,0.578329,0.547658,1.367014,16.5958,0.24180,26.0601,0.22780,0.22780
Q000012,110,55.0,recovery,0.600942,0.556382,1.356137,16.5958,0.24180,26.0601,0.22780,0.22780
Q000012,111,55.5,recovery,0.628236,0.556214,1.356550,16.5958,0.24180,26.0601,0.22780,0.22780
Q000012,112,56.0,recovery,0.658478,0.562385,1.351003,16.5958,0.24180,26.0601,0.22780,0.22780
Q000012,113,56.5,recovery,0.683811,0.565775,1.340654,16.5958,0.24180,26.0601,0.22780,0.22780
Q000012,114,57.0,recovery,0.725393,0.552616,1.327833,16.5958,0.24180,26.0601,0.22780,0.22780
Q000012,115,57.5,recovery,0.735015,0.559925,1.306947,16.5958,0.24180,26.0601,0.22780,0.22780
Q000012,116,58.0,recovery,0.761790,0.565167,1.294617,16.5958,0.24180,26.0601,0.22780,0.22780
Q000012,117,58.5,recovery,0.790877,0.567289,1.289612,16.5958,0.24180,26.0601,0.22780,0.22780
Q000012,118,59.0,recovery,0.826928,0.567995,1.274755,16.5958,0.24180,26.0601,0.22780,0.22780
Q000012,119,59.5,recovery,0.863548,0.581459,1.270586,16.5958,0.24180,26.0601,0.22780,0.22780
Q000012,120,60.0,recovery,0.903789,0.598355,1.259968,16.5958,0.24180,26.0601,0.22780,0.22780
Q000012,121,60.5,recovery,0.940258,0.603355,1.247251,16.5958,0.24180,26.0601,0.22780,0.22780
Q000012,122,61.0,recovery,0.977851,0.618386,1.235130,16.5958,0.24180,26.0601,0.22780,0.22780
Q000012,123,61.5,recovery,1.035887,0.640690,1.219844,16.5958,0.24180,26.0601,0.22780,0.22780
Q000012,124,62.0,recovery,1.092478,0.645716,1.222476,16.5958,0.24180,26.0601,0.22780,0.22780
Q000012,125,62.5,recovery,1.156787,0.665631,1.209710,16.5958,0.24180,26.0601,0.22780,0.22780
Q000012,126,63.0,recovery,1.229888,0.703122,1.203972,16.5958,0.24180,26.0601,0.22780,0.22780
Q000012,127,63.5,recovery,1.355589,0.915592,1.191901,16.5958,0.24180,26.0601,0.22780,0.22780
Q000013,0,0.0,baseline,2.488864,2.486241,1.124867,27.7137,0.32220,42.2109,0.22100,0.22100
Q000013,1,0.5,baseline,2.489847,2.482669,1.125487,27.7137,0.32220,42.2109,0.22100,0.22100
Q000013,2,1.0,baseline,2.488422,2.476787,1.114859,27.7137,0.32220,42.2109,0.22100,0.22100
Q000013,3,1.5,baseline,2.498572,2.484554,1.113441,27.7137,0.32220,42.2109,0.22100,0.22100
Q000013,4,2.0,baseline,2.492537,2.491320,1.117342,27.7137,0.32220,42.2109,0.22100,0.22100
Q000013,5,2.5,baseline,2.485300,2.484340,1.118105,27.7137,0.32220,42.2109,0.22100,0.22100
Q000013,6,3.0,baseline,2.495303,2.488494,1.119168,27.7137,0.32220,42.2109,0.22100,0.22100
Q000013,7,3.5,baseline,2.496809,2.481165,1.120046,27.7137,0.32220,42.2109,0.22100,0.22100
Q000013,8,4.0,baseline,2.490642,2.485043,1.117996,27.7137,0.32220,42.2109,0.22100,0.22100
Q000013,9,4.5,baseline,2.486008,2.484741,1.121044,27.7137,0.32220,42.2109,0.22100,0.22100
Q000013,10,5.0,baseline,2.487795,2.485167,1.125753,27.7137,0.32220,42.2109,0.22100,0.22100
Q000013,11,5.5,baseline,2.487549,2.472021,1.121420,27.7137,0.32220,42.2109,0.22100,0.22100
Q000013,12,6.0,baseline,2.491570,2.477317,1.119954,27.7137,0.32220,42.2109,0.22100,0.22100
Q000013,13,6.5,baseline,2.494995,2.480995,1.117435,27.7137,0.32220,42.2109,0.22100,0.22100
Q000013,14,7.0,baseline,2.488183,2.475337,1.119501,27.7137,0.32220,42.2109,0.22100,0.22100
Q000013,15,7.5,baseline,2.490146,2.475343,1.119418,27.7137,0.32220,42.2109,0.22100,0.22100
Q000013,16,8.0,baseline,2.481393,2.480116,1.126885,27.7137,0.32220,42.2109,0.22100,0.22100
Q000013,17,8.5,baseline,2.481611,2.480133,1.128648,27.7137,0.32220,42.2109,0.22100,0.22100
Q000013,18,9.0,baseline,2.486361,2.480014,1.124205,27.7137,0.32220,42.2109,0.22100,0.22100
Q000013,19,9.5,baseline,2.487245,2.485247,1.123922,27.7137,0.32220,42.2109,0.22100,0.22100
Q000013,20,10.0,baseline,2.493491,2.486526,1.127704,27.7137,0.32220,42.2109,0.22100,0.22100
Q000013,21,10.5,baseline,2.495819,2.493741,1.127082,27.7137,0.32220,42.2109,0.22100,0.22100
Q000013,22,11.0,baseline,2.488105,2.490435,1.128003,27.7137,0.32220,42.2109,0.22100,0.22100
Q000013,23,11.5,baseline,2.496319,2.495803,1.128125,27.7137,0.32220,42.2109,0.22100,0.22100
Q000013,24,12.0,baseline,2.490600,2.490016,1.124308,27.7137,0.32220,42.2109,0.22100,0.22100
Q000013,25,12.5,baseline,2.489749,2.496049,1.122271,27.7137,0.32220,42.2109,0.22100,0.22100
Q000013,26,13.0,baseline,2.481045,2.493949,1.126601,27.7137,0.32220,42.2109,0.22100,0.22100
Q000013,27,13.5,baseline,2.486701,2.490610,1.128181,27.7137,0.32220,42.2109,0.22100,0.22100
Q000013,28,14.0,baseline,2.495560,2.481319,1.130927,27.7137,0.32220,42.2109,0.22100,0.22100
Q000013,29,14.5,baseline,2.488289,2.482540,1.127442,27.7137,0.32220,42.2109,0.22100,0.22100
Q000013,30,15.0,baseline,2.494977,2.484825,1.122942,27.7137,0.32220,42.2109,0.22100,0.22100
Q000013,31,15.5,baseline,2.506296,2.488992,1.116451,27.7137,0.32220,42.2109,0.22100,0.22100
Q000013,32,16.0,exposure,2.464820,2.294668,1.122559,27.7137,0.32220,42.2109,0.22100,0.22100
Q000013,33,16.5,exposure,2.410942,2.114558,1.113416,27.7137,0.32220,42.2109,0.22100,0.22100
Q000013,34,17.0,exposure,2.340920,1.952276,1.111295,27.7137,0.32220,42.2109,0.22100,0.22100
Q000013,35,17.5,exposure,2.262829,1.793983,1.123778,27.7137,0.32220,42.2109,0.22100,0.22100
Q000013,36,18.0,exposure,2.202493,1.651070,1.124228,27.7137,0.32220,42.2109,0.22100,0.22100
Q000013,37,18.5,exposure,2.124994,1.527579,1.133318,27.7137,0.32220,42.2109,0.22100,0.22100
Q000013,38,19.0,exposure,2.049805,1.412414,1.133753,27.7137,0.32220,42.2109,0.22100,0.22100
Q000013,39,19.5,exposure,1.971203,1.325314,1.138583,27.7137,0.32220,42.2109,0.22100,0.22100
Q000013,40,20.0,exposure,1.890118,1.230619,1.141988,27.7137,0.32220,42.2109,0.22100,0.22100
Q000013,41,20.5,exposure,1.820959,1.151733,1.151578,27.7137,0.32220,42.2109,0.22100,0.22100
Q000013,42,21.0,exposure,1.743020,1.071576,1.152230,27.7137,0.32220,42.2109,0.22100,0.22100
Q000013,43,21.5,exposure,1.667622,1.011761,1.151969,27.7137,0.32220,42.2109,0.22100,0.22100
Q000013,44,22.0,exposure,1.597246,0.960425,1.156182,27.7137,0.32220,42.2109,0.22100,0.22100
Q000013,45,22.5,exposure,1.538828,0.908469,1.171312,27.7137,0.32220,42.2109,0.22100,0.22100
Q000013,46,23.0,exposure,1.488416,0.856027,1.176911,27.7137,0.32220,42.2109,0.22100,0.22100
Q000013,47,23.5,exposure,1.421035,0.813560,1.178230,27.7137,0.32220,42.2109,0.22100,0.22100
Q000013,48,24.0,exposure,1.366746,0.773382,1.181777,27.7137,0.32220,42.2109,0.22100,0.22100
Q000013,49,24.5,exposure,1.311669,0.731326,1.195118,27.7137,0.32220,42.2109,0.22100,0.22100
Q000013,50,25.0,exposure,1.253470,0.707879,1.198962,27.7137,0.32220,42.2109,0.22100,0.22100
Q000013,51,25.5,exposure,1.195579,0.687085,1.210828,27.7137,0.32220,42.2109,0.22100,0.22100
Q000013,52,26.0,exposure,1.145820,0.665771,1.219243,27.7137,0.32220,42.2109,0.22100,0.22100
Q000013,53,26.5,exposure,1.081919,0.647048,1.221057,27.7137,0.32220,42.2109,0.22100,0.22100
Q000013,54,27.0,exposure,1.030499,0.620332,1.227271,27.7137,0.32220,42.2109,0.22100,0.22100
Q000013,55,27.5,exposure,0.991530,0.595033,1.240768,27.7137,0.32220,42.2109,0.22100,0.22100
Q000013,56,28.0,exposure,0.944453,0.580997,1.249376,27.7137,0.32220,42.2109,0.22100,0.22100
Q000013,57,28.5,exposure,0.899479,0.560620,1.261211,27.7137,0.32220,42.2109,0.22100,0.22100
Q000013,58,29.0,exposure,0.863200,0.543722,1.272270,27.7137,0.32220,42.2109,0.22100,0.22100
Q000013,59,29.5,exposure,0.816682,0.522717,1.280702,27.7137,0.32220,42.2109,0.22100,0.22100
Q000013,60,30.0,exposure,0.782645,0.514573,1.291086,27.7137,0.32220,42.2109,0.22100,0.22100
Q000013,61,30.5,exposure,0.746925,0.497285,1.295988,27.7137,0.32220,42.2109,0.22100,0.22100
Q000013,62,31.0,exposure,0.712557,0.495918,1.305129,27.7137,0.32220,42.2109,0.22100,0.22100
Q000013,63,31.5,exposure,0.679530,0.494057,1.307702,27.7137,0.32220,42.2109,0.22100,0.22100
Q000013,64,32.0,steady,0.659363,0.489011,1.322156,27.7137,0.32220,42.2109,0.18000,0.18000
Q000013,65,32.5,steady,0.635033,0.477508,1.329593,27.7137,0.32220,42.2109,0.18000,0.18000
Q000013,66,33.0,steady,0.600764,0.469262,1.338465,27.7137,0.32220,42.2109,0.18000,0.18000
Q000013,67,33.5,steady,0.586305,0.468506,1.350912,27.7137,0.32220,42.2109,0.18000,0.18000
Q000013,68,34.0,steady,0.567503,0.476958,1.357595,27.7137,0.32220,42.2109,0.20000,0.20000
Q000013,69,34.5,steady,0.541999,0.475686,1.357452,27.7137,0.32220,42.2109,0.20000,0.20000
Q000013,70,35.0,steady,0.523957,0.472994,1.358616,27.7137,0.32220,42.2109,0.20000,0.20000
Q000013,71,35.5,steady,0.513917,0.461015,1.360533,27.7137,0.32220,42.2109,0.20000,0.20000
Q000013,72,36.0,steady,0.499144,0.466082,1.359807,27.7137,0.32220,42.2109,0.20000,0.20000
Q000013,73,36.5,steady,0.490972,0.467677,1.369421,27.7137,0.32220,42.2109,0.20000,0.20000
Q000013,74,37.0,steady,0.467193,0.455127,1.374959,27.7137,0.32220,42.2109,0.20000,0.20000
Q000013,75,37.5,steady,0.461213,0.438223,1.383534,27.7137,0.32220,42.2109,0.20000,0.20000
Q000013,76,38.0,steady,0.449697,0.438142,1.391136,27.7137,0.32220,42.2109,0.22000,0.22000
Q000013,77,38.5,steady,0.430231,0.431194,1.388896,27.7137,0.32220,42.2109,0.22000,0.22000
Q000013,78,39.0,steady,0.410969,0.432694,1.395789,27.7137,0.32220,42.2109,0.22000,0.22000
Q000013,79,39.5,steady,0.399764,0.431050,1.394452,27.7137,0.32220,42.2109,0.22000,0.22000
Q000013,80,40.0,steady,0.390707,0.428766,1.396882,27.7137,0.32220,42.2109,0.22000,0.22000
Q000013,81,40.5,steady,0.378653,0.421829,1.395424,27.7137,0.32220,42.2109,0.22000,0.22000
Q000013,82,41.0,steady,0.372916,0.427098,1.400738,27.7137,0.32220,42.2109,0.22000,0.22000
Q000013,83,41.5,steady,0.356959,0.418282,1.398795,27.7137,0.32220,42.2109,0.22000,0.22000
Q000013,84,42.0,steady,0.326885,0.421288,1.398099,27.7137,0.32220,42.2109,0.25000,0.25000
Q000013,85,42.5,steady,0.314056,0.424821,1.411334,27.7137,0.32220,42.2109,0.25000,0.25000
Q000013,86,43.0,steady,0.317925,0.423118,1.410389,27.7137,0.32220,42.2109,0.25000,0.25000
Q000013,87,43.5,steady,0.310939,0.407014,1.405339,27.7137,0.32220,42.2109,0.25000,0.25000
Q000013,88,44.0,steady,0.308254,0.421798,1.408390,27.7137,0.32220,42.2109,0.25000,0.25000
Q000013,89,44.5,steady,0.301307,0.416333,1.413884,27.7137,0.32220,42.2109,0.25000,0.25000
Q000013,90,45.0,steady,0.296467,0.419710,1.412102,27.7137,0.32220,42.2109,0.25000,0.25000
Q000013,91,45.5,steady,0.291431,0.413097,1.410748,27.7137,0.32220,42.2109,0.25000,0.25000
Q000013,92,46.0,steady,0.294224,0.399919,1.402276,27.7137,0.32220,42.2109,0.28000,0.28000
Q000013,93,46.5,steady,0.286154,0.398560,1.411961,27.7137,0.32220,42.2109,0.28000,0.28000
Q000013,94,47.0,steady,0.270288,0.399365,1.409881,27.7137,0.32220,42.2109,0.28000,0.28000
Q000013,95,47.5,steady,0.264567,0.394854,1.417497,27.7137,0.32220,42.2109,0.28000,0.28000
Q000013,96,48.0,recovery,0.255494,0.391904,1.416368,27.7137,0.32220,42.2109,0.22100,0.22100
Q000013,97,48.5,recovery,0.244222,0.396246,1.411960,27.7137,0.32220,42.2109,0.22100,0.22100
Q000013,98,49.0,recovery,0.242699,0.397784,1.403101,27.7137,0.32220,42.2109,0.22100,0.22100
Q000013,99,49.5,recovery,0.234134,0.391821,1.405312,27.7137,0.32220,42.2109,0.22100,0.22100
Q000013,100,50.0,recovery,0.228854,0.401553,1.405886,27.7137,0.32220,42.2109,0.22100,0.22100
Q000013,101,50.5,recovery,0.225443,0.403031,1.395402,27.7137,0.32220,42.2109,0.22100,0.22100
Q000013,102,51.0,recovery,0.224364,0.397318,1.390392,27.7137,0.32220,42.2109,0.22100,0.22100
Q000013,103,51.5,recovery,0.220270,0.397861,1.386179,27.7137,0.32220,42.2109,0.22100,0.22100
Q000013,104,52.0,recovery,0.225478,0.401361,1.384394,27.7137,0.32220,42.2109,0.22100,0.22100
Q000013,105,52.5,recovery,0.220210,0.403032,1.371866,27.7137,0.32220,42.2109,0.22100,0.22100
Q000013,106,53.0,recovery,0.229891,0.395196,1.369570,27.7137,0.32220,42.2109,0.22100,0.22100
Q000013,107,53.5,recovery,0.237556,0.386307,1.363950,27.7137,0.32220,42.2109,0.22100,0.22100
Q000013,108,54.0,recovery,0.243316,0.392896,1.354560,27.7137,0.32220,42.2109,0.22100,0.22100
Q000013,109,54.5,recovery,0.258708,0.409173,1.349552,27.7137,0.32220,42.2109,0.22100,0.22100
Q000013,110,55.0,recovery,0.271386,0.401227,1.349414,27.7137,0.32220,42.2109,0.22100,0.22100
Q000013,111,55.5,recovery,0.285043,0.407359,1.338186,27.7137,0.32220,42.2109,0.22100,0.22100
Q000013,112,56.0,recovery,0.304820,0.412190,1.326651,27.7137,0.32220,42.2109,0.22100,0.22100
Q000013,113,56.5,recovery,0.327117,0.414639,1.320046,27.7137,0.32220,42.2109,0.22100,0.22100
Q000013,114,57.0,recovery,0.343996,0.427635,1.306112,27.7137,0.32220,42.2109,0.22100,0.22100
Q000013,115,57.5,recovery,0.363028,0.422971,1.296791,27.7137,0.32220,42.2109,0.22100,0.22100
Q000013,116,58.0,recovery,0.389335,0.443967,1.287838,27.7137,0.32220,42.2109,0.22100,0.22100
Q000013,117,58.5,recovery,0.413935,0.445142,1.274504,27.7137,0.32220,42.2109,0.22100,0.22100
Q000013,118,59.0,recovery,0.439864,0.449635,1.265254,27.7137,0.32220,42.2109,0.22100,0.22100
Q000013,119,59.5,recovery,0.468579,0.460850,1.258353,27.7137,0.32220,42.2109,0.22100,0.22100
Q000013,120,60.0,recovery,0.496814,0.471118,1.249195,27.7137,0.32220,42.2109,0.22100,0.22100
Q000013,121,60.5,recovery,0.536983,0.475308,1.237643,27.7137,0.32220,42.2109,0.22100,0.22100
Q000013,122,61.0,recovery,0.573095,0.481108,1.231034,27.7137,0.32220,42.2109,0.22100,0.22100
Q000013,123,61.5,recovery,0.621812,0.484086,1.224283,27.7137,0.32220,42.2109,0.22100,0.22100
Q000013,124,62.0,recovery,0.674769,0.494029,1.212558,27.7137,0.32220,42.2109,0.22100,0.22100
Q000013,125,62.5,recovery,0.739120,0.513771,1.201120,27.7137,0.32220,42.2109,0.22100,0.22100
Q000013,126,63.0,recovery,0.819615,0.552007,1.194258,27.7137,0.32220,42.2109,0.22100,0.22100
Q000013,127,63.5,recovery,0.956650,0.771325,1.183499,27.7137,0.32220,42.2109,0.22100,0.22100
Q000014,0,0.0,baseline,2.512739,2.508545,1.088367,20.3396,0.67040,58.8821,0.26090,0.26090
Q000014,1,0.5,baseline,2.515880,2.496234,1.087997,20.3396,0.67040,58.8821,0.26090,0.26090
Q000014,2,1.0,baseline,2.531751,2.497227,1.089123,20.3396,0.67040,58.8821,0.26090,0.26090
Q000014,3,1.5,baseline,2.521408,2.489440,1.087356,20.3396,0.67040,58.8821,0.26090,0.26090
Q000014,4,2.0,baseline,2.521221,2.489160,1.084443,20.3396,0.67040,58.8821,0.26090,0.26090
Q000014,5,2.5,baseline,2.510693,2.481683,1.089907,20.3396,0.67040,58.8821,0.26090,0.26090
Q000014,6,3.0,baseline,2.504375,2.492565,1.087871,20.3396,0.67040,58.8821,0.26090,0.26090
Q000014,7,3.5,baseline,2.507463,2.495357,1.092987,20.3396,0.67040,58.8821,0.26090,0.26090
Q000014,8,4.0,baseline,2.500552,2.499846,1.094586,20.3396,0.67040,58.8821,0.26090,0.26090
Q000014,9,4.5,baseline,2.507203,2.497066,1.109139,20.3396,0.67040,58.8821,0.26090,0.26090
Q000014,10,5.0,baseline,2.508926,2.490902,1.104643,20.3396,0.67040,58.8821,0.26090,0.26090
Q000014,11,5.5,baseline,2.502635,2.489540,1.096766,20.3396,0.67040,58.8821,0.26090,0.26090
Q000014,12,6.0,baseline,2.499985,2.490899,1.084204,20.3396,0.67040,58.8821,0.26090,0.26090
Q000014,13,6.5,baseline,2.501580,2.497059,1.073655,20.3396,0.67040,58.8821,0.26090,0.26090
Q000014,14,7.0,baseline,2.494045,2.492635,1.067224,20.3396,0.67040,58.8821,0.26090,0.26090
Q000014,15,7.5,baseline,2.491739,2.490371,1.059920,20.3396,0.67040,58.8821,0.26090,0.26090
Q000014,16,8.0,baseline,2.491283,2.499646,1.056640,20.3396,0.67040,58.8821,0.26090,0.26090
Q000014,17,8.5,baseline,2.478203,2.508340,1.047636,20.3396,0.67040,58.8821,0.26090,0.26090
Q000014,18,9.0,baseline,2.472498,2.501642,1.051603,20.3396,0.67040,58.8821,0.26090,0.26090
Q000014,19,9.5,baseline,2.469166,2.497440,1.048963,20.3396,0.67040,58.8821,0.26090,0.26090
Q000014,20,10.0,baseline,2.479525,2.509197,1.045872,20.3396,0.67040,58.8821,0.26090,0.26090
Q000014,21,10.5,baseline,2.483913,2.498298,1.044454,20.3396,0.67040,58.8821,0.26090,0.26090
Q000014,22,11.0,baseline,2.488242,2.504309,1.042722,20.3396,0.67040,58.8821,0.26090,0.26090
Q000014,23,11.5,baseline,2.493251,2.501589,1.041342,20.3396,0.67040,58.8821,0.26090,0.26090
Q000014,24,12.0,baseline,2.487541,2.501958,1.044049,20.3396,0.67040,58.8821,0.26090,0.26090
Q000014,25,12.5,baseline,2.489832,2.507505,1.036301,20.3396,0.67040,58.8821,0.26090,0.26090
Q000014,26,13.0,baseline,2.485811,2.509307,1.034402,20.3396,0.67040,58.8821,0.26090,0.26090
Q000014,27,13.5,baseline,2.494627,2.514024,1.031269,20.3396,0.67040,58.8821,0.26090,0.26090
Q000014,28,14.0,baseline,2.500254,2.505544,1.034695,20.3396,0.67040,58.8821,0.26090,0.26090
Q000014,29,14.5,baseline,2.506195,2.505675,1.033904,20.3396,0.67040,58.8821,0.26090,0.26090
Q000014,30,15.0,baseline,2.514359,2.502771,1.029830,20.3396,0.67040,58.8821,0.26090,0.26090
Q000014,31,15.5,baseline,2.512743,2.503018,1.022922,20.3396,0.67040,58.8821,0.26090,0.26090
Q000014,32,16.0,exposure,2.372350,2.210445,1.015578,20.3396,0.67040,58.8821,0.26090,0.26090
Q000014,33,16.5,exposure,2.213344,1.968032,1.013142,20.3396,0.67040,58.8821,0.26090,0.26090
Q000014,34,17.0,exposure,2.037387,1.754673,1.006278,20.3396,0.67040,58.8821,0.26090,0.26090
Q000014,35,17.5,exposure,1.877227,1.573196,1.002838,20.3396,0.67040,58.8821,0.26090,0.26090
Q000014,36,18.0,exposure,1.727281,1.402400,0.998698,20.3396,0.67040,58.8821,0.26090,0.26090
Q000014,37,18.5,exposure,1.571637,1.266040,1.001132,20.3396,0.67040,58.8821,0.26090,0.26090
Q000014,38,19.0,exposure,1.424616,1.146507,1.013751,20.3396,0.67040,58.8821,0.26090,0.26090
Q000014,39,19.5,exposure,1.304794,1.037126,1.015480,20.3396,0.67040,58.8821,0.26090,0.26090
Q000014,40,20.0,exposure,1.198454,0.950152,1.023684,20.3396,0.67040,58.8821,0.26090,0.26090
Q000014,41,20.5,exposure,1.115900,0.868486,1.032201,20.3396,0.67040,58.8821,0.26090,0.26090
Q000014,42,21.0,exposure,1.026476,0.789419,1.036737,20.3396,0.67040,58.8821,0.26090,0.26090
Q000014,43,21.5,exposure,0.944159,0.728373,1.036091,20.3396,0.67040,58.8821,0.26090,0.26090
Q000014,44,22.0,exposure,0.868218,0.677660,1.044554,20.3396,0.67040,58.8821,0.26090,0.26090
Q000014,45,22.5,exposure,0.795690,0.637021,1.050095,20.3396,0.67040,58.8821,0.26090,0.26090
Q000014,46,23.0,exposure,0.733743,0.596140,1.054732,20.3396,0.67040,58.8821,0.26090,0.26090
Q000014,47,23.5,exposure,0.672127,0.561787,1.057388,20.3396,0.67040,58.8821,0.26090,0.26090
Q000014,48,24.0,exposure,0.613793,0.521601,1.063665,20.3396,0.67040,58.8821,0.26090,0.26090
Q000014,49,24.5,exposure,0.566089,0.513495,1.071664,20.3396,0.67040,58.8821,0.26090,0.26090
Q000014,50,25.0,exposure,0.524956,0.496684,1.079075,20.3396,0.67040,58.8821,0.26090,0.26090
Q000014,51,25.5,exposure,0.482613,0.460248,1.084767,20.3396,0.67040,58.8821,0.26090,0.26090
Q000014,52,26.0,exposure,0.447259,0.445188,1.086038,20.3396,0.67040,58.8821,0.26090,0.26090
Q000014,53,26.5,exposure,0.418652,0.434552,1.095847,20.3396,0.67040,58.8821,0.26090,0.26090
Q000014,54,27.0,exposure,0.391494,0.428263,1.108569,20.3396,0.67040,58.8821,0.26090,0.26090
Q000014,55,27.5,exposure,0.366304,0.411787,1.112035,20.3396,0.67040,58.8821,0.26090,0.26090
Q000014,56,28.0,exposure,0.339292,0.411009,1.112016,20.3396,0.67040,58.8821,0.26090,0.26090
Q000014,57,28.5,exposure,0.325276,0.384030,1.114933,20.3396,0.67040,58.8821,0.26090,0.26090
Q000014,58,29.0,exposure,0.301705,0.374235,1.116541,20.3396,0.67040,58.8821,0.26090,0.26090
Q000014,59,29.5,exposure,0.280168,0.353804,1.125403,20.3396,0.67040,58.8821,0.26090,0.26090
Q000014,60,30.0,exposure,0.262857,0.340108,1.129202,20.3396,0.67040,58.8821,0.26090,0.26090
Q000014,61,30.5,exposure,0.248529,0.339479,1.132641,20.3396,0.67040,58.8821,0.26090,0.26090
Q000014,62,31.0,exposure,0.231511,0.332020,1.131133,20.3396,0.67040,58.8821,0.26090,0.26090
Q000014,63,31.5,exposure,0.218863,0.328101,1.131053,20.3396,0.67040,58.8821,0.26090,0.26090
Q000014,64,32.0,steady,0.203870,0.336534,1.138957,20.3396,0.67040,58.8821,0.18000,0.18000
Q000014,65,32.5,steady,0.189133,0.330774,1.150770,20.3396,0.67040,58.8821,0.18000,0.18000
Q000014,66,33.0,steady,0.180764,0.337947,1.152887,20.3396,0.67040,58.8821,0.18000,0.18000
Q000014,67,33.5,steady,0.168204,0.330314,1.156174,20.3396,0.67040,58.8821,0.18000,0.18000
Q000014,68,34.0,steady,0.153554,0.327618,1.161861,20.3396,0.67040,58.8821,0.20000,0.20000
Q000014,69,34.5,steady,0.150057,0.329585,1.167195,20.3396,0.67040,58.8821,0.20000,0.20000
Q000014,70,35.0,steady,0.134146,0.331253,1.163039,20.3396,0.67040,58.8821,0.20000,0.20000
Q000014,71,35.5,steady,0.119408,0.317828,1.166714,20.3396,0.67040,58.8821,0.20000,0.20000
Q000014,72,36.0,steady,0.105653,0.320781,1.170334,20.3396,0.67040,58.8821,0.20000,0.20000
Q000014,73,36.5,steady,0.101877,0.313033,1.178562,20.3396,0.67040,58.8821,0.20000,0.20000
Q000014,74,37.0,steady,0.091018,0.303657,1.189247,20.3396,0.67040,58.8821,0.20000,0.20000
Q000014,75,37.5,steady,0.091099,0.306379,1.186882,20.3396,0.67040,58.8821,0.20000,0.20000
Q000014,76,38.0,steady,0.074172,0.304972,1.190843,20.3396,0.67040,58.8821,0.22000,0.22000
Q000014,77,38.5,steady,0.073965,0.304839,1.191416,20.3396,0.67040,58.8821,0.22000,0.22000
Q000014,78,39.0,steady,0.058793,0.312430,1.192073,20.3396,0.67040,58.8821,0.22000,0.22000
Q000014,79,39.5,steady,0.060217,0.313160,1.193304,20.3396,0.67040,58.8821,0.22000,0.22000
Q000014,80,40.0,steady,0.048289,0.308029,1.193118,20.3396,0.67040,58.8821,0.22000,0.22000
Q000014,81,40.5,steady,0.039442,0.304910,1.201204,20.3396,0.67040,58.8821,0.22000,0.22000
Q000014,82,41.0,steady,0.040157,0.294091,1.206746,20.3396,0.67040,58.8821,0.22000,0.22000
Q000014,83,41.5,steady,0.038195,0.295805,1.209815,20.3396,0.67040,58.8821,0.22000,0.22000
Q000014,84,42.0,steady,0.044291,0.293012,1.206298,20.3396,0.67040,58.8821,0.25000,0.25000
Q000014,85,42.5,steady,0.049590,0.297508,1.212685,20.3396,0.67040,58.8821,0.25000,0.25000
Q000014,86,43.0,steady,0.039684,0.285374,1.216980,20.3396,0.67040,58.8821,0.25000,0.25000
Q000014,87,43.5,steady,0.046827,0.292174,1.213618,20.3396,0.67040,58.8821,0.25000,0.25000
Q000014,88,44.0,steady,0.047981,0.285749,1.221615,20.3396,0.67040,58.8821,0.25000,0.25000
Q000014,89,44.5,steady,0.057968,0.266880,1.225799,20.3396,0.67040,58.8821,0.25000,0.25000
Q000014,90,45.0,steady,0.059488,0.264184,1.222953,20.3396,0.67040,58.8821,0.25000,0.25000
Q000014,91,45.5,steady,0.062008,0.253305,1.219065,20.3396,0.67040,58.8821,0.25000,0.25000
Q000014,92,46.0,steady,0.059435,0.253446,1.217117,20.3396,0.67040,58.8821,0.28000,0.28000
Q000014,93,46.5,steady,0.053564,0.264290,1.220149,20.3396,0.67040,58.8821,0.28000,0.28000
Q000014,94,47.0,steady,0.049992,0.266367,1.223287,20.3396,0.67040,58.8821,0.28000,0.28000
Q000014,95,47.5,steady,0.059797,0.263483,1.224128,20.3396,0.67040,58.8821,0.28000,0.28000
Q000014,96,48.0,recovery,0.060651,0.265425,1.227771,20.3396,0.67040,58.8821,0.26090,0.26090
Q000014,97,48.5,recovery,0.055883,0.277598,1.229431,20.3396,0.67040,58.8821,0.26090,0.26090
Q000014,98,49.0,recovery,0.049623,0.280448,1.236192,20.3396,0.67040,58.8821,0.26090,0.26090
Q000014,99,49.5,recovery,0.043328,0.288497,1.227584,20.3396,0.67040,58.8821,0.26090,0.26090
Q000014,100,50.0,recovery,0.047088,0.299095,1.219644,20.3396,0.67040,58.8821,0.26090,0.26090
Q000014,101,50.5,recovery,0.040510,0.301057,1.223172,20.3396,0.67040,58.8821,0.26090,0.26090
Q000014,102,51.0,recovery,0.029219,0.298040,1.226968,20.3396,0.67040,58.8821,0.26090,0.26090
Q000014,103,51.5,recovery,0.035645,0.297758,1.225719,20.3396,0.67040,58.8821,0.26090,0.26090
Q000014,104,52.0,recovery,0.030801,0.305945,1.219795,20.3396,0.67040,58.8821,0.26090,0.26090
Q000014,105,52.5,recovery,0.030355,0.301142,1.216842,20.3396,0.67040,58.8821,0.26090,0.26090
Q000014,106,53.0,recovery,0.026726,0.309181,1.209847,20.3396,0.67040,58.8821,0.26090,0.26090
Q000014,107,53.5,recovery,0.025287,0.296102,1.205240,20.3396,0.67040,58.8821,0.26090,0.26090
Q000014,108,54.0,recovery,0.021368,0.299003,1.200643,20.3396,0.67040,58.8821,0.26090,0.26090
Q000014,109,54.5,recovery,0.006044,0.304065,1.199534,20.3396,0.67040,58.8821,0.26090,0.26090
Q000014,110,55.0,recovery,0.011679,0.313173,1.189028,20.3396,0.67040,58.8821,0.26090,0.26090
Q000014,111,55.5,recovery,0.021774,0.315243,1.182328,20.3396,0.67040,58.8821,0.26090,0.26090
Q000014,112,56.0,recovery,0.024759,0.315690,1.179544,20.3396,0.67040,58.8821,0.26090,0.26090
Q000014,113,56.5,recovery,0.027931,0.324550,1.175915,20.3396,0.67040,58.8821,0.26090,0.26090
Q000014,114,57.0,recovery,0.025880,0.323922,1.174033,20.3396,0.67040,58.8821,0.26090,0.26090
Q000014,115,57.5,recovery,0.025676,0.331321,1.169732,20.3396,0.67040,58.8821,0.26090,0.26090
Q000014,116,58.0,recovery,0.013492,0.326816,1.156815,20.3396,0.67040,58.8821,0.26090,0.26090
Q000014,117,58.5,recovery,0.021817,0.321961,1.147493,20.3396,0.67040,58.8821,0.26090,0.26090
Q000014,118,59.0,recovery,0.031817,0.332268,1.145326,20.3396,0.67040,58.8821,0.26090,0.26090
Q000014,119,59.5,recovery,0.025791,0.336053,1.143850,20.3396,0.67040,58.8821,0.26090,0.26090
Q000014,120,60.0,recovery,0.027044,0.338975,1.134417,20.3396,0.67040,58.8821,0.26090,0.26090
Q000014,121,60.5,recovery,0.039141,0.337069,1.125039,20.3396,0.67040,58.8821,0.26090,0.26090
Q000014,122,61.0,recovery,0.054758,0.343172,1.114764,20.3396,0.67040,58.8821,0.26090,0.26090
Q000014,123,61.5,recovery,0.063758,0.355731,1.105695,20.3396,0.67040,58.8821,0.26090,0.26090
Q000014,124,62.0,recovery,0.078178,0.373124,1.091693,20.3396,0.67040,58.8821,0.26090,0.26090
Q000014,125,62.5,recovery,0.122390,0.388292,1.081883,20.3396,0.67040,58.8821,0.26090,0.26090
Q000014,126,63.0,recovery,0.196009,0.413142,1.074798,20.3396,0.67040,58.8821,0.26090,0.26090
Q000014,127,63.5,recovery,0.455866,0.628965,1.070826,20.3396,0.67040,58.8821,0.26090,0.26090
Q000015,0,0.0,baseline,2.496351,2.501726,1.064860,18.4228,0.54400,29.8041,0.23790,0.23790
Q000015,1,0.5,baseline,2.487436,2.503038,1.066302,18.4228,0.54400,29.8041,0.23790,0.23790
Q000015,2,1.0,baseline,2.488712,2.499449,1.065767,18.4228,0.54400,29.8041,0.23790,0.23790
Q000015,3,1.5,baseline,2.488307,2.498279,1.067856,18.4228,0.54400,29.8041,0.23790,0.23790
Q000015,4,2.0,baseline,2.492828,2.493749,1.067886,18.4228,0.54400,29.8041,0.23790,0.23790
Q000015,5,2.5,baseline,2.496429,2.499003,1.068859,18.4228,0.54400,29.8041,0.23790,0.23790
Q000015,6,3.0,baseline,2.501209,2.503820,1.074028,18.4228,0.54400,29.8041,0.23790,0.23790
Q000015,7,3.5,baseline,2.498566,2.499144,1.071860,18.4228,0.54400,29.8041,0.23790,0.23790
Q000015,8,4.0,baseline,2.498544,2.493876,1.073579,18.4228,0.54400,29.8041,0.23790,0.23790
Q000015,9,4.5,baseline,2.485044,2.493789,1.066427,18.4228,0.54400,29.8041,0.23790,0.23790
Q000015,10,5.0,baseline,2.481759,2.491417,1.080194,18.4228,0.54400,29.8041,0.23790,0.23790
Q000015,11,5.5,baseline,2.474840,2.497112,1.083547,18.4228,0.54400,29.8041,0.23790,0.23790
Q000015,12,6.0,baseline,2.472880,2.501316,1.076257,18.4228,0.54400,29.8041,0.23790,0.23790
Q000015,13,6.5,baseline,2.477572,2.499833,1.077931,18.4228,0.54400,29.8041,0.23790,0.23790
Q000015,14,7.0,baseline,2.474969,2.494281,1.078579,18.4228,0.54400,29.8041,0.23790,0.23790
Q000015,15,7.5,baseline,2.472639,2.495931,1.079877,18.4228,0.54400,29.8041,0.23790,0.23790
Q000015,16,8.0,baseline,2.477235,2.499040,1.076032,18.4228,0.54400,29.8041,0.23790,0.23790
Q000015,17,8.5,baseline,2.480422,2.508457,1.077348,18.4228,0.54400,29.8041,0.23790,0.23790
Q000015,18,9.0,baseline,2.489914,2.506983,1.081982,18.4228,0.54400,29.8041,0.23790,0.23790
Q000015,19,9.5,baseline,2.493133,2.510500,1.086297,18.4228,0.54400,29.8041,0.23790,0.23790
Q000015,20,10.0,baseline,2.485391,2.520994,1.081009,18.4228,0.54400,29.8041,0.23790,0.23790
Q000015,21,10.5,baseline,2.496929,2.518758,1.077912,18.4228,0.54400,29.8041,0.23790,0.23790
Q000015,22,11.0,baseline,2.484779,2.516646,1.082124,18.4228,0.54400,29.8041,0.23790,0.23790
Q000015,23,11.5,baseline,2.487653,2.515131,1.078755,18.4228,0.54400,29.8041,0.23790,0.23790
Q000015,24,12.0,baseline,2.489836,2.515621,1.082756,18.4228,0.54400,29.8041,0.23790,0.23790
Q000015,25,12.5,baseline,2.501058,2.515507,1.084479,18.4228,0.54400,29.8041,0.23790,0.23790
Q000015,26,13.0,baseline,2.484012,2.526243,1.093397,18.4228,0.54400,29.8041,0.23790,0.23790
Q000015,27,13.5,baseline,2.477097,2.516744,1.095593,18.4228,0.54400,29.8041,0.23790,0.23790
Q000015,28,14.0,baseline,2.481711,2.510904,1.093979,18.4228,0.54400,29.8041,0.23790,0.23790
Q000015,29,14.5,baseline,2.492057,2.514358,1.102911,18.4228,0.54400,29.8041,0.23790,0.23790
Q000015,30,15.0,baseline,2.491717,2.518260,1.100414,18.4228,0.54400,29.8041,0.23790,0.23790
Q000015,31,15.5,baseline,2.497354,2.521675,1.093982,18.4228,0.54400,29.8041,0.23790,0.23790
Q000015,32,16.0,exposure,2.342350,2.372435,1.088661,18.4228,0.54400,29.8041,0.23790,0.23790
Q000015,33,16.5,exposure,2.162945,2.221544,1.093620,18.4228,0.54400,29.8041,0.23790,0.23790
Q000015,34,17.0,exposure,1.972697,2.089485,1.096184,18.4228,0.54400,29.8041,0.23790,0.23790
Q000015,35,17.5,exposure,1.786656,1.967459,1.098911,18.4228,0.54400,29.8041,0.23790,0.23790
Q000015,36,18.0,exposure,1.620572,1.841128,1.099329,18.4228,0.54400,29.8041,0.23790,0.23790
Q000015,37,18.5,exposure,1.463648,1.732928,1.105768,18.4228,0.54400,29.8041,0.23790,0.23790
Q000015,38,19.0,exposure,1.321773,1.649136,1.109689,18.4228,0.54400,29.8041,0.23790,0.23790
Q000015,39,19.5,exposure,1.187861,1.549807,1.114470,18.4228,0.54400,29.8041,0.23790,0.23790
Q000015,40,20.0,exposure,1.068880,1.462145,1.121923,18.4228,0.54400,29.8041,0.23790,0.23790
Q000015,41,20.5,exposure,0.958746,1.375566,1.120361,18.4228,0.54400,29.8041,0.23790,0.23790
Q000015,42,21.0,exposure,0.850317,1.299740,1.121782,18.4228,0.54400,29.8041,0.23790,0.23790
Q000015,43,21.5,exposure,0.751523,1.236868,1.127585,18.4228,0.54400,29.8041,0.23790,0.23790
Q000015,44,22.0,exposure,0.675381,1.171532,1.135365,18.4228,0.54400,29.8041,0.23790,0.23790
Q000015,45,22.5,exposure,0.605352,1.116732,1.140891,18.4228,0.54400,29.8041,0.23790,0.23790
Q000015,46,23.0,exposure,0.543246,1.056456,1.150296,18.4228,0.54400,29.8041,0.23790,0.23790
Q000015,47,23.5,exposure,0.491994,1.008536,1.151219,18.4228,0.54400,29.8041,0.23790,0.23790
Q000015,48,24.0,exposure,0.449581,0.964884,1.151037,18.4228,0.54400,29.8041,0.23790,0.23790
Q000015,49,24.5,exposure,0.407527,0.918350,1.148715,18.4228,0.54400,29.8041,0.23790,0.23790
Q000015,50,25.0,exposure,0.383536,0.887652,1.154919,18.4228,0.54400,29.8041,0.23790,0.23790
Q000015,51,25.5,exposure,0.340381,0.853128,1.162827,18.4228,0.54400,29.8041,0.23790,0.23790
Q000015,52,26.0,exposure,0.309905,0.834887,1.166319,18.4228,0.54400,29.8041,0.23790,0.23790
Q000015,53,26.5,exposure,0.296773,0.799045,1.168379,18.4228,0.54400,29.8041,0.23790,0.23790
Q000015,54,27.0,exposure,0.272203,0.772568,1.175906,18.4228,0.54400,29.8041,0.23790,0.23790
Q000015,55,27.5,exposure,0.256652,0.751060,1.194823,18.4228,0.54400,29.8041,0.23790,0.23790
Q000015,56,28.0,exposure,0.244585,0.727644,1.194309,18.4228,0.54400,29.8041,0.23790,0.23790
Q000015,57,28.5,exposure,0.229911,0.708849,1.197798,18.4228,0.54400,29.8041,0.23790,0.23790
Q000015,58,29.0,exposure,0.222970,0.687489,1.204160,18.4228,0.54400,29.8041,0.23790,0.23790
Q000015,59,29.5,exposure,0.222282,0.666723,1.214268,18.4228,0.54400,29.8041,0.23790,0.23790
Q000015,60,30.0,exposure,0.212259,0.652324,1.218626,18.4228,0.54400,29.8041,0.23790,0.23790
Q000015,61,30.5,exposure,0.201893,0.637870,1.224223,18.4228,0.54400,29.8041,0.23790,0.23790
Q000015,62,31.0,exposure,0.195269,0.617295,1.226783,18.4228,0.54400,29.8041,0.23790,0.23790
Q000015,63,31.5,exposure,0.183484,0.591606,1.232433,18.4228,0.54400,29.8041,0.23790,0.23790
Q000015,64,32.0,steady,0.183454,0.587151,1.233971,18.4228,0.54400,29.8041,0.18000,0.18000
Q000015,65,32.5,steady,0.192335,0.563129,1.227719,18.4228,0.54400,29.8041,0.18000,0.18000
Q000015,66,33.0,steady,0.183152,0.551645,1.229660,18.4228,0.54400,29.8041,0.18000,0.18000
Q000015,67,33.5,steady,0.188075,0.541721,1.231470,18.4228,0.54400,29.8041,0.18000,0.18000
Q000015,68,34.0,steady,0.179107,0.530495,1.228939,18.4228,0.54400,29.8041,0.20000,0.20000
Q000015,69,34.5,steady,0.178315,0.526413,1.227904,18.4228,0.54400,29.8041,0.20000,0.20000
Q000015,70,35.0,steady,0.187978,0.533206,1.228693,18.4228,0.54400,29.8041,0.20000,0.20000
Q000015,71,35.5,steady,0.182092,0.531415,1.231937,18.4228,0.54400,29.8041,0.20000,0.20000
Q000015,72,36.0,steady,0.171978,0.521830,1.232480,18.4228,0.54400,29.8041,0.20000,0.20000
Q000015,73,36.5,steady,0.175242,0.513243,1.228053,18.4228,0.54400,29.8041,0.20000,0.20000
Q000015,74,37.0,steady,0.182524,0.516288,1.224300,18.4228,0.54400,29.8041,0.20000,0.20000
Q000015,75,37.5,steady,0.175477,0.517791,1.229110,18.4228,0.54400,29.8041,0.20000,0.20000
Q000015,76,38.0,steady,0.173732,0.502137,1.234287,18.4228,0.54400,29.8041,0.22000,0.22000
Q000015,77,38.5,steady,0.177283,0.489016,1.237090,18.4228,0.54400,29.8041,0.22000,0.22000
Q000015,78,39.0,steady,0.174779,0.479740,1.244758,18.4228,0.54400,29.8041,0.22000,0.22000
Q000015,79,39.5,steady,0.168007,0.477236,1.242989,18.4228,0.54400,29.8041,0.22000,0.22000
Q000015,80,40.0,steady,0.177495,0.479762,1.249139,18.4228,0.54400,29.8041,0.22000,0.22000
Q000015,81,40.5,steady,0.178329,0.471430,1.249835,18.4228,0.54400,29.8041,0.22000,0.22000
Q000015,82,41.0,steady,0.178788,0.477869,1.248147,18.4228,0.54400,29.8041,0.22000,0.22000
Q000015,83,41.5,steady,0.170009,0.484231,1.252711,18.4228,0.54400,29.8041,0.22000,0.22000
Q000015,84,42.0,steady,0.170666,0.481433,1.251331,18.4228,0.54400,29.8041,0.25000,0.25000
Q000015,85,42.5,steady,0.172544,0.475904,1.250455,18.4228,0.54400,29.8041,0.25000,0.25000
Q000015,86,43.0,steady,0.163699,0.472623,1.254455,18.4228,0.54400,29.8041,0.25000,0.25000
Q000015,87,43.5,steady,0.164064,0.474707,1.253348,18.4228,0.54400,29.8041,0.25000,0.25000
Q000015,88,44.0,steady,0.151535,0.485149,1.254305,18.4228,0.54400,29.8041,0.25000,0.25000
Q000015,89,44.5,steady,0.157415,0.479629,1.259097,18.4228,0.54400,29.8041,0.25000,0.25000
Q000015,90,45.0,steady,0.178554,0.488553,1.252708,18.4228,0.54400,29.8041,0.25000,0.25000
Q000015,91,45.5,steady,0.172576,0.489664,1.254406,18.4228,0.54400,29.8041,0.25000,0.25000
Q000015,92,46.0,steady,0.178895,0.493375,1.257388,18.4228,0.54400,29.8041,0.28000,0.28000
Q000015,93,46.5,steady,0.178445,0.493721,1.256632,18.4228,0.54400,29.8041,0.28000,0.28000
Q000015,94,47.0,steady,0.186030,0.488669,1.249847,18.4228,0.54400,29.8041,0.28000,0.28000
Q000015,95,47.5,steady,0.174042,0.490751,1.256786,18.4228,0.54400,29.8041,0.28000,0.28000
Q000015,96,48.0,recovery,0.177670,0.488521,1.260846,18.4228,0.54400,29.8041,0.23790,0.23790
Q000015,97,48.5,recovery,0.168904,0.494210,1.260490,18.4228,0.54400,29.8041,0.23790,0.23790
Q000015,98,49.0,recovery,0.165858,0.488826,1.257713,18.4228,0.54400,29.8041,0.23790,0.23790
Q000015,99,49.5,recovery,0.173638,0.499600,1.246936,18.4228,0.54400,29.8041,0.23790,0.23790
Q000015,100,50.0,recovery,0.172690,0.498840,1.248959,18.4228,0.54400,29.8041,0.23790,0.23790
Q000015,101,50.5,recovery,0.177698,0.495484,1.241438,18.4228,0.54400,29.8041,0.23790,0.23790
Q000015,102,51.0,recovery,0.173503,0.497412,1.237401,18.4228,0.54400,29.8041,0.23790,0.23790
Q000015,103,51.5,recovery,0.175704,0.498135,1.233864,18.4228,0.54400,29.8041,0.23790,0.23790
Q000015,104,52.0,recovery,0.177966,0.499310,1.234032,18.4228,0.54400,29.8041,0.23790,0.23790
Q000015,105,52.5,recovery,0.177013,0.502311,1.232158,18.4228,0.54400,29.8041,0.23790,0.23790
Q000015,106,53.0,recovery,0.178489,0.497844,1.231852,18.4228,0.54400,29.8041,0.23790,0.23790
Q000015,107,53.5,recovery,0.169951,0.496927,1.229567,18.4228,0.54400,29.8041,0.23790,0.23790
Q000015,108,54.0,recovery,0.169535,0.492552,1.223587,18.4228,0.54400,29.8041,0.23790,0.23790
Q000015,109,54.5,recovery,0.172467,0.495741,1.219083,18.4228,0.54400,29.8041,0.23790,0.23790
Q000015,110,55.0,recovery,0.173098,0.506104,1.214499,18.4228,0.54400,29.8041,0.23790,0.23790
Q000015,111,55.5,recovery,0.189283,0.501368,1.212911,18.4228,0.54400,29.8041,0.23790,0.23790
Q000015,112,56.0,recovery,0.198683,0.510073,1.214468,18.4228,0.54400,29.8041,0.23790,0.23790
Q000015,113,56.5,recovery,0.197090,0.517660,1.216496,18.4228,0.54400,29.8041,0.23790,0.23790
Q000015,114,57.0,recovery,0.212093,0.529017,1.214687,18.4228,0.54400,29.8041,0.23790,0.23790
Q000015,115,57.5,recovery,0.222060,0.526743,1.203124,18.4228,0.54400,29.8041,0.23790,0.23790
Q000015,116,58.0,recovery,0.229454,0.533572,1.196119,18.4228,0.54400,29.8041,0.23790,0.23790
Q000015,117,58.5,recovery,0.225358,0.545876,1.189572,18.4228,0.54400,29.8041,0.23790,0.23790
Q000015,118,59.0,recovery,0.239541,0.542704,1.192198,18.4228,0.54400,29.8041,0.23790,0.23790
Q000015,119,59.5,recovery,0.261715,0.550506,1.182313,18.4228,0.54400,29.8041,0.23790,0.23790
Q000015,120,60.0,recovery,0.287729,0.560405,1.171769,18.4228,0.54400,29.8041,0.23790,0.23790
Q000015,121,60.5,recovery,0.308119,0.587810,1.170726,18.4228,0.54400,29.8041,0.23790,0.23790
Q000015,122,61.0,recovery,0.345258,0.590680,1.173974,18.4228,0.54400,29.8041,0.23790,0.23790
Q000015,123,61.5,recovery,0.381169,0.600794,1.171948,18.4228,0.54400,29.8041,0.23790,0.23790
Q000015,124,62.0,recovery,0.436994,0.600282,1.173120,18.4228,0.54400,29.8041,0.23790,0.23790
Q000015,125,62.5,recovery,0.522675,0.622364,1.173764,18.4228,0.54400,29.8041,0.23790,0.23790
Q000015,126,63.0,recovery,0.655412,0.641069,1.167800,18.4228,0.54400,29.8041,0.23790,0.23790
Q000015,127,63.5,recovery,0.975613,0.963975,1.165050,18.4228,0.54400,29.8041,0.23790,0.23790
Q000016,0,0.0,baseline,2.490131,2.500916,1.177372,34.7905,0.48980,53.4170,0.26850,0.26850
Q000016,1,0.5,baseline,2.494321,2.496738,1.181684,34.7905,0.48980,53.4170,0.26850,0.26850
Q000016,2,1.0,baseline,2.500104,2.483109,1.182521,34.7905,0.48980,53.4170,0.26850,0.26850
Q000016,3,1.5,baseline,2.500571,2.496351,1.181106,34.7905,0.48980,53.4170,0.26850,0.26850
Q000016,4,2.0,baseline,2.499051,2.492565,1.180125,34.7905,0.48980,53.4170,0.26850,0.26850
Q000016,5,2.5,baseline,2.504030,2.491562,1.184757,34.7905,0.48980,53.4170,0.26850,0.26850
Q000016,6,3.0,baseline,2.487428,2.494500,1.181578,34.7905,0.48980,53.4170,0.26850,0.26850
Q000016,7,3.5,baseline,2.492345,2.493501,1.178604,34.7905,0.48980,53.4170,0.26850,0.26850
Q000016,8,4.0,baseline,2.487795,2.495591,1.181920,34.7905,0.48980,53.4170,0.26850,0.26850
Q000016,9,4.5,baseline,2.488604,2.491975,1.178805,34.7905,0.48980,53.4170,0.26850,0.26850
Q000016,10,5.0,baseline,2.491434,2.492487,1.183967,34.7905,0.48980,53.4170,0.26850,0.26850
Q000016,11,5.5,baseline,2.493998,2.495117,1.183883,34.7905,0.48980,53.4170,0.26850,0.26850
Q000016,12,6.0,baseline,2.497660,2.497987,1.181399,34.7905,0.48980,53.4170,0.26850,0.26850
Q000016,13,6.5,baseline,2.496310,2.501045,1.186406,34.7905,0.48980,53.4170,0.26850,0.26850
Q000016,14,7.0,baseline,2.499335,2.504572,1.184796,34.7905,0.48980,53.4170,0.26850,0.26850
Q000016,15,7.5,baseline,2.486807,2.506360,1.186042,34.7905,0.48980,53.4170,0.26850,0.26850
Q000016,16,8.0,baseline,2.501436,2.500865,1.186699,34.7905,0.48980,53.4170,0.26850,0.26850
Q000016,17,8.5,baseline,2.501476,2.507112,1.184302,34.7905,0.48980,53.4170,0.26850,0.26850
Q000016,18,9.0,baseline,2.508920,2.513013,1.185983,34.7905,0.48980,53.4170,0.26850,0.26850
Q000016,19,9.5,baseline,2.518913,2.521476,1.186014,34.7905,0.48980,53.4170,0.26850,0.26850
Q000016,20,10.0,baseline,2.534369,2.520107,1.183119,34.7905,0.48980,53.4170,0.26850,0.26850
Q000016,21,10.5,baseline,2.547615,2.525606,1.182897,34.7905,0.48980,53.4170,0.26850,0.26850
Q000016,22,11.0,baseline,2.548131,2.530910,1.189979,34.7905,0.48980,53.4170,0.26850,0.26850
Q000016,23,11.5,baseline,2.542361,2.538861,1.185118,34.7905,0.48980,53.4170,0.26850,0.26850
Q000016,24,12.0,baseline,2.550060,2.536597,1.183120,34.7905,0.48980,53.4170,0.26850,0.26850
Q000016,25,12.5,baseline,2.559051,2.536551,1.186173,34.7905,0.48980,53.4170,0.26850,0.26850
Q000016,26,13.0,baseline,2.572528,2.535727,1.184741,34.7905,0.48980,53.4170,0.26850,0.26850
Q000016,27,13.5,baseline,2.571055,2.521870,1.181848,34.7905,0.48980,53.4170,0.26850,0.26850
Q000016,28,14.0,baseline,2.566654,2.525213,1.191024,34.7905,0.48980,53.4170,0.26850,0.26850
Q000016,29,14.5,baseline,2.569111,2.520196,1.193579,34.7905,0.48980,53.4170,0.26850,0.26850
Q000016,30,15.0,baseline,2.578267,2.512240,1.201260,34.7905,0.48980,53.4170,0.26850,0.26850
Q000016,31,15.5,baseline,2.577708,2.513082,1.203779,34.7905,0.48980,53.4170,0.26850,0.26850
Q000016,32,16.0,exposure,2.512418,2.300838,1.202434,34.7905,0.48980,53.4170,0.26850,0.26850
Q000016,33,16.5,exposure,2.449453,2.106552,1.202747,34.7905,0.48980,53.4170,0.26850,0.26850
Q000016,34,17.0,exposure,2.379114,1.930747,1.202983,34.7905,0.48980,53.4170,0.26850,0.26850
Q000016,35,17.5,exposure,2.295958,1.768781,1.207650,34.7905,0.48980,53.4170,0.26850,0.26850
Q000016,36,18.0,exposure,2.212442,1.618694,1.215481,34.7905,0.48980,53.4170,0.26850,0.26850
Q000016,37,18.5,exposure,2.127100,1.492847,1.214888,34.7905,0.48980,53.4170,0.26850,0.26850
Q000016,38,19.0,exposure,2.049061,1.365116,1.224016,34.7905,0.48980,53.4170,0.26850,0.26850
Q000016,39,19.5,exposure,1.967110,1.256359,1.220977,34.7905,0.48980,53.4170,0.26850,0.26850
Q000016,40,20.0,exposure,1.884324,1.164157,1.226311,34.7905,0.48980,53.4170,0.26850,0.26850
Q000016,41,20.5,exposure,1.805075,1.086548,1.237148,34.7905,0.48980,53.4170,0.26850,0.26850
Q000016,42,21.0,exposure,1.720598,1.008348,1.242596,34.7905,0.48980,53.4170,0.26850,0.26850
Q000016,43,21.5,exposure,1.650215,0.945798,1.241865,34.7905,0.48980,53.4170,0.26850,0.26850
Q000016,44,22.0,exposure,1.580447,0.882792,1.249679,34.7905,0.48980,53.4170,0.26850,0.26850
Q000016,45,22.5,exposure,1.507259,0.835537,1.256101,34.7905,0.48980,53.4170,0.26850,0.26850
Q000016,46,23.0,exposure,1.436811,0.783774,1.262340,34.7905,0.48980,53.4170,0.26850,0.26850
Q000016,47,23.5,exposure,1.379793,0.726056,1.255096,34.7905,0.48980,53.4170,0.26850,0.26850
Q000016,48,24.0,exposure,1.317332,0.696537,1.263095,34.7905,0.48980,53.4170,0.26850,0.26850
Q000016,49,24.5,exposure,1.266730,0.667142,1.262338,34.7905,0.48980,53.4170,0.26850,0.26850
Q000016,50,25.0,exposure,1.225559,0.629348,1.267940,34.7905,0.48980,53.4170,0.26850,0.26850
Q000016,51,25.5,exposure,1.179395,0.601280,1.275107,34.7905,0.48980,53.4170,0.26850,0.26850
Q000016,52,26.0,exposure,1.133675,0.576559,1.285130,34.7905,0.48980,53.4170,0.26850,0.26850
Q000016,53,26.5,exposure,1.097193,0.539999,1.305132,34.7905,0.48980,53.4170,0.26850,0.26850
Q000016,54,27.0,exposure,1.057639,0.528915,1.314248,34.7905,0.48980,53.4170,0.26850,0.26850
Q000016,55,27.5,exposure,1.011396,0.512657,1.330014,34.7905,0.48980,53.4170,0.26850,0.26850
Q000016,56,28.0,exposure,0.975011,0.498558,1.338465,34.7905,0.48980,53.4170,0.26850,0.26850
Q000016,57,28.5,exposure,0.944416,0.477495,1.342027,34.7905,0.48980,53.4170,0.26850,0.26850
Q000016,58,29.0,exposure,0.909005,0.471224,1.349847,34.7905,0.48980,53.4170,0.26850,0.26850
Q000016,59,29.5,exposure,0.880933,0.461906,1.359142,34.7905,0.48980,53.4170,0.26850,0.26850
Q000016,60,30.0,exposure,0.839131,0.459652,1.369650,34.7905,0.48980,53.4170,0.26850,0.26850
Q000016,61,30.5,exposure,0.809731,0.457731,1.378813,34.7905,0.48980,53.4170,0.26850,0.26850
Q000016,62,31.0,exposure,0.782773,0.443259,1.389865,34.7905,0.48980,53.4170,0.26850,0.26850
Q000016,63,31.5,exposure,0.756538,0.431974,1.402290,34.7905,0.48980,53.4170,0.26850,0.26850
Q000016,64,32.0,steady,0.728513,0.432151,1.411034,34.7905,0.48980,53.4170,0.18000,0.18000
Q000016,65,32.5,steady,0.705015,0.429615,1.420008,34.7905,0.48980,53.4170,0.18000,0.18000
Q000016,66,33.0,steady,0.685199,0.429062,1.427013,34.7905,0.48980,53.4170,0.18000,0.18000
Q000016,67,33.5,steady,0.657711,0.422330,1.434856,34.7905,0.48980,53.4170,0.18000,0.18000
Q000016,68,34.0,steady,0.637840,0.432367,1.441000,34.7905,0.48980,53.4170,0.20000,0.20000
Q000016,69,34.5,steady,0.608457,0.422177,1.448404,34.7905,0.48980,53.4170,0.20000,0.20000
Q000016,70,35.0,steady,0.599538,0.416717,1.454878,34.7905,0.48980,53.4170,0.20000,0.20000
Q000016,71,35.5,steady,0.582690,0.417946,1.462773,34.7905,0.48980,53.4170,0.20000,0.20000
Q000016,72,36.0,steady,0.569270,0.419261,1.470062,34.7905,0.48980,53.4170,0.20000,0.20000
Q000016,73,36.5,steady,0.542250,0.418983,1.470987,34.7905,0.48980,53.4170,0.20000,0.20000
Q000016,74,37.0,steady,0.535651,0.421416,1.478871,34.7905,0.48980,53.4170,0.20000,0.20000
Q000016,75,37.5,steady,0.526987,0.418973,1.472608,34.7905,0.48980,53.4170,0.20000,0.20000
Q000016,76,38.0,steady,0.511258,0.427137,1.474438,34.7905,0.48980,53.4170,0.22000,0.22000
Q000016,77,38.5,steady,0.499543,0.420074,1.472270,34.7905,0.48980,53.4170,0.22000,0.22000
Q000016,78,39.0,steady,0.490320,0.419800,1.483098,34.7905,0.48980,53.4170,0.22000,0.22000
Q000016,79,39.5,steady,0.495451,0.413405,1.483279,34.7905,0.48980,53.4170,0.22000,0.22000
Q000016,80,40.0,steady,0.493089,0.415855,1.488110,34.7905,0.48980,53.4170,0.22000,0.22000
Q000016,81,40.5,steady,0.474542,0.404722,1.489824,34.7905,0.48980,53.4170,0.22000,0.22000
Q000016,82,41.0,steady,0.454529,0.397694,1.493842,34.7905,0.48980,53.4170,0.22000,0.22000
Q000016,83,41.5,steady,0.434956,0.391853,1.496894,34.7905,0.48980,53.4170,0.22000,0.22000
Q000016,84,42.0,steady,0.416843,0.387215,1.497750,34.7905,0.48980,53.4170,0.25000,0.25000
Q000016,85,42.5,steady,0.406792,0.380945,1.497565,34.7905,0.48980,53.4170,0.25000,0.25000
Q000016,86,43.0,steady,0.393901,0.387680,1.499984,34.7905,0.48980,53.4170,0.25000,0.25000
Q000016,87,43.5,steady,0.381924,0.375888,1.496321,34.7905,0.48980,53.4170,0.25000,0.25000
Q000016,88,44.0,steady,0.371036,0.368444,1.486762,34.7905,0.48980,53.4170,0.25000,0.25000
Q000016,89,44.5,steady,0.366552,0.380673,1.490154,34.7905,0.48980,53.4170,0.25000,0.25000
Q000016,90,45.0,steady,0.350282,0.371424,1.490788,34.7905,0.48980,53.4170,0.25000,0.25000
Q000016,91,45.5,steady,0.349729,0.372482,1.493571,34.7905,0.48980,53.4170,0.25000,0.25000
Q000016,92,46.0,steady,0.347275,0.371247,1.490688,34.7905,0.48980,53.4170,0.28000,0.28000
Q000016,93,46.5,steady,0.351662,0.374740,1.488487,34.7905,0.48980,53.4170,0.28000,0.28000
Q000016,94,47.0,steady,0.348049,0.378943,1.486162,34.7905,0.48980,53.4170,0.28000,0.28000
Q000016,95,47.5,steady,0.351363,0.382244,1.484750,34.7905,0.48980,53.4170,0.28000,0.28000
Q000016,96,48.0,recovery,0.337230,0.377066,1.487682,34.7905,0.48980,53.4170,0.26850,0.26850
Q000016,97,48.5,recovery,0.326942,0.379184,1.490454,34.7905,0.48980,53.4170,0.26850,0.26850
Q000016,98,49.0,recovery,0.325811,0.377863,1.484841,34.7905,0.48980,53.4170,0.26850,0.26850
Q000016,99,49.5,recovery,0.312592,0.390028,1.482012,34.7905,0.48980,53.4170,0.26850,0.26850
Q000016,100,50.0,recovery,0.305001,0.385807,1.472229,34.7905,0.48980,53.4170,0.26850,0.26850
Q000016,101,50.5,recovery,0.298186,0.400043,1.460896,34.7905,0.48980,53.4170,0.26850,0.26850
Q000016,102,51.0,recovery,0.294263,0.400807,1.461838,34.7905,0.48980,53.4170,0.26850,0.26850
Q000016,103,51.5,recovery,0.294963,0.399114,1.457706,34.7905,0.48980,53.4170,0.26850,0.26850
Q000016,104,52.0,recovery,0.290088,0.408035,1.451543,34.7905,0.48980,53.4170,0.26850,0.26850
Q000016,105,52.5,recovery,0.281531,0.400071,1.446241,34.7905,0.48980,53.4170,0.26850,0.26850
Q000016,106,53.0,recovery,0.275760,0.391172,1.435820,34.7905,0.48980,53.4170,0.26850,0.26850
Q000016,107,53.5,recovery,0.278241,0.394214,1.428244,34.7905,0.48980,53.4170,0.26850,0.26850
Q000016,108,54.0,recovery,0.278868,0.393826,1.421515,34.7905,0.48980,53.4170,0.26850,0.26850
Q000016,109,54.5,recovery,0.279137,0.394788,1.413477,34.7905,0.48980,53.4170,0.26850,0.26850
Q000016,110,55.0,recovery,0.275569,0.397362,1.412923,34.7905,0.48980,53.4170,0.26850,0.26850
Q000016,111,55.5,recovery,0.268647,0.397887,1.409477,34.7905,0.48980,53.4170,0.26850,0.26850
Q000016,112,56.0,recovery,0.269951,0.403760,1.410012,34.7905,0.48980,53.4170,0.26850,0.26850
Q000016,113,56.5,recovery,0.266338,0.402981,1.409954,34.7905,0.48980,53.4170,0.26850,0.26850
Q000016,114,57.0,recovery,0.271989,0.419742,1.400720,34.7905,0.48980,53.4170,0.26850,0.26850
Q000016,115,57.5,recovery,0.273501,0.424104,1.391623,34.7905,0.48980,53.4170,0.26850,0.26850
Q000016,116,58.0,recovery,0.272226,0.426932,1.384184,34.7905,0.48980,53.4170,0.26850,0.26850
Q000016,117,58.5,recovery,0.264376,0.431494,1.377313,34.7905,0.48980,53.4170,0.26850,0.26850
Q000016,118,59.0,recovery,0.266016,0.431049,1.381852,34.7905,0.48980,53.4170,0.26850,0.26850
Q000016,119,59.5,recovery,0.272401,0.438986,1.381460,34.7905,0.48980,53.4170,0.26850,0.26850
Q000016,120,60.0,recovery,0.280965,0.451001,1.378407,34.7905,0.48980,53.4170,0.26850,0.26850
Q000016,121,60.5,recovery,0.303378,0.467595,1.369465,34.7905,0.48980,53.4170,0.26850,0.26850
Q000016,122,61.0,recovery,0.319266,0.471230,1.362335,34.7905,0.48980,53.4170,0.26850,0.26850
Q000016,123,61.5,recovery,0.352697,0.484228,1.362690,34.7905,0.48980,53.4170,0.26850,0.26850
Q000016,124,62.0,recovery,0.409631,0.504282,1.356053,34.7905,0.48980,53.4170,0.26850,0.26850
Q000016,125,62.5,recovery,0.473458,0.516503,1.348899,34.7905,0.48980,53.4170,0.26850,0.26850
Q000016,126,63.0,recovery,0.594018,0.564700,1.342754,34.7905,0.48980,53.4170,0.26850,0.26850
Q000016,127,63.5,recovery,0.863553,0.880894,1.337333,34.7905,0.48980,53.4170,0.26850,0.26850
Q000017,0,0.0,baseline,2.494705,2.500268,1.159969,31.8570,0.57260,33.7429,0.20320,0.20320
Q000017,1,0.5,baseline,2.495986,2.513438,1.166116,31.8570,0.57260,33.7429,0.20320,0.20320
Q000017,2,1.0,baseline,2.499933,2.510437,1.169391,31.8570,0.57260,33.7429,0.20320,0.20320
Q000017,3,1.5,baseline,2.496243,2.507553,1.172520,31.8570,0.57260,33.7429,0.20320,0.20320
Q000017,4,2.0,baseline,2.485178,2.503430,1.169226,31.8570,0.57260,33.7429,0.20320,0.20320
Q000017,5,2.5,baseline,2.489334,2.507909,1.164598,31.8570,0.57260,33.7429,0.20320,0.20320
Q000017,6,3.0,baseline,2.480858,2.505293,1.169572,31.8570,0.57260,33.7429,0.20320,0.20320
Q000017,7,3.5,baseline,2.477884,2.504255,1.174443,31.8570,0.57260,33.7429,0.20320,0.20320
Q000017,8,4.0,baseline,2.475067,2.506782,1.178075,31.8570,0.57260,33.7429,0.20320,0.20320
Q000017,9,4.5,baseline,2.488187,2.515284,1.176009,31.8570,0.57260,33.7429,0.20320,0.20320
Q000017,10,5.0,baseline,2.482952,2.515666,1.179678,31.8570,0.57260,33.7429,0.20320,0.20320
Q000017,11,5.5,baseline,2.483532,2.517814,1.170572,31.8570,0.57260,33.7429,0.20320,0.20320
Q000017,12,6.0,baseline,2.479319,2.509717,1.168531,31.8570,0.57260,33.7429,0.20320,0.20320
Q000017,13,6.5,baseline,2.483388,2.500060,1.169169,31.8570,0.57260,33.7429,0.20320,0.20320
Q000017,14,7.0,baseline,2.485797,2.496328,1.167386,31.8570,0.57260,33.7429,0.20320,0.20320
Q000017,15,7.5,baseline,2.488998,2.499435,1.169124,31.8570,0.57260,33.7429,0.20320,0.20320
Q000017,16,8.0,baseline,2.478700,2.504430,1.162422,31.8570,0.57260,33.7429,0.20320,0.20320
Q000017,17,8.5,baseline,2.490581,2.504697,1.158186,31.8570,0.57260,33.7429,0.20320,0.20320
Q000017,18,9.0,baseline,2.491271,2.498669,1.158199,31.8570,0.57260,33.7429,0.20320,0.20320
Q000017,19,9.5,baseline,2.484955,2.494296,1.160208,31.8570,0.57260,33.7429,0.20320,0.20320
Q000017,20,10.0,baseline,2.483664,2.495871,1.152341,31.8570,0.57260,33.7429,0.20320,0.20320
Q000017,21,10.5,baseline,2.486072,2.494461,1.150180,31.8570,0.57260,33.7429,0.20320,0.20320
Q000017,22,11.0,baseline,2.491678,2.502685,1.147370,31.8570,0.57260,33.7429,0.20320,0.20320
Q000017,23,11.5,baseline,2.488829,2.490955,1.148367,31.8570,0.57260,33.7429,0.20320,0.20320
Q000017,24,12.0,baseline,2.483746,2.482190,1.146500,31.8570,0.57260,33.7429,0.20320,0.20320
Q000017,25,12.5,baseline,2.490059,2.477893,1.150872,31.8570,0.57260,33.7429,0.20320,0.20320
Q000017,26,13.0,baseline,2.492273,2.483232,1.145821,31.8570,0.57260,33.7429,0.20320,0.20320
Q000017,27,13.5,baseline,2.493736,2.483163,1.148970,31.8570,0.57260,33.7429,0.20320,0.20320
Q000017,28,14.0,baseline,2.487028,2.487725,1.144815,31.8570,0.57260,33.7429,0.20320,0.20320
Q000017,29,14.5,baseline,2.484986,2.503189,1.139666,31.8570,0.57260,33.7429,0.20320,0.20320
Q000017,30,15.0,baseline,2.484843,2.502955,1.136892,31.8570,0.57260,33.7429,0.20320,0.20320
Q000017,31,15.5,baseline,2.487536,2.507520,1.132340,31.8570,0.57260,33.7429,0.20320,0.20320
Q000017,32,16.0,exposure,2.310824,2.414419,1.132324,31.8570,0.57260,33.7429,0.20320,0.20320
Q000017,33,16.5,exposure,2.117064,2.320835,1.124422,31.8570,0.57260,33.7429,0.20320,0.20320
Q000017,34,17.0,exposure,1.925307,2.230849,1.129382,31.8570,0.57260,33.7429,0.20320,0.20320
Q000017,35,17.5,exposure,1.739088,2.149348,1.129586,31.8570,0.57260,33.7429,0.20320,0.20320
Q000017,36,18.0,exposure,1.562416,2.077155,1.125877,31.8570,0.57260,33.7429,0.20320,0.20320
Q000017,37,18.5,exposure,1.401864,1.999953,1.124605,31.8570,0.57260,33.7429,0.20320,0.20320
Q000017,38,19.0,exposure,1.245321,1.925286,1.128543,31.8570,0.57260,33.7429,0.20320,0.20320
Q000017,39,19.5,exposure,1.106628,1.845595,1.139890,31.8570,0.57260,33.7429,0.20320,0.20320
Q000017,40,20.0,exposure,0.985847,1.777921,1.141512,31.8570,0.57260,33.7429,0.20320,0.20320
Q000017,41,20.5,exposure,0.879786,1.713454,1.138401,31.8570,0.57260,33.7429,0.20320,0.20320
Q000017,42,21.0,exposure,0.779979,1.639648,1.142170,31.8570,0.57260,33.7429,0.20320,0.20320
Q000017,43,21.5,exposure,0.679834,1.593420,1.137780,31.8570,0.57260,33.7429,0.20320,0.20320
Q000017,44,22.0,exposure,0.614270,1.529179,1.141312,31.8570,0.57260,33.7429,0.20320,0.20320
Q000017,45,22.5,exposure,0.552881,1.480486,1.136255,31.8570,0.57260,33.7429,0.20320,0.20320
Q000017,46,23.0,exposure,0.491626,1.426488,1.141740,31.8570,0.57260,33.7429,0.20320,0.20320
Q000017,47,23.5,exposure,0.432264,1.381516,1.148665,31.8570,0.57260,33.7429,0.20320,0.20320
Q000017,48,24.0,exposure,0.387583,1.347929,1.152888,31.8570,0.57260,33.7429,0.20320,0.20320
Q000017,49,24.5,exposure,0.354756,1.301647,1.150562,31.8570,0.57260,33.7429,0.20320,0.20320
Q000017,50,25.0,exposure,0.311503,1.263015,1.147563,31.8570,0.57260,33.7429,0.20320,0.20320
Q000017,51,25.5,exposure,0.277904,1.224024,1.139861,31.8570,0.57260,33.7429,0.20320,0.20320
Q000017,52,26.0,exposure,0.264995,1.188890,1.142602,31.8570,0.57260,33.7429,0.20320,0.20320
Q000017,53,26.5,exposure,0.233945,1.135984,1.145490,31.8570,0.57260,33.7429,0.20320,0.20320
Q000017,54,27.0,exposure,0.209008,1.101067,1.149800,31.8570,0.57260,33.7429,0.20320,0.20320
Q000017,55,27.5,exposure,0.187578,1.078411,1.151717,31.8570,0.57260,33.7429,0.20320,0.20320
Q000017,56,28.0,exposure,0.167829,1.058374,1.155499,31.8570,0.57260,33.7429,0.20320,0.20320
Q000017,57,28.5,exposure,0.170578,1.031511,1.145511,31.8570,0.57260,33.7429,0.20320,0.20320
Q000017,58,29.0,exposure,0.167498,1.000366,1.152932,31.8570,0.57260,33.7429,0.20320,0.20320
Q000017,59,29.5,exposure,0.155435,0.976265,1.162959,31.8570,0.57260,33.7429,0.20320,0.20320
Q000017,60,30.0,exposure,0.140294,0.971415,1.166757,31.8570,0.57260,33.7429,0.20320,0.20320
Q000017,61,30.5,exposure,0.123347,0.941756,1.164356,31.8570,0.57260,33.7429,0.20320,0.20320
Q000017,62,31.0,exposure,0.115689,0.921398,1.165693,31.8570,0.57260,33.7429,0.20320,0.20320
Q000017,63,31.5,exposure,0.110473,0.893628,1.164726,31.8570,0.57260,33.7429,0.20320,0.20320
Q000017,64,32.0,steady,0.108939,0.872175,1.164646,31.8570,0.57260,33.7429,0.18000,0.18000
Q000017,65,32.5,steady,0.100535,0.861020,1.155339,31.8570,0.57260,33.7429,0.18000,0.18000
Q000017,66,33.0,steady,0.096715,0.841173,1.154738,31.8570,0.57260,33.7429,0.18000,0.18000
Q000017,67,33.5,steady,0.092693,0.825646,1.152775,31.8570,0.57260,33.7429,0.18000,0.18000
Q000017,68,34.0,steady,0.091434,0.814674,1.157965,31.8570,0.57260,33.7429,0.20000,0.20000
Q000017,69,34.5,steady,0.087815,0.802953,1.161956,31.8570,0.57260,33.7429,0.20000,0.20000
Q000017,70,35.0,steady,0.084271,0.792322,1.163544,31.8570,0.57260,33.7429,0.20000,0.20000
Q000017,71,35.5,steady,0.083289,0.786702,1.166324,31.8570,0.57260,33.7429,0.20000,0.20000
Q000017,72,36.0,steady,0.083463,0.768749,1.171477,31.8570,0.57260,33.7429,0.20000,0.20000
Q000017,73,36.5,steady,0.075354,0.766429,1.176390,31.8570,0.57260,33.7429,0.20000,0.20000
Q000017,74,37.0,steady,0.074875,0.736509,1.171272,31.8570,0.57260,33.7429,0.20000,0.20000
Q000017,75,37.5,steady,0.078826,0.734934,1.182073,31.8570,0.57260,33.7429,0.20000,0.20000
Q000017,76,38.0,steady,0.081523,0.726973,1.178428,31.8570,0.57260,33.7429,0.22000,0.22000
Q000017,77,38.5,steady,0.082736,0.714574,1.184055,31.8570,0.57260,33.7429,0.22000,0.22000
Q000017,78,39.0,steady,0.078613,0.705820,1.175689,31.8570,0.57260,33.7429,0.22000,0.22000
Q000017,79,39.5,steady,0.082097,0.698812,1.171752,31.8570,0.57260,33.7429,0.22000,0.22000
Q000017,80,40.0,steady,0.065310,0.689386,1.163455,31.8570,0.57260,33.7429,0.22000,0.22000
Q000017,81,40.5,steady,0.072794,0.685703,1.164795,31.8570,0.57260,33.7429,0.22000,0.22000
Q000017,82,41.0,steady,0.077833,0.681199,1.161293,31.8570,0.57260,33.7429,0.22000,0.22000
Q000017,83,41.5,steady,0.092168,0.679700,1.170666,31.8570,0.57260,33.7429,0.22000,0.22000
Q000017,84,42.0,steady,0.088860,0.664554,1.173801,31.8570,0.57260,33.7429,0.25000,0.25000
Q000017,85,42.5,steady,0.094588,0.652924,1.166275,31.8570,0.57260,33.7429,0.25000,0.25000
Q000017,86,43.0,steady,0.086506,0.652528,1.169204,31.8570,0.57260,33.7429,0.25000,0.25000
Q000017,87,43.5,steady,0.077939,0.661601,1.176949,31.8570,0.57260,33.7429,0.25000,0.25000
Q000017,88,44.0,steady,0.073737,0.657452,1.166805,31.8570,0.57260,33.7429,0.25000,0.25000
Q000017,89,44.5,steady,0.067563,0.641990,1.161424,31.8570,0.57260,33.7429,0.25000,0.25000
Q000017,90,45.0,steady,0.065596,0.644870,1.156844,31.8570,0.57260,33.7429,0.25000,0.25000
Q000017,91,45.5,steady,0.066000,0.636655,1.157332,31.8570,0.57260,33.7429,0.25000,0.25000
Q000017,92,46.0,steady,0.066292,0.634308,1.164222,31.8570,0.57260,33.7429,0.28000,0.28000
Q000017,93,46.5,steady,0.059254,0.630072,1.170875,31.8570,0.57260,33.7429,0.28000,0.28000
Q000017,94,47.0,steady,0.058165,0.622340,1.172607,31.8570,0.57260,33.7429,0.28000,0.28000
Q000017,95,47.5,steady,0.050027,0.618038,1.160386,31.8570,0.57260,33.7429,0.28000,0.28000
Q000017,96,48.0,recovery,0.052304,0.619406,1.163732,31.8570,0.57260,33.7429,0.20320,0.20320
Q000017,97,48.5,recovery,0.045058,0.622308,1.162750,31.8570,0.57260,33.7429,0.20320,0.20320
Q000017,98,49.0,recovery,0.039295,0.626376,1.161740,31.8570,0.57260,33.7429,0.20320,0.20320
Q000017,99,49.5,recovery,0.038821,0.628331,1.147996,31.8570,0.57260,33.7429,0.20320,0.20320
Q000017,100,50.0,recovery,0.035360,0.624988,1.146498,31.8570,0.57260,33.7429,0.20320,0.20320
Q000017,101,50.5,recovery,0.038796,0.629131,1.146564,31.8570,0.57260,33.7429,0.20320,0.20320
Q000017,102,51.0,recovery,0.040649,0.624465,1.142152,31.8570,0.57260,33.7429,0.20320,0.20320
Q000017,103,51.5,recovery,0.047086,0.622322,1.137395,31.8570,0.57260,33.7429,0.20320,0.20320
Q000017,104,52.0,recovery,0.057317,0.625706,1.129458,31.8570,0.57260,33.7429,0.20320,0.20320
Q000017,105,52.5,recovery,0.061304,0.613169,1.135982,31.8570,0.57260,33.7429,0.20320,0.20320
Q000017,106,53.0,recovery,0.051919,0.607753,1.133644,31.8570,0.57260,33.7429,0.20320,0.20320
Q000017,107,53.5,recovery,0.062027,0.617235,1.133006,31.8570,0.57260,33.7429,0.20320,0.20320
Q000017,108,54.0,recovery,0.061261,0.613323,1.127888,31.8570,0.57260,33.7429,0.20320,0.20320
Q000017,109,54.5,recovery,0.061239,0.619285,1.131889,31.8570,0.57260,33.7429,0.20320,0.20320
Q000017,110,55.0,recovery,0.065568,0.622098,1.128615,31.8570,0.57260,33.7429,0.20320,0.20320
Q000017,111,55.5,recovery,0.077372,0.619268,1.123772,31.8570,0.57260,33.7429,0.20320,0.20320
Q000017,112,56.0,recovery,0.076152,0.621093,1.124629,31.8570,0.57260,33.7429,0.20320,0.20320
Q000017,113,56.5,recovery,0.086667,0.625339,1.123694,31.8570,0.57260,33.7429,0.20320,0.20320
Q000017,114,57.0,recovery,0.090918,0.634607,1.124961,31.8570,0.57260,33.7429,0.20320,0.20320
Q000017,115,57.5,recovery,0.097941,0.632172,1.124931,31.8570,0.57260,33.7429,0.20320,0.20320
Q000017,116,58.0,recovery,0.094872,0.641638,1.120837,31.8570,0.57260,33.7429,0.20320,0.20320
Q000017,117,58.5,recovery,0.098901,0.641957,1.114601,31.8570,0.57260,33.7429,0.20320,0.20320
Q000017,118,59.0,recovery,0.108222,0.638839,1.106270,31.8570,0.57260,33.7429,0.20320,0.20320
Q000017,119,59.5,recovery,0.120292,0.647791,1.101087,31.8570,0.57260,33.7429,0.20320,0.20320
Q000017,120,60.0,recovery,0.137617,0.648420,1.098651,31.8570,0.57260,33.7429,0.20320,0.20320
Q000017,121,60.5,recovery,0.161307,0.652934,1.093509,31.8570,0.57260,33.7429,0.20320,0.20320
Q000017,122,61.0,recovery,0.194836,0.653720,1.088621,31.8570,0.57260,33.7429,0.20320,0.20320
Q000017,123,61.5,recovery,0.237825,0.672200,1.081595,31.8570,0.57260,33.7429,0.20320,0.20320
Q000017,124,62.0,recovery,0.298746,0.679325,1.086872,31.8570,0.57260,33.7429,0.20320,0.20320
Q000017,125,62.5,recovery,0.400646,0.698501,1.078778,31.8570,0.57260,33.7429,0.20320,0.20320
Q000017,126,63.0,recovery,0.559057,0.731936,1.082580,31.8570,0.57260,33.7429,0.20320,0.20320
Q000017,127,63.5,recovery,0.987732,0.910674,1.080441,31.8570,0.57260,33.7429,0.20320,0.20320
Q000018,0,0.0,baseline,2.504534,2.503163,1.075086,21.3091,0.26310,32.6590,0.29430,0.29430
Q000018,1,0.5,baseline,2.493591,2.508728,1.077018,21.3091,0.26310,32.6590,0.29430,0.29430
Q000018,2,1.0,baseline,2.495341,2.504652,1.080457,21.3091,0.26310,32.6590,0.29430,0.29430
Q000018,3,1.5,baseline,2.500673,2.497930,1.087954,21.3091,0.26310,32.6590,0.29430,0.29430
Q000018,4,2.0,baseline,2.502516,2.508990,1.086482,21.3091,0.26310,32.6590,0.29430,0.29430
Q000018,5,2.5,baseline,2.502848,2.507687,1.082530,21.3091,0.26310,32.6590,0.29430,0.29430
Q000018,6,3.0,baseline,2.493689,2.505480,1.080684,21.3091,0.26310,32.6590,0.29430,0.29430
Q000018,7,3.5,baseline,2.490979,2.515350,1.075408,21.3091,0.26310,32.6590,0.29430,0.29430
Q000018,8,4.0,baseline,2.500427,2.516540,1.072520,21.3091,0.26310,32.6590,0.29430,0.29430
Q000018,9,4.5,baseline,2.506304,2.513414,1.068788,21.3091,0.26310,32.6590,0.29430,0.29430
Q000018,10,5.0,baseline,2.500112,2.521639,1.075121,21.3091,0.26310,32.6590,0.29430,0.29430
Q000018,11,5.5,baseline,2.511233,2.518412,1.075042,21.3091,0.26310,32.6590,0.29430,0.29430
Q000018,12,6.0,baseline,2.511708,2.525944,1.065741,21.3091,0.26310,32.6590,0.29430,0.29430
Q000018,13,6.5,baseline,2.510319,2.530221,1.058210,21.3091,0.26310,32.6590,0.29430,0.29430
Q000018,14,7.0,baseline,2.507694,2.527033,1.059423,21.3091,0.26310,32.6590,0.29430,0.29430
Q000018,15,7.5,baseline,2.503813,2.524996,1.055976,21.3091,0.26310,32.6590,0.29430,0.29430
Q000018,16,8.0,baseline,2.504868,2.529859,1.060778,21.3091,0.26310,32.6590,0.29430,0.29430
Q000018,17,8.5,baseline,2.503259,2.527748,1.070570,21.3091,0.26310,32.6590,0.29430,0.29430
Q000018,18,9.0,baseline,2.512840,2.536384,1.069142,21.3091,0.26310,32.6590,0.29430,0.29430
Q000018,19,9.5,baseline,2.510357,2.535954,1.064514,21.3091,0.26310,32.6590,0.29430,0.29430
Q000018,20,10.0,baseline,2.517348,2.535248,1.068904,21.3091,0.26310,32.6590,0.29430,0.29430
Q000018,21,10.5,baseline,2.520623,2.522123,1.064759,21.3091,0.26310,32.6590,0.29430,0.29430
Q000018,22,11.0,baseline,2.519335,2.517643,1.067130,21.3091,0.26310,32.6590,0.29430,0.29430
Q000018,23,11.5,baseline,2.521689,2.518696,1.068017,21.3091,0.26310,32.6590,0.29430,0.29430
Q000018,24,12.0,baseline,2.521088,2.507282,1.070623,21.3091,0.26310,32.6590,0.29430,0.29430
Q000018,25,12.5,baseline,2.518944,2.506343,1.070549,21.3091,0.26310,32.6590,0.29430,0.29430
Q000018,26,13.0,baseline,2.521694,2.508712,1.070865,21.3091,0.26310,32.6590,0.29430,0.29430
Q000018,27,13.5,baseline,2.515877,2.507509,1.060788,21.3091,0.26310,32.6590,0.29430,0.29430
Q000018,28,14.0,baseline,2.507061,2.502446,1.060068,21.3091,0.26310,32.6590,0.29430,0.29430
Q000018,29,14.5,baseline,2.504090,2.500271,1.058936,21.3091,0.26310,32.6590,0.29430,0.29430
Q000018,30,15.0,baseline,2.505310,2.497777,1.058063,21.3091,0.26310,32.6590,0.29430,0.29430
Q000018,31,15.5,baseline,2.500766,2.499629,1.059037,21.3091,0.26310,32.6590,0.29430,0.29430
Q000018,32,16.0,exposure,2.452153,2.265492,1.067036,21.3091,0.26310,32.6590,0.29430,0.29430
Q000018,33,16.5,exposure,2.381519,2.050788,1.062929,21.3091,0.26310,32.6590,0.29430,0.29430
Q000018,34,17.0,exposure,2.301437,1.853335,1.072903,21.3091,0.26310,32.6590,0.29430,0.29430
Q000018,35,17.5,exposure,2.225057,1.677598,1.077355,21.3091,0.26310,32.6590,0.29430,0.29430
Q000018,36,18.0,exposure,2.153624,1.528282,1.077042,21.3091,0.26310,32.6590,0.29430,0.29430
Q000018,37,18.5,exposure,2.064153,1.404378,1.073830,21.3091,0.26310,32.6590,0.29430,0.29430
Q000018,38,19.0,exposure,1.977858,1.293762,1.085767,21.3091,0.26310,32.6590,0.29430,0.29430
Q000018,39,19.5,exposure,1.894269,1.192363,1.091955,21.3091,0.26310,32.6590,0.29430,0.29430
Q000018,40,20.0,exposure,1.809564,1.114372,1.102669,21.3091,0.26310,32.6590,0.29430,0.29430
Q000018,41,20.5,exposure,1.726290,1.044770,1.113831,21.3091,0.26310,32.6590,0.29430,0.29430
Q000018,42,21.0,exposure,1.648935,0.978354,1.121711,21.3091,0.26310,32.6590,0.29430,0.29430
Q000018,43,21.5,exposure,1.569848,0.922713,1.128477,21.3091,0.26310,32.6590,0.29430,0.29430
Q000018,44,22.0,exposure,1.486956,0.863315,1.143622,21.3091,0.26310,32.6590,0.29430,0.29430
Q000018,45,22.5,exposure,1.408974,0.822431,1.150967,21.3091,0.26310,32.6590,0.29430,0.29430
Q000018,46,23.0,exposure,1.330064,0.775056,1.159493,21.3091,0.26310,32.6590,0.29430,0.29430
Q000018,47,23.5,exposure,1.257025,0.738103,1.170174,21.3091,0.26310,32.6590,0.29430,0.29430
Q000018,48,24.0,exposure,1.195205,0.705383,1.183580,21.3091,0.26310,32.6590,0.29430,0.29430
Q000018,49,24.5,exposure,1.138805,0.681183,1.187396,21.3091,0.26310,32.6590,0.29430,0.29430
Q000018,50,25.0,exposure,1.086699,0.659647,1.199945,21.3091,0.26310,32.6590,0.29430,0.29430
Q000018,51,25.5,exposure,1.031050,0.643722,1.213547,21.3091,0.26310,32.6590,0.29430,0.29430
Q000018,52,26.0,exposure,0.984980,0.628361,1.220463,21.3091,0.26310,32.6590,0.29430,0.29430
Q000018,53,26.5,exposure,0.941458,0.600304,1.238881,21.3091,0.26310,32.6590,0.29430,0.29430
Q000018,54,27.0,exposure,0.881969,0.593752,1.251177,21.3091,0.26310,32.6590,0.29430,0.29430
Q000018,55,27.5,exposure,0.833915,0.569416,1.269955,21.3091,0.26310,32.6590,0.29430,0.29430
Q000018,56,28.0,exposure,0.788614,0.552282,1.272881,21.3091,0.26310,32.6590,0.29430,0.29430
Q000018,57,28.5,exposure,0.753267,0.540564,1.275760,21.3091,0.26310,32.6590,0.29430,0.29430
Q000018,58,29.0,exposure,0.719905,0.532718,1.292270,21.3091,0.26310,32.6590,0.29430,0.29430
Q000018,59,29.5,exposure,0.687584,0.527449,1.300521,21.3091,0.26310,32.6590,0.29430,0.29430
Q000018,60,30.0,exposure,0.649524,0.520317,1.316431,21.3091,0.26310,32.6590,0.29430,0.29430
Q000018,61,30.5,exposure,0.616234,0.516202,1.325693,21.3091,0.26310,32.6590,0.29430,0.29430
Q000018,62,31.0,exposure,0.569620,0.512259,1.336984,21.3091,0.26310,32.6590,0.29430,0.29430
Q000018,63,31.5,exposure,0.539410,0.518755,1.348608,21.3091,0.26310,32.6590,0.29430,0.29430
Q000018,64,32.0,steady,0.524558,0.499673,1.368869,21.3091,0.26310,32.6590,0.18000,0.18000
Q000018,65,32.5,steady,0.510503,0.507843,1.386320,21.3091,0.26310,32.6590,0.18000,0.18000
Q000018,66,33.0,steady,0.496563,0.506373,1.394455,21.3091,0.26310,32.6590,0.18000,0.18000
Q000018,67,33.5,steady,0.482832,0.505751,1.400999,21.3091,0.26310,32.6590,0.18000,0.18000
Q000018,68,34.0,steady,0.462239,0.513785,1.398288,21.3091,0.26310,32.6590,0.20000,0.20000
Q000018,69,34.5,steady,0.451144,0.519566,1.404279,21.3091,0.26310,32.6590,0.20000,0.20000
Q000018,70,35.0,steady,0.438851,0.516801,1.409901,21.3091,0.26310,32.6590,0.20000,0.20000
Q000018,71,35.5,steady,0.430834,0.514026,1.409616,21.3091,0.26310,32.6590,0.20000,0.20000
Q000018,72,36.0,steady,0.416812,0.515838,1.403599,21.3091,0.26310,32.6590,0.20000,0.20000
Q000018,73,36.5,steady,0.393128,0.509552,1.405711,21.3091,0.26310,32.6590,0.20000,0.20000
Q000018,74,37.0,steady,0.379032,0.518757,1.409071,21.3091,0.26310,32.6590,0.20000,0.20000
Q000018,75,37.5,steady,0.367275,0.524945,1.412255,21.3091,0.26310,32.6590,0.20000,0.20000
Q000018,76,38.0,steady,0.353182,0.525425,1.416039,21.3091,0.26310,32.6590,0.22000,0.22000
Q000018,77,38.5,steady,0.344554,0.521219,1.422434,21.3091,0.26310,32.6590,0.22000,0.22000
Q000018,78,39.0,steady,0.326825,0.526762,1.425619,21.3091,0.26310,32.6590,0.22000,0.22000
Q000018,79,39.5,steady,0.320627,0.506769,1.420764,21.3091,0.26310,32.6590,0.22000,0.22000
Q000018,80,40.0,steady,0.316164,0.503562,1.424536,21.3091,0.26310,32.6590,0.22000,0.22000
Q000018,81,40.5,steady,0.313000,0.495701,1.423445,21.3091,0.26310,32.6590,0.22000,0.22000
Q000018,82,41.0,steady,0.302115,0.480580,1.430403,21.3091,0.26310,32.6590,0.22000,0.22000
Q000018,83,41.5,steady,0.296297,0.481921,1.434811,21.3091,0.26310,32.6590,0.22000,0.22000
Q000018,84,42.0,steady,0.278595,0.487501,1.440573,21.3091,0.26310,32.6590,0.25000,0.25000
Q000018,85,42.5,steady,0.271489,0.479926,1.444487,21.3091,0.26310,32.6590,0.25000,0.25000
Q000018,86,43.0,steady,0.263315,0.484961,1.441831,21.3091,0.26310,32.6590,0.25000,0.25000
Q000018,87,43.5,steady,0.241069,0.479781,1.446446,21.3091,0.26310,32.6590,0.25000,0.25000
Q000018,88,44.0,steady,0.231205,0.477464,1.440143,21.3091,0.26310,32.6590,0.25000,0.25000
Q000018,89,44.5,steady,0.227192,0.484349,1.445207,21.3091,0.26310,32.6590,0.25000,0.25000
Q000018,90,45.0,steady,0.217828,0.491297,1.442104,21.3091,0.26310,32.6590,0.25000,0.25000
Q000018,91,45.5,steady,0.210167,0.489378,1.443869,21.3091,0.26310,32.6590,0.25000,0.25000
Q000018,92,46.0,steady,0.195527,0.476090,1.446974,21.3091,0.26310,32.6590,0.28000,0.28000
Q000018,93,46.5,steady,0.182785,0.481186,1.442312,21.3091,0.26310,32.6590,0.28000,0.28000
Q000018,94,47.0,steady,0.182866,0.487142,1.445559,21.3091,0.26310,32.6590,0.28000,0.28000
Q000018,95,47.5,steady,0.171848,0.481682,1.442596,21.3091,0.26310,32.6590,0.28000,0.28000
Q000018,96,48.0,recovery,0.165054,0.485195,1.440894,21.3091,0.26310,32.6590,0.29430,0.29430
Q000018,97,48.5,recovery,0.165496,0.484435,1.434089,21.3091,0.26310,32.6590,0.29430,0.29430
Q000018,98,49.0,recovery,0.173824,0.486822,1.427501,21.3091,0.26310,32.6590,0.29430,0.29430
Q000018,99,49.5,recovery,0.164824,0.476052,1.419738,21.3091,0.26310,32.6590,0.29430,0.29430
Q000018,100,50.0,recovery,0.167284,0.478950,1.418376,21.3091,0.26310,32.6590,0.29430,0.29430
Q000018,101,50.5,recovery,0.182742,0.472775,1.412092,21.3091,0.26310,32.6590,0.29430,0.29430
Q000018,102,51.0,recovery,0.184069,0.467225,1.405786,21.3091,0.26310,32.6590,0.29430,0.29430
Q000018,103,51.5,recovery,0.187925,0.470725,1.397170,21.3091,0.26310,32.6590,0.29430,0.29430
Q000018,104,52.0,recovery,0.210894,0.476973,1.384313,21.3091,0.26310,32.6590,0.29430,0.29430
Q000018,105,52.5,recovery,0.205133,0.474170,1.380881,21.3091,0.26310,32.6590,0.29430,0.29430
Q000018,106,53.0,recovery,0.218663,0.481843,1.373109,21.3091,0.26310,32.6590,0.29430,0.29430
Q000018,107,53.5,recovery,0.225566,0.508950,1.358462,21.3091,0.26310,32.6590,0.29430,0.29430
Q000018,108,54.0,recovery,0.237434,0.512483,1.353626,21.3091,0.26310,32.6590,0.29430,0.29430
Q000018,109,54.5,recovery,0.251972,0.516738,1.350436,21.3091,0.26310,32.6590,0.29430,0.29430
Q000018,110,55.0,recovery,0.267645,0.527312,1.331900,21.3091,0.26310,32.6590,0.29430,0.29430
Q000018,111,55.5,recovery,0.288051,0.533554,1.330814,21.3091,0.26310,32.6590,0.29430,0.29430
Q000018,112,56.0,recovery,0.322083,0.542594,1.324143,21.3091,0.26310,32.6590,0.29430,0.29430
Q000018,113,56.5,recovery,0.341140,0.550115,1.323293,21.3091,0.26310,32.6590,0.29430,0.29430
Q000018,114,57.0,recovery,0.367433,0.551023,1.311998,21.3091,0.26310,32.6590,0.29430,0.29430
Q000018,115,57.5,recovery,0.392296,0.553809,1.301860,21.3091,0.26310,32.6590,0.29430,0.29430
Q000018,116,58.0,recovery,0.408632,0.561963,1.297440,21.3091,0.26310,32.6590,0.29430,0.29430
Q000018,117,58.5,recovery,0.440601,0.566571,1.290505,21.3091,0.26310,32.6590,0.29430,0.29430
Q000018,118,59.0,recovery,0.475075,0.584880,1.288964,21.3091,0.26310,32.6590,0.29430,0.29430
Q000018,119,59.5,recovery,0.506127,0.589282,1.269625,21.3091,0.26310,32.6590,0.29430,0.29430
Q000018,120,60.0,recovery,0.547877,0.595520,1.253822,21.3091,0.26310,32.6590,0.29430,0.29430
Q000018,121,60.5,recovery,0.589422,0.589124,1.238684,21.3091,0.26310,32.6590,0.29430,0.29430
Q000018,122,61.0,recovery,0.642775,0.592786,1.232300,21.3091,0.26310,32.6590,0.29430,0.29430
Q000018,123,61.5,recovery,0.700712,0.598889,1.214752,21.3091,0.26310,32.6590,0.29430,0.29430
Q000018,124,62.0,recovery,0.765494,0.617948,1.207185,21.3091,0.26310,32.6590,0.29430,0.29430
Q000018,125,62.5,recovery,0.852940,0.635855,1.190637,21.3091,0.26310,32.6590,0.29430,0.29430
Q000018,126,63.0,recovery,0.960726,0.683292,1.180570,21.3091,0.26310,32.6590,0.29430,0.29430
Q000018,127,63.5,recovery,1.149110,0.999536,1.179418,21.3091,0.26310,32.6590,0.29430,0.29430
Q000019,0,0.0,baseline,2.503429,2.495068,1.169179,32.5274,0.29160,59.3263,0.23960,0.23960
Q000019,1,0.5,baseline,2.506097,2.493516,1.167685,32.5274,0.29160,59.3263,0.23960,0.23960
Q000019,2,1.0,baseline,2.499640,2.490400,1.169672,32.5274,0.29160,59.3263,0.23960,0.23960
Q000019,3,1.5,baseline,2.498495,2.479738,1.164000,32.5274,0.29160,59.3263,0.23960,0.23960
Q000019,4,2.0,baseline,2.496587,2.480846,1.162917,32.5274,0.29160,59.3263,0.23960,0.23960
Q000019,5,2.5,baseline,2.496573,2.480745,1.157617,32.5274,0.29160,59.3263,0.23960,0.23960
Q000019,6,3.0,baseline,2.488462,2.484413,1.157441,32.5274,0.29160,59.3263,0.23960,0.23960
Q000019,7,3.5,baseline,2.496286,2.478198,1.154904,32.5274,0.29160,59.3263,0.23960,0.23960
Q000019,8,4.0,baseline,2.498079,2.480117,1.162278,32.5274,0.29160,59.3263,0.23960,0.23960
Q000019,9,4.5,baseline,2.495449,2.482205,1.164281,32.5274,0.29160,59.3263,0.23960,0.23960
Q000019,10,5.0,baseline,2.492732,2.468952,1.165166,32.5274,0.29160,59.3263,0.23960,0.23960
Q000019,11,5.5,baseline,2.493959,2.474831,1.160680,32.5274,0.29160,59.3263,0.23960,0.23960
Q000019,12,6.0,baseline,2.487642,2.463615,1.164820,32.5274,0.29160,59.3263,0.23960,0.23960
Q000019,13,6.5,baseline,2.480975,2.461325,1.168308,32.5274,0.29160,59.3263,0.23960,0.23960
Q000019,14,7.0,baseline,2.482437,2.457680,1.169739,32.5274,0.29160,59.3263,0.23960,0.23960
Q000019,15,7.5,baseline,2.479971,2.453137,1.167581,32.5274,0.29160,59.3263,0.23960,0.23960
Q000019,16,8.0,baseline,2.484553,2.453099,1.171368,32.5274,0.29160,59.3263,0.23960,0.23960
Q000019,17,8.5,baseline,2.495054,2.457650,1.168986,32.5274,0.29160,59.3263,0.23960,0.23960
Q000019,18,9.0,baseline,2.499187,2.463830,1.170445,32.5274,0.29160,59.3263,0.23960,0.23960
Q000019,19,9.5,baseline,2.499084,2.476059,1.174111,32.5274,0.29160,59.3263,0.23960,0.23960
Q000019,20,10.0,baseline,2.503929,2.469845,1.172486,32.5274,0.29160,59.3263,0.23960,0.23960
Q000019,21,10.5,baseline,2.506991,2.467636,1.174073,32.5274,0.29160,59.3263,0.23960,0.23960
Q000019,22,11.0,baseline,2.518064,2.465597,1.178489,32.5274,0.29160,59.3263,0.23960,0.23960
Q000019,23,11.5,baseline,2.518160,2.470337,1.184551,32.5274,0.29160,59.3263,0.23960,0.23960
Q000019,24,12.0,baseline,2.525446,2.470733,1.184148,32.5274,0.29160,59.3263,0.23960,0.23960
Q000019,25,12.5,baseline,2.535206,2.478986,1.187387,32.5274,0.29160,59.3263,0.23960,0.23960
Q000019,26,13.0,baseline,2.538104,2.476386,1.186896,32.5274,0.29160,59.3263,0.23960,0.23960
Q000019,27,13.5,baseline,2.531458,2.472857,1.189587,32.5274,0.29160,59.3263,0.23960,0.23960
Q000019,28,14.0,baseline,2.535012,2.465873,1.184514,32.5274,0.29160,59.3263,0.23960,0.23960
Q000019,29,14.5,baseline,2.531198,2.458539,1.177339,32.5274,0.29160,59.3263,0.23960,0.23960
Q000019,30,15.0,baseline,2.533703,2.460052,1.177354,32.5274,0.29160,59.3263,0.23960,0.23960
Q000019,31,15.5,baseline,2.537970,2.451096,1.175493,32.5274,0.29160,59.3263,0.23960,0.23960
Q000019,32,16.0,exposure,2.445399,2.443820,1.176198,32.5274,0.29160,59.3263,0.23960,0.23960
Q000019,33,16.5,exposure,2.330594,2.440170,1.177007,32.5274,0.29160,59.3263,0.23960,0.23960
Q000019,34,17.0,exposure,2.214867,2.419243,1.186566,32.5274,0.29160,59.3263,0.23960,0.23960
Q000019,35,17.5,exposure,2.102909,2.395704,1.193810,32.5274,0.29160,59.3263,0.23960,0.23960
Q000019,36,18.0,exposure,1.982180,2.369624,1.195916,32.5274,0.29160,59.3263,0.23960,0.23960
Q000019,37,18.5,exposure,1.863213,2.345349,1.199162,32.5274,0.29160,59.3263,0.23960,0.23960
Q000019,38,19.0,exposure,1.751463,2.304058,1.209593,32.5274,0.29160,59.3263,0.23960,0.23960
Q000019,39,19.5,exposure,1.648435,2.275068,1.211972,32.5274,0.29160,59.3263,0.23960,0.23960
Q000019,40,20.0,exposure,1.552675,2.249953,1.226786,32.5274,0.29160,59.3263,0.23960,0.23960
Q000019,41,20.5,exposure,1.460876,2.222308,1.237269,32.5274,0.29160,59.3263,0.23960,0.23960
Q000019,42,21.0,exposure,1.365303,2.201372,1.250600,32.5274,0.29160,59.3263,0.23960,0.23960
Q000019,43,21.5,exposure,1.280258,2.165999,1.260159,32.5274,0.29160,59.3263,0.23960,0.23960
Q000019,44,22.0,exposure,1.192665,2.126245,1.280446,32.5274,0.29160,59.3263,0.23960,0.23960
Q000019,45,22.5,exposure,1.119596,2.077571,1.287446,32.5274,0.29160,59.3263,0.23960,0.23960
Q000019,46,23.0,exposure,1.054173,2.037239,1.290973,32.5274,0.29160,59.3263,0.23960,0.23960
Q000019,47,23.5,exposure,0.989038,2.001435,1.302836,32.5274,0.29160,59.3263,0.23960,0.23960
Q000019,48,24.0,exposure,0.924402,1.968427,1.317739,32.5274,0.29160,59.3263,0.23960,0.23960
Q000019,49,24.5,exposure,0.859676,1.929050,1.324215,32.5274,0.29160,59.3263,0.23960,0.23960
Q000019,50,25.0,exposure,0.809279,1.903504,1.335282,32.5274,0.29160,59.3263,0.23960,0.23960
Q000019,51,25.5,exposure,0.760882,1.870729,1.353625,32.5274,0.29160,59.3263,0.23960,0.23960
Q000019,52,26.0,exposure,0.727766,1.828262,1.364134,32.5274,0.29160,59.3263,0.23960,0.23960
Q000019,53,26.5,exposure,0.690539,1.794689,1.376384,32.5274,0.29160,59.3263,0.23960,0.23960
Q000019,54,27.0,exposure,0.655016,1.761800,1.390003,32.5274,0.29160,59.3263,0.23960,0.23960
Q000019,55,27.5,exposure,0.619460,1.749602,1.407321,32.5274,0.29160,59.3263,0.23960,0.23960
Q000019,56,28.0,exposure,0.571723,1.730207,1.421948,32.5274,0.29160,59.3263,0.23960,0.23960
Q000019,57,28.5,exposure,0.529222,1.720501,1.442164,32.5274,0.29160,59.3263,0.23960,0.23960
Q000019,58,29.0,exposure,0.508437,1.700883,1.457937,32.5274,0.29160,59.3263,0.23960,0.23960
Q000019,59,29.5,exposure,0.480242,1.673082,1.471124,32.5274,0.29160,59.3263,0.23960,0.23960
Q000019,60,30.0,exposure,0.449439,1.649289,1.477052,32.5274,0.29160,59.3263,0.23960,0.23960
Q000019,61,30.5,exposure,0.423836,1.622640,1.506424,32.5274,0.29160,59.3263,0.23960,0.23960
Q000019,62,31.0,exposure,0.411912,1.597458,1.522914,32.5274,0.29160,59.3263,0.23960,0.23960
Q000019,63,31.5,exposure,0.402394,1.585664,1.548142,32.5274,0.29160,59.3263,0.23960,0.23960
Q000019,64,32.0,steady,0.401671,1.566702,1.554071,32.5274,0.29160,59.3263,0.18000,0.18000
Q000019,65,32.5,steady,0.393035,1.558518,1.568324,32.5274,0.29160,59.3263,0.18000,0.18000
Q000019,66,33.0,steady,0.390486,1.551449,1.584506,32.5274,0.29160,59.3263,0.18000,0.18000
Q000019,67,33.5,steady,0.380114,1.533578,1.595357,32.5274,0.29160,59.3263,0.18000,0.18000
Q000019,68,34.0,steady,0.372873,1.521586,1.600327,32.5274,0.29160,59.3263,0.20000,0.20000
Q000019,69,34.5,steady,0.376596,1.515191,1.607170,32.5274,0.29160,59.3263,0.20000,0.20000
Q000019,70,35.0,steady,0.354835,1.485219,1.617836,32.5274,0.29160,59.3263,0.20000,0.20000
Q000019,71,35.5,steady,0.334638,1.471428,1.629080,32.5274,0.29160,59.3263,0.20000,0.20000
Q000019,72,36.0,steady,0.326586,1.454033,1.626972,32.5274,0.29160,59.3263,0.20000,0.20000
Q000019,73,36.5,steady,0.306475,1.443856,1.628073,32.5274,0.29160,59.3263,0.20000,0.20000
Q000019,74,37.0,steady,0.303352,1.434978,1.644429,32.5274,0.29160,59.3263,0.20000,0.20000
Q000019,75,37.5,steady,0.304237,1.422966,1.648285,32.5274,0.29160,59.3263,0.20000,0.20000
Q000019,76,38.0,steady,0.296023,1.416616,1.644515,32.5274,0.29160,59.3263,0.22000,0.22000
Q000019,77,38.5,steady,0.286149,1.410868,1.641008,32.5274,0.29160,59.3263,0.22000,0.22000
Q000019,78,39.0,steady,0.286678,1.404451,1.643126,32.5274,0.29160,59.3263,0.22000,0.22000
Q000019,79,39.5,steady,0.286797,1.406897,1.640191,32.5274,0.29160,59.3263,0.22000,0.22000
Q000019,80,40.0,steady,0.282361,1.401068,1.639206,32.5274,0.29160,59.3263,0.22000,0.22000
Q000019,81,40.5,steady,0.273236,1.397405,1.645325,32.5274,0.29160,59.3263,0.22000,0.22000
Q000019,82,41.0,steady,0.275618,1.392499,1.649959,32.5274,0.29160,59.3263,0.22000,0.22000
Q000019,83,41.5,steady,0.277165,1.378351,1.664011,32.5274,0.29160,59.3263,0.22000,0.22000
Q000019,84,42.0,steady,0.276718,1.373809,1.663521,32.5274,0.29160,59.3263,0.25000,0.25000
Q000019,85,42.5,steady,0.265936,1.368345,1.661586,32.5274,0.29160,59.3263,0.25000,0.25000
Q000019,86,43.0,steady,0.257137,1.344965,1.659678,32.5274,0.29160,59.3263,0.25000,0.25000
Q000019,87,43.5,steady,0.246759,1.342319,1.665539,32.5274,0.29160,59.3263,0.25000,0.25000
Q000019,88,44.0,steady,0.239467,1.339993,1.664480,32.5274,0.29160,59.3263,0.25000,0.25000
Q000019,89,44.5,steady,0.231221,1.323871,1.666311,32.5274,0.29160,59.3263,0.25000,0.25000
Q000019,90,45.0,steady,0.237845,1.320184,1.676039,32.5274,0.29160,59.3263,0.25000,0.25000
Q000019,91,45.5,steady,0.241342,1.314059,1.677096,32.5274,0.29160,59.3263,0.25000,0.25000
Q000019,92,46.0,steady,0.238158,1.305683,1.667277,32.5274,0.29160,59.3263,0.28000,0.28000
Q000019,93,46.5,steady,0.227054,1.303457,1.664720,32.5274,0.29160,59.3263,0.28000,0.28000
Q000019,94,47.0,steady,0.221343,1.295335,1.667296,32.5274,0.29160,59.3263,0.28000,0.28000
Q000019,95,47.5,steady,0.218667,1.289362,1.672921,32.5274,0.29160,59.3263,0.28000,0.28000
Q000019,96,48.0,recovery,0.231322,1.286970,1.660494,32.5274,0.29160,59.3263,0.23960,0.23960
Q000019,97,48.5,recovery,0.237997,1.283968,1.646578,32.5274,0.29160,59.3263,0.23960,0.23960
Q000019,98,49.0,recovery,0.240165,1.289730,1.637908,32.5274,0.29160,59.3263,0.23960,0.23960
Q000019,99,49.5,recovery,0.236968,1.294192,1.636170,32.5274,0.29160,59.3263,0.23960,0.23960
Q000019,100,50.0,recovery,0.239268,1.302675,1.632679,32.5274,0.29160,59.3263,0.23960,0.23960
Q000019,101,50.5,recovery,0.239979,1.310695,1.628758,32.5274,0.29160,59.3263,0.23960,0.23960
Q000019,102,51.0,recovery,0.238174,1.312772,1.622504,32.5274,0.29160,59.3263,0.23960,0.23960
Q000019,103,51.5,recovery,0.245105,1.319972,1.624367,32.5274,0.29160,59.3263,0.23960,0.23960
Q000019,104,52.0,recovery,0.251986,1.334313,1.616165,32.5274,0.29160,59.3263,0.23960,0.23960
Q000019,105,52.5,recovery,0.271745,1.338453,1.607442,32.5274,0.29160,59.3263,0.23960,0.23960
Q000019,106,53.0,recovery,0.294470,1.351082,1.594157,32.5274,0.29160,59.3263,0.23960,0.23960
Q000019,107,53.5,recovery,0.301495,1.363695,1.582585,32.5274,0.29160,59.3263,0.23960,0.23960
Q000019,108,54.0,recovery,0.332114,1.377555,1.567307,32.5274,0.29160,59.3263,0.23960,0.23960
Q000019,109,54.5,recovery,0.351116,1.407679,1.550047,32.5274,0.29160,59.3263,0.23960,0.23960
Q000019,110,55.0,recovery,0.361930,1.426894,1.540637,32.5274,0.29160,59.3263,0.23960,0.23960
Q000019,111,55.5,recovery,0.373297,1.449288,1.512821,32.5274,0.29160,59.3263,0.23960,0.23960
Q000019,112,56.0,recovery,0.386862,1.485139,1.503878,32.5274,0.29160,59.3263,0.23960,0.23960
Q000019,113,56.5,recovery,0.411927,1.508546,1.486244,32.5274,0.29160,59.3263,0.23960,0.23960
Q000019,114,57.0,recovery,0.441583,1.521932,1.476903,32.5274,0.29160,59.3263,0.23960,0.23960
Q000019,115,57.5,recovery,0.458129,1.552810,1.456952,32.5274,0.29160,59.3263,0.23960,0.23960
Q000019,116,58.0,recovery,0.478043,1.572808,1.442491,32.5274,0.29160,59.3263,0.23960,0.23960
Q000019,117,58.5,recovery,0.497344,1.599500,1.434084,32.5274,0.29160,59.3263,0.23960,0.23960
Q000019,118,59.0,recovery,0.529208,1.624196,1.426197,32.5274,0.29160,59.3263,0.23960,0.23960
Q000019,119,59.5,recovery,0.567579,1.659986,1.408888,32.5274,0.29160,59.3263,0.23960,0.23960
Q000019,120,60.0,recovery,0.612507,1.697701,1.388069,32.5274,0.29160,59.3263,0.23960,0.23960
Q000019,121,60.5,recovery,0.658453,1.731668,1.367694,32.5274,0.29160,59.3263,0.23960,0.23960
Q000019,122,61.0,recovery,0.721335,1.770703,1.350966,32.5274,0.29160,59.3263,0.23960,0.23960
Q000019,123,61.5,recovery,0.777695,1.807778,1.329254,32.5274,0.29160,59.3263,0.23960,0.23960
Q000019,124,62.0,recovery,0.843430,1.853560,1.306605,32.5274,0.29160,59.3263,0.23960,0.23960
Q000019,125,62.5,recovery,0.917263,1.899585,1.294158,32.5274,0.29160,59.3263,0.23960,0.23960
Q000019,126,63.0,recovery,1.033348,1.943256,1.273133,32.5274,0.29160,59.3263,0.23960,0.23960
Q000019,127,63.5,recovery,1.222661,1.994871,1.257422,32.5274,0.29160,59.3263,0.23960,0.23960
Q000020,0,0.0,baseline,2.504006,2.497877,1.181498,33.2910,0.37940,35.8928,0.22470,0.22470
Q000020,1,0.5,baseline,2.505081,2.498724,1.183939,33.2910,0.37940,35.8928,0.22470,0.22470
Q000020,2,1.0,baseline,2.506085,2.503147,1.182092,33.2910,0.37940,35.8928,0.22470,0.22470
Q000020,3,1.5,baseline,2.505180,2.510790,1.182329,33.2910,0.37940,35.8928,0.22470,0.22470
Q000020,4,2.0,baseline,2.495381,2.508207,1.177935,33.2910,0.37940,35.8928,0.22470,0.22470
Q000020,5,2.5,baseline,2.488620,2.506457,1.188402,33.2910,0.37940,35.8928,0.22470,0.22470
Q000020,6,3.0,baseline,2.483118,2.501113,1.194903,33.2910,0.37940,35.8928,0.22470,0.22470
Q000020,7,3.5,baseline,2.492272,2.511658,1.190268,33.2910,0.37940,35.8928,0.22470,0.22470
Q000020,8,4.0,baseline,2.499506,2.510911,1.186367,33.2910,0.37940,35.8928,0.22470,0.22470
Q000020,9,4.5,baseline,2.515789,2.512665,1.186919,33.2910,0.37940,35.8928,0.22470,0.22470
Q000020,10,5.0,baseline,2.513071,2.507265,1.195419,33.2910,0.37940,35.8928,0.22470,0.22470
Q000020,11,5.5,baseline,2.509060,2.508393,1.188760,33.2910,0.37940,35.8928,0.22470,0.22470
Q000020,12,6.0,baseline,2.512213,2.516982,1.185622,33.2910,0.37940,35.8928,0.22470,0.22470
Q000020,13,6.5,baseline,2.516696,2.521887,1.184006,33.2910,0.37940,35.8928,0.22470,0.22470
Q000020,14,7.0,baseline,2.513785,2.516958,1.188866,33.2910,0.37940,35.8928,0.22470,0.22470
Q000020,15,7.5,baseline,2.520599,2.514668,1.187664,33.2910,0.37940,35.8928,0.22470,0.22470
Q000020,16,8.0,baseline,2.515459,2.500775,1.178176,33.2910,0.37940,35.8928,0.22470,0.22470
Q000020,17,8.5,baseline,2.519439,2.500624,1.169985,33.2910,0.37940,35.8928,0.22470,0.22470
Q000020,18,9.0,baseline,2.515134,2.490811,1.171046,33.2910,0.37940,35.8928,0.22470,0.22470
Q000020,19,9.5,baseline,2.504444,2.480414,1.175137,33.2910,0.37940,35.8928,0.22470,0.22470
Q000020,20,10.0,baseline,2.504239,2.475531,1.183416,33.2910,0.37940,35.8928,0.22470,0.22470
Q000020,21,10.5,baseline,2.495560,2.485422,1.187111,33.2910,0.37940,35.8928,0.22470,0.22470
Q000020,22,11.0,baseline,2.483476,2.469750,1.192496,33.2910,0.37940,35.8928,0.22470,0.22470
Q000020,23,11.5,baseline,2.480786,2.471621,1.182629,33.2910,0.37940,35.8928,0.22470,0.22470
Q000020,24,12.0,baseline,2.470505,2.467878,1.184603,33.2910,0.37940,35.8928,0.22470,0.22470
Q000020,25,12.5,baseline,2.470672,2.461237,1.191846,33.2910,0.37940,35.8928,0.22470,0.22470
Q000020,26,13.0,baseline,2.474012,2.453405,1.190594,33.2910,0.37940,35.8928,0.22470,0.22470
Q000020,27,13.5,baseline,2.466827,2.468831,1.190696,33.2910,0.37940,35.8928,0.22470,0.22470
Q000020,28,14.0,baseline,2.459172,2.460582,1.191064,33.2910,0.37940,35.8928,0.22470,0.22470
Q000020,29,14.5,baseline,2.467943,2.457575,1.191827,33.2910,0.37940,35.8928,0.22470,0.22470
Q000020,30,15.0,baseline,2.464828,2.464440,1.182908,33.2910,0.37940,35.8928,0.22470,0.22470
Q000020,31,15.5,baseline,2.466394,2.455594,1.179621,33.2910,0.37940,35.8928,0.22470,0.22470
Q000020,32,16.0,exposure,2.343718,2.310873,1.185290,33.2910,0.37940,35.8928,0.22470,0.22470
Q000020,33,16.5,exposure,2.183534,2.176071,1.184059,33.2910,0.37940,35.8928,0.22470,0.22470
Q000020,34,17.0,exposure,2.010330,2.046403,1.180348,33.2910,0.37940,35.8928,0.22470,0.22470
Q000020,35,17.5,exposure,1.843076,1.919023,1.180548,33.2910,0.37940,35.8928,0.22470,0.22470
Q000020,36,18.0,exposure,1.680258,1.798988,1.188563,33.2910,0.37940,35.8928,0.22470,0.22470
Q000020,37,18.5,exposure,1.538755,1.676038,1.190067,33.2910,0.37940,35.8928,0.22470,0.22470
Q000020,38,19.0,exposure,1.403523,1.575354,1.191320,33.2910,0.37940,35.8928,0.22470,0.22470
Q000020,39,19.5,exposure,1.283088,1.481357,1.203150,33.2910,0.37940,35.8928,0.22470,0.22470
Q000020,40,20.0,exposure,1.154847,1.388512,1.212249,33.2910,0.37940,35.8928,0.22470,0.22470
Q000020,41,20.5,exposure,1.042841,1.309578,1.217745,33.2910,0.37940,35.8928,0.22470,0.22470
Q000020,42,21.0,exposure,0.957746,1.238044,1.220929,33.2910,0.37940,35.8928,0.22470,0.22470
Q000020,43,21.5,exposure,0.875390,1.170817,1.234448,33.2910,0.37940,35.8928,0.22470,0.22470
Q000020,44,22.0,exposure,0.791201,1.101799,1.241549,33.2910,0.37940,35.8928,0.22470,0.22470
Q000020,45,22.5,exposure,0.723235,1.046787,1.249049,33.2910,0.37940,35.8928,0.22470,0.22470
Q000020,46,23.0,exposure,0.660239,0.995082,1.260125,33.2910,0.37940,35.8928,0.22470,0.22470
Q000020,47,23.5,exposure,0.601866,0.949845,1.272037,33.2910,0.37940,35.8928,0.22470,0.22470
Q000020,48,24.0,exposure,0.542173,0.905239,1.281508,33.2910,0.37940,35.8928,0.22470,0.22470
Q000020,49,24.5,exposure,0.503049,0.869113,1.295486,33.2910,0.37940,35.8928,0.22470,0.22470
Q000020,50,25.0,exposure,0.465219,0.834900,1.297973,33.2910,0.37940,35.8928,0.22470,0.22470
Q000020,51,25.5,exposure,0.421677,0.801205,1.307770,33.2910,0.37940,35.8928,0.22470,0.22470
Q000020,52,26.0,exposure,0.382195,0.762124,1.317855,33.2910,0.37940,35.8928,0.22470,0.22470
Q000020,53,26.5,exposure,0.357769,0.733313,1.326042,33.2910,0.37940,35.8928,0.22470,0.22470
Q000020,54,27.0,exposure,0.327376,0.689945,1.336579,33.2910,0.37940,35.8928,0.22470,0.22470
Q000020,55,27.5,exposure,0.299936,0.665386,1.347766,33.2910,0.37940,35.8928,0.22470,0.22470
Q000020,56,28.0,exposure,0.271214,0.650941,1.361521,33.2910,0.37940,35.8928,0.22470,0.22470
Q000020,57,28.5,exposure,0.233112,0.625387,1.375325,33.2910,0.37940,35.8928,0.22470,0.22470
Q000020,58,29.0,exposure,0.208877,0.614332,1.383545,33.2910,0.37940,35.8928,0.22470,0.22470
Q000020,59,29.5,exposure,0.186849,0.585181,1.402601,33.2910,0.37940,35.8928,0.22470,0.22470
Q000020,60,30.0,exposure,0.168189,0.559004,1.415612,33.2910,0.37940,35.8928,0.22470,0.22470
Q000020,61,30.5,exposure,0.150598,0.536289,1.423254,33.2910,0.37940,35.8928,0.22470,0.22470
Q000020,62,31.0,exposure,0.138162,0.509105,1.434191,33.2910,0.37940,35.8928,0.22470,0.22470
Q000020,63,31.5,exposure,0.125292,0.489704,1.450103,33.2910,0.37940,35.8928,0.22470,0.22470
Q000020,64,32.0,steady,0.132917,0.476976,1.461945,33.2910,0.37940,35.8928,0.18000,0.18000
Q000020,65,32.5,steady,0.134586,0.461033,1.469335,33.2910,0.37940,35.8928,0.18000,0.18000
Q000020,66,33.0,steady,0.129240,0.451003,1.472595,33.2910,0.37940,35.8928,0.18000,0.18000
Q000020,67,33.5,steady,0.123698,0.436811,1.475174,33.2910,0.37940,35.8928,0.18000,0.18000
Q000020,68,34.0,steady,0.123520,0.428621,1.487016,33.2910,0.37940,35.8928,0.20000,0.20000
Q000020,69,34.5,steady,0.111475,0.422270,1.492513,33.2910,0.37940,35.8928,0.20000,0.20000
Q000020,70,35.0,steady,0.110150,0.411535,1.509365,33.2910,0.37940,35.8928,0.20000,0.20000
Q000020,71,35.5,steady,0.105254,0.415155,1.522285,33.2910,0.37940,35.8928,0.20000,0.20000
Q000020,72,36.0,steady,0.099293,0.405698,1.530150,33.2910,0.37940,35.8928,0.20000,0.20000
Q000020,73,36.5,steady,0.093630,0.400582,1.535497,33.2910,0.37940,35.8928,0.20000,0.20000
Q000020,74,37.0,steady,0.081689,0.394195,1.548099,33.2910,0.37940,35.8928,0.20000,0.20000
Q000020,75,37.5,steady,0.079627,0.391086,1.562275,33.2910,0.37940,35.8928,0.20000,0.20000
Q000020,76,38.0,steady,0.081350,0.384645,1.569290,33.2910,0.37940,35.8928,0.22000,0.22000
Q000020,77,38.5,steady,0.085302,0.382537,1.579257,33.2910,0.37940,35.8928,0.22000,0.22000
Q000020,78,39.0,steady,0.092431,0.384136,1.581720,33.2910,0.37940,35.8928,0.22000,0.22000
Q000020,79,39.5,steady,0.091760,0.377765,1.589098,33.2910,0.37940,35.8928,0.22000,0.22000
Q000020,80,40.0,steady,0.088995,0.363597,1.593336,33.2910,0.37940,35.8928,0.22000,0.22000
Q000020,81,40.5,steady,0.073977,0.352665,1.587463,33.2910,0.37940,35.8928,0.22000,0.22000
Q000020,82,41.0,steady,0.079517,0.349093,1.592839,33.2910,0.37940,35.8928,0.22000,0.22000
Q000020,83,41.5,steady,0.075453,0.354147,1.598357,33.2910,0.37940,35.8928,0.22000,0.22000
Q000020,84,42.0,steady,0.076789,0.334885,1.600902,33.2910,0.37940,35.8928,0.25000,0.25000
Q000020,85,42.5,steady,0.084830,0.349151,1.603045,33.2910,0.37940,35.8928,0.25000,0.25000
Q000020,86,43.0,steady,0.071629,0.339938,1.607609,33.2910,0.37940,35.8928,0.25000,0.25000
Q000020,87,43.5,steady,0.063311,0.348671,1.615182,33.2910,0.37940,35.8928,0.25000,0.25000
Q000020,88,44.0,steady,0.061739,0.354105,1.617498,33.2910,0.37940,35.8928,0.25000,0.25000
Q000020,89,44.5,steady,0.062594,0.351538,1.616528,33.2910,0.37940,35.8928,0.25000,0.25000
Q000020,90,45.0,steady,0.073066,0.347547,1.622733,33.2910,0.37940,35.8928,0.25000,0.25000
Q000020,91,45.5,steady,0.064984,0.344355,1.618095,33.2910,0.37940,35.8928,0.25000,0.25000
Q000020,92,46.0,steady,0.065092,0.344326,1.626178,33.2910,0.37940,35.8928,0.28000,0.28000
Q000020,93,46.5,steady,0.052730,0.340213,1.634819,33.2910,0.37940,35.8928,0.28000,0.28000
Q000020,94,47.0,steady,0.050633,0.330020,1.648885,33.2910,0.37940,35.8928,0.28000,0.28000
Q000020,95,47.5,steady,0.052459,0.330610,1.646894,33.2910,0.37940,35.8928,0.28000,0.28000
Q000020,96,48.0,recovery,0.060907,0.327010,1.643550,33.2910,0.37940,35.8928,0.22470,0.22470
Q000020,97,48.5,recovery,0.063015,0.329078,1.642583,33.2910,0.37940,35.8928,0.22470,0.22470
Q000020,98,49.0,recovery,0.068721,0.328117,1.645879,33.2910,0.37940,35.8928,0.22470,0.22470
Q000020,99,49.5,recovery,0.071278,0.336819,1.642051,33.2910,0.37940,35.8928,0.22470,0.22470
Q000020,100,50.0,recovery,0.091481,0.322711,1.636981,33.2910,0.37940,35.8928,0.22470,0.22470
Q000020,101,50.5,recovery,0.091026,0.314955,1.632808,33.2910,0.37940,35.8928,0.22470,0.22470
Q000020,102,51.0,recovery,0.094520,0.317577,1.632628,33.2910,0.37940,35.8928,0.22470,0.22470
Q000020,103,51.5,recovery,0.098219,0.321991,1.627969,33.2910,0.37940,35.8928,0.22470,0.22470
Q000020,104,52.0,recovery,0.110261,0.320937,1.624889,33.2910,0.37940,35.8928,0.22470,0.22470
Q000020,105,52.5,recovery,0.118378,0.333423,1.618871,33.2910,0.37940,35.8928,0.22470,0.22470
Q000020,106,53.0,recovery,0.129846,0.329137,1.616933,33.2910,0.37940,35.8928,0.22470,0.22470
Q000020,107,53.5,recovery,0.142943,0.329686,1.619967,33.2910,0.37940,35.8928,0.22470,0.22470
Q000020,108,54.0,recovery,0.148100,0.335910,1.618234,33.2910,0.37940,35.8928,0.22470,0.22470
Q000020,109,54.5,recovery,0.156858,0.342502,1.617752,33.2910,0.37940,35.8928,0.22470,0.22470
Q000020,110,55.0,recovery,0.182023,0.344320,1.613341,33.2910,0.37940,35.8928,0.22470,0.22470
Q000020,111,55.5,recovery,0.191763,0.358077,1.606687,33.2910,0.37940,35.8928,0.22470,0.22470
Q000020,112,56.0,recovery,0.206074,0.364831,1.597659,33.2910,0.37940,35.8928,0.22470,0.22470
Q000020,113,56.5,recovery,0.229769,0.374614,1.592670,33.2910,0.37940,35.8928,0.22470,0.22470
Q000020,114,57.0,recovery,0.247319,0.377887,1.594367,33.2910,0.37940,35.8928,0.22470,0.22470
Q000020,115,57.5,recovery,0.268890,0.377789,1.589888,33.2910,0.37940,35.8928,0.22470,0.22470
Q000020,116,58.0,recovery,0.297363,0.385439,1.585286,33.2910,0.37940,35.8928,0.22470,0.22470
Q000020,117,58.5,recovery,0.332263,0.395293,1.586607,33.2910,0.37940,35.8928,0.22470,0.22470
Q000020,118,59.0,recovery,0.372074,0.407487,1.584773,33.2910,0.37940,35.8928,0.22470,0.22470
Q000020,119,59.5,recovery,0.408651,0.418495,1.585942,33.2910,0.37940,35.8928,0.22470,0.22470
Q000020,120,60.0,recovery,0.455550,0.428761,1.583029,33.2910,0.37940,35.8928,0.22470,0.22470
Q000020,121,60.5,recovery,0.508705,0.440746,1.575557,33.2910,0.37940,35.8928,0.22470,0.22470
Q000020,122,61.0,recovery,0.559396,0.450522,1.569196,33.2910,0.37940,35.8928,0.22470,0.22470
Q000020,123,61.5,recovery,0.627991,0.455139,1.567219,33.2910,0.37940,35.8928,0.22470,0.22470
Q000020,124,62.0,recovery,0.720710,0.473122,1.565787,33.2910,0.37940,35.8928,0.22470,0.22470
Q000020,125,62.5,recovery,0.828968,0.485624,1.559868,33.2910,0.37940,35.8928,0.22470,0.22470
Q000020,126,63.0,recovery,0.978268,0.531831,1.549694,33.2910,0.37940,35.8928,0.22470,0.22470
Q000020,127,63.5,recovery,1.275816,0.818520,1.545576,33.2910,0.37940,35.8928,0.22470,0.22470
Q000021,0,0.0,baseline,2.488070,2.499295,1.124685,26.2274,0.26000,55.0752,0.28980,0.28980
Q000021,1,0.5,baseline,2.489306,2.507467,1.129836,26.2274,0.26000,55.0752,0.28980,0.28980
Q000021,2,1.0,baseline,2.489235,2.513265,1.129634,26.2274,0.26000,55.0752,0.28980,0.28980
Q000021,3,1.5,baseline,2.476230,2.503586,1.123694,26.2274,0.26000,55.0752,0.28980,0.28980
Q000021,4,2.0,baseline,2.481505,2.504708,1.118744,26.2274,0.26000,55.0752,0.28980,0.28980
Q000021,5,2.5,baseline,2.481691,2.507517,1.110282,26.2274,0.26000,55.0752,0.28980,0.28980
Q000021,6,3.0,baseline,2.488961,2.517823,1.108826,26.2274,0.26000,55.0752,0.28980,0.28980
Q000021,7,3.5,baseline,2.487387,2.522517,1.110496,26.2274,0.26000,55.0752,0.28980,0.28980
Q000021,8,4.0,baseline,2.491408,2.522220,1.119593,26.2274,0.26000,55.0752,0.28980,0.28980
Q000021,9,4.5,baseline,2.479785,2.534318,1.120012,26.2274,0.26000,55.0752,0.28980,0.28980
Q000021,10,5.0,baseline,2.479617,2.537052,1.119875,26.2274,0.26000,55.0752,0.28980,0.28980
Q000021,11,5.5,baseline,2.473947,2.549486,1.123314,26.2274,0.26000,55.0752,0.28980,0.28980
Q000021,12,6.0,baseline,2.476847,2.537642,1.120178,26.2274,0.26000,55.0752,0.28980,0.28980
Q000021,13,6.5,baseline,2.472927,2.545131,1.119948,26.2274,0.26000,55.0752,0.28980,0.28980
Q000021,14,7.0,baseline,2.478099,2.546349,1.110536,26.2274,0.26000,55.0752,0.28980,0.28980
Q000021,15,7.5,baseline,2.491523,2.542689,1.112735,26.2274,0.26000,55.0752,0.28980,0.28980
Q000021,16,8.0,baseline,2.497648,2.547791,1.115816,26.2274,0.26000,55.0752,0.28980,0.28980
Q000021,17,8.5,baseline,2.489336,2.542776,1.116568,26.2274,0.26000,55.0752,0.28980,0.28980
Q000021,18,9.0,baseline,2.488435,2.545823,1.118752,26.2274,0.26000,55.0752,0.28980,0.28980
Q000021,19,9.5,baseline,2.489466,2.535112,1.127486,26.2274,0.26000,55.0752,0.28980,0.28980
Q000021,20,10.0,baseline,2.495293,2.535645,1.125453,26.2274,0.26000,55.0752,0.28980,0.28980
Q000021,21,10.5,baseline,2.500421,2.547378,1.122719,26.2274,0.26000,55.0752,0.28980,0.28980
Q000021,22,11.0,baseline,2.479777,2.538951,1.125044,26.2274,0.26000,55.0752,0.28980,0.28980
Q000021,23,11.5,baseline,2.471805,2.541613,1.122193,26.2274,0.26000,55.0752,0.28980,0.28980
Q000021,24,12.0,baseline,2.479482,2.537948,1.121624,26.2274,0.26000,55.0752,0.28980,0.28980
Q000021,25,12.5,baseline,2.483739,2.530629,1.123046,26.2274,0.26000,55.0752,0.28980,0.28980
Q000021,26,13.0,baseline,2.482746,2.527100,1.124488,26.2274,0.26000,55.0752,0.28980,0.28980
Q000021,27,13.5,baseline,2.484726,2.519993,1.126936,26.2274,0.26000,55.0752,0.28980,0.28980
Q000021,28,14.0,baseline,2.494230,2.511844,1.122274,26.2274,0.26000,55.0752,0.28980,0.28980
Q000021,29,14.5,baseline,2.493245,2.507796,1.112471,26.2274,0.26000,55.0752,0.28980,0.28980
Q000021,30,15.0,baseline,2.492266,2.516146,1.117151,26.2274,0.26000,55.0752,0.28980,0.28980
Q000021,31,15.5,baseline,2.491810,2.516683,1.109273,26.2274,0.26000,55.0752,0.28980,0.28980
Q000021,32,16.0,exposure,2.422010,2.378672,1.100781,26.2274,0.26000,55.0752,0.28980,0.28980
Q000021,33,16.5,exposure,2.334810,2.252723,1.102385,26.2274,0.26000,55.0752,0.28980,0.28980
Q000021,34,17.0,exposure,2.229825,2.127563,1.113723,26.2274,0.26000,55.0752,0.28980,0.28980
Q000021,35,17.5,exposure,2.137374,2.008075,1.105894,26.2274,0.26000,55.0752,0.28980,0.28980
Q000021,36,18.0,exposure,2.023699,1.890494,1.106107,26.2274,0.26000,55.0752,0.28980,0.28980
Q000021,37,18.5,exposure,1.923639,1.788272,1.109445,26.2274,0.26000,55.0752,0.28980,0.28980
Q000021,38,19.0,exposure,1.822689,1.696025,1.118813,26.2274,0.26000,55.0752,0.28980,0.28980
Q000021,39,19.5,exposure,1.724171,1.602980,1.111684,26.2274,0.26000,55.0752,0.28980,0.28980
Q000021,40,20.0,exposure,1.628589,1.529703,1.117469,26.2274,0.26000,55.0752,0.28980,0.28980
Q000021,41,20.5,exposure,1.537982,1.449293,1.130848,26.2274,0.26000,55.0752,0.28980,0.28980
Q000021,42,21.0,exposure,1.454105,1.377582,1.140625,26.2274,0.26000,55.0752,0.28980,0.28980
Q000021,43,21.5,exposure,1.366487,1.305132,1.148138,26.2274,0.26000,55.0752,0.28980,0.28980
Q000021,44,22.0,exposure,1.293572,1.244700,1.160810,26.2274,0.26000,55.0752,0.28980,0.28980
Q000021,45,22.5,exposure,1.216203,1.186715,1.168796,26.2274,0.26000,55.0752,0.28980,0.28980
Q000021,46,23.0,exposure,1.151332,1.137190,1.172622,26.2274,0.26000,55.0752,0.28980,0.28980
Q000021,47,23.5,exposure,1.077834,1.089636,1.179796,26.2274,0.26000,55.0752,0.28980,0.28980
Q000021,48,24.0,exposure,1.026227,1.047418,1.178161,26.2274,0.26000,55.0752,0.28980,0.28980
Q000021,49,24.5,exposure,0.960135,0.997949,1.193685,26.2274,0.26000,55.0752,0.28980,0.28980
Q000021,50,25.0,exposure,0.907297,0.948978,1.198801,26.2274,0.26000,55.0752,0.28980,0.28980
Q000021,51,25.5,exposure,0.853320,0.906904,1.209717,26.2274,0.26000,55.0752,0.28980,0.28980
Q000021,52,26.0,exposure,0.798241,0.864876,1.220862,26.2274,0.26000,55.0752,0.28980,0.28980
Q000021,53,26.5,exposure,0.748997,0.842694,1.237593,26.2274,0.26000,55.0752,0.28980,0.28980
Q000021,54,27.0,exposure,0.706606,0.812309,1.240873,26.2274,0.26000,55.0752,0.28980,0.28980
Q000021,55,27.5,exposure,0.663669,0.784206,1.256673,26.2274,0.26000,55.0752,0.28980,0.28980
Q000021,56,28.0,exposure,0.626503,0.767892,1.264379,26.2274,0.26000,55.0752,0.28980,0.28980
Q000021,57,28.5,exposure,0.587708,0.749261,1.266433,26.2274,0.26000,55.0752,0.28980,0.28980
Q000021,58,29.0,exposure,0.554337,0.724849,1.268105,26.2274,0.26000,55.0752,0.28980,0.28980
Q000021,59,29.5,exposure,0.518680,0.698538,1.272198,26.2274,0.26000,55.0752,0.28980,0.28980
Q000021,60,30.0,exposure,0.486117,0.677799,1.282497,26.2274,0.26000,55.0752,0.28980,0.28980
Q000021,61,30.5,exposure,0.462249,0.659744,1.296266,26.2274,0.26000,55.0752,0.28980,0.28980
Q000021,62,31.0,exposure,0.430401,0.645997,1.309274,26.2274,0.26000,55.0752,0.28980,0.28980
Q000021,63,31.5,exposure,0.387045,0.640497,1.321252,26.2274,0.26000,55.0752,0.28980,0.28980
Q000021,64,32.0,steady,0.372575,0.632344,1.329213,26.2274,0.26000,55.0752,0.18000,0.18000
Q000021,65,32.5,steady,0.370977,0.623694,1.328932,26.2274,0.26000,55.0752,0.18000,0.18000
Q000021,66,33.0,steady,0.369549,0.617230,1.340705,26.2274,0.26000,55.0752,0.18000,0.18000
Q000021,67,33.5,steady,0.369881,0.609467,1.351930,26.2274,0.26000,55.0752,0.18000,0.18000
Q000021,68,34.0,steady,0.360892,0.602590,1.354293,26.2274,0.26000,55.0752,0.20000,0.20000
Q000021,69,34.5,steady,0.351760,0.601042,1.357144,26.2274,0.26000,55.0752,0.20000,0.20000
Q000021,70,35.0,steady,0.354731,0.593425,1.358098,26.2274,0.26000,55.0752,0.20000,0.20000
Q000021,71,35.5,steady,0.343562,0.589919,1.355195,26.2274,0.26000,55.0752,0.20000,0.20000
Q000021,72,36.0,steady,0.343063,0.588215,1.356903,26.2274,0.26000,55.0752,0.20000,0.20000
Q000021,73,36.5,steady,0.336773,0.575355,1.360184,26.2274,0.26000,55.0752,0.20000,0.20000
Q000021,74,37.0,steady,0.324497,0.564334,1.366480,26.2274,0.26000,55.0752,0.20000,0.20000
Q000021,75,37.5,steady,0.322452,0.556860,1.371272,26.2274,0.26000,55.0752,0.20000,0.20000
Q000021,76,38.0,steady,0.323773,0.571846,1.377429,26.2274,0.26000,55.0752,0.22000,0.22000
Q000021,77,38.5,steady,0.317618,0.564242,1.386700,26.2274,0.26000,55.0752,0.22000,0.22000
Q000021,78,39.0,steady,0.300482,0.565244,1.383119,26.2274,0.26000,55.0752,0.22000,0.22000
Q000021,79,39.5,steady,0.291203,0.574549,1.386453,26.2274,0.26000,55.0752,0.22000,0.22000
Q000021,80,40.0,steady,0.294008,0.576913,1.389382,26.2274,0.26000,55.0752,0.22000,0.22000
Q000021,81,40.5,steady,0.297576,0.585585,1.387590,26.2274,0.26000,55.0752,0.22000,0.22000
Q000021,82,41.0,steady,0.281205,0.588654,1.392686,26.2274,0.26000,55.0752,0.22000,0.22000
Q000021,83,41.5,steady,0.276711,0.583408,1.404489,26.2274,0.26000,55.0752,0.22000,0.22000
Q000021,84,42.0,steady,0.262229,0.581395,1.404793,26.2274,0.26000,55.0752,0.25000,0.25000
Q000021,85,42.5,steady,0.254609,0.584699,1.402752,26.2274,0.26000,55.0752,0.25000,0.25000
Q000021,86,43.0,steady,0.246357,0.569374,1.403119,26.2274,0.26000,55.0752,0.25000,0.25000
Q000021,87,43.5,steady,0.238311,0.566383,1.400652,26.2274,0.26000,55.0752,0.25000,0.25000
Q000021,88,44.0,steady,0.233326,0.566361,1.403363,26.2274,0.26000,55.0752,0.25000,0.25000
Q000021,89,44.5,steady,0.224713,0.558515,1.408895,26.2274,0.26000,55.0752,0.25000,0.25000
Q000021,90,45.0,steady,0.222555,0.564609,1.411417,26.2274,0.26000,55.0752,0.25000,0.25000
Q000021,91,45.5,steady,0.222146,0.578457,1.412806,26.2274,0.26000,55.0752,0.25000,0.25000
Q000021,92,46.0,steady,0.204289,0.569718,1.422825,26.2274,0.26000,55.0752,0.28000,0.28000
Q000021,93,46.5,steady,0.189861,0.558317,1.425838,26.2274,0.26000,55.0752,0.28000,0.28000
Q000021,94,47.0,steady,0.188108,0.562942,1.420422,26.2274,0.26000,55.0752,0.28000,0.28000
Q000021,95,47.5,steady,0.186283,0.557920,1.421586,26.2274,0.26000,55.0752,0.28000,0.28000
Q000021,96,48.0,recovery,0.185104,0.551238,1.418386,26.2274,0.26000,55.0752,0.28980,0.28980
Q000021,97,48.5,recovery,0.191623,0.552348,1.412446,26.2274,0.26000,55.0752,0.28980,0.28980
Q000021,98,49.0,recovery,0.186004,0.545931,1.405755,26.2274,0.26000,55.0752,0.28980,0.28980
Q000021,99,49.5,recovery,0.183177,0.540034,1.403102,26.2274,0.26000,55.0752,0.28980,0.28980
Q000021,100,50.0,recovery,0.190654,0.533252,1.397035,26.2274,0.26000,55.0752,0.28980,0.28980
Q000021,101,50.5,recovery,0.200267,0.542695,1.396461,26.2274,0.26000,55.0752,0.28980,0.28980
Q000021,102,51.0,recovery,0.205916,0.529981,1.401389,26.2274,0.26000,55.0752,0.28980,0.28980
Q000021,103,51.5,recovery,0.223425,0.536530,1.401176,26.2274,0.26000,55.0752,0.28980,0.28980
Q000021,104,52.0,recovery,0.226272,0.539585,1.403378,26.2274,0.26000,55.0752,0.28980,0.28980
Q000021,105,52.5,recovery,0.230154,0.551470,1.388601,26.2274,0.26000,55.0752,0.28980,0.28980
Q000021,106,53.0,recovery,0.239516,0.547551,1.382890,26.2274,0.26000,55.0752,0.28980,0.28980
Q000021,107,53.5,recovery,0.253658,0.548018,1.370438,26.2274,0.26000,55.0752,0.28980,0.28980
Q000021,108,54.0,recovery,0.264922,0.571309,1.363620,26.2274,0.26000,55.0752,0.28980,0.28980
Q000021,109,54.5,recovery,0.281935,0.562720,1.365755,26.2274,0.26000,55.0752,0.28980,0.28980
Q000021,110,55.0,recovery,0.294351,0.565430,1.357596,26.2274,0.26000,55.0752,0.28980,0.28980
Q000021,111,55.5,recovery,0.308929,0.571330,1.349967,26.2274,0.26000,55.0752,0.28980,0.28980
Q000021,112,56.0,recovery,0.339706,0.570632,1.344078,26.2274,0.26000,55.0752,0.28980,0.28980
Q000021,113,56.5,recovery,0.357411,0.580282,1.337891,26.2274,0.26000,55.0752,0.28980,0.28980
Q000021,114,57.0,recovery,0.389509,0.595487,1.332974,26.2274,0.26000,55.0752,0.28980,0.28980
Q000021,115,57.5,recovery,0.413912,0.594077,1.325056,26.2274,0.26000,55.0752,0.28980,0.28980
Q000021,116,58.0,recovery,0.441806,0.600768,1.317858,26.2274,0.26000,55.0752,0.28980,0.28980
Q000021,117,58.5,recovery,0.476454,0.612768,1.310952,26.2274,0.26000,55.0752,0.28980,0.28980
Q000021,118,59.0,recovery,0.509601,0.620793,1.306282,26.2274,0.26000,55.0752,0.28980,0.28980
Q000021,119,59.5,recovery,0.546964,0.621929,1.299356,26.2274,0.26000,55.0752,0.28980,0.28980
Q000021,120,60.0,recovery,0.597783,0.627786,1.288966,26.2274,0.26000,55.0752,0.28980,0.28980
Q000021,121,60.5,recovery,0.645163,0.632805,1.291402,26.2274,0.26000,55.0752,0.28980,0.28980
Q000021,122,61.0,recovery,0.700770,0.645970,1.286651,26.2274,0.26000,55.0752,0.28980,0.28980
Q000021,123,61.5,recovery,0.776152,0.664741,1.273905,26.2274,0.26000,55.0752,0.28980,0.28980
Q000021,124,62.0,recovery,0.840489,0.676915,1.264701,26.2274,0.26000,55.0752,0.28980,0.28980
Q000021,125,62.5,recovery,0.938880,0.690411,1.262565,26.2274,0.26000,55.0752,0.28980,0.28980
Q000021,126,63.0,recovery,1.054109,0.728985,1.255581,26.2274,0.26000,55.0752,0.28980,0.28980
Q000021,127,63.5,recovery,1.270014,1.003450,1.251396,26.2274,0.26000,55.0752,0.28980,0.28980
Q000022,0,0.0,baseline,2.493461,2.505115,1.108217,22.9880,0.23360,79.8523,0.25100,0.25100
Q000022,1,0.5,baseline,2.487989,2.503148,1.112016,22.9880,0.23360,79.8523,0.25100,0.25100
Q000022,2,1.0,baseline,2.486154,2.509263,1.116437,22.9880,0.23360,79.8523,0.25100,0.25100
Q000022,3,1.5,baseline,2.481389,2.509155,1.118519,22.9880,0.23360,79.8523,0.25100,0.25100
Q000022,4,2.0,baseline,2.477317,2.521212,1.116510,22.9880,0.23360,79.8523,0.25100,0.25100
Q000022,5,2.5,baseline,2.482099,2.517521,1.105583,22.9880,0.23360,79.8523,0.25100,0.25100
Q000022,6,3.0,baseline,2.481602,2.530686,1.100531,22.9880,0.23360,79.8523,0.25100,0.25100
Q000022,7,3.5,baseline,2.475823,2.533650,1.102108,22.9880,0.23360,79.8523,0.25100,0.25100
Q000022,8,4.0,baseline,2.477952,2.529505,1.103445,22.9880,0.23360,79.8523,0.25100,0.25100
Q000022,9,4.5,baseline,2.477446,2.529383,1.099769,22.9880,0.23360,79.8523,0.25100,0.25100
Q000022,10,5.0,baseline,2.479745,2.530386,1.100217,22.9880,0.23360,79.8523,0.25100,0.25100
Q000022,11,5.5,baseline,2.480310,2.533899,1.095568,22.9880,0.23360,79.8523,0.25100,0.25100
Q000022,12,6.0,baseline,2.470203,2.537437,1.101142,22.9880,0.23360,79.8523,0.25100,0.25100
Q000022,13,6.5,baseline,2.469398,2.543240,1.107705,22.9880,0.23360,79.8523,0.25100,0.25100
Q000022,14,7.0,baseline,2.465958,2.554005,1.114337,22.9880,0.23360,79.8523,0.25100,0.25100
Q000022,15,7.5,baseline,2.457745,2.545762,1.110664,22.9880,0.23360,79.8523,0.25100,0.25100
Q000022,16,8.0,baseline,2.465682,2.543503,1.111041,22.9880,0.23360,79.8523,0.25100,0.25100
Q000022,17,8.5,baseline,2.463746,2.551420,1.102344,22.9880,0.23360,79.8523,0.25100,0.25100
Q000022,18,9.0,baseline,2.467733,2.546436,1.103043,22.9880,0.23360,79.8523,0.25100,0.25100
Q000022,19,9.5,baseline,2.469557,2.550681,1.111368,22.9880,0.23360,79.8523,0.25100,0.25100
Q000022,20,10.0,baseline,2.475284,2.542893,1.104196,22.9880,0.23360,79.8523,0.25100,0.25100
Q000022,21,10.5,baseline,2.469589,2.546617,1.106981,22.9880,0.23360,79.8523,0.25100,0.25100
Q000022,22,11.0,baseline,2.480198,2.536226,1.101880,22.9880,0.23360,79.8523,0.25100,0.25100
Q000022,23,11.5,baseline,2.492903,2.522195,1.102975,22.9880,0.23360,79.8523,0.25100,0.25100
Q000022,24,12.0,baseline,2.500609,2.533327,1.106231,22.9880,0.23360,79.8523,0.25100,0.25100
Q000022,25,12.5,baseline,2.499618,2.527759,1.110862,22.9880,0.23360,79.8523,0.25100,0.25100
Q000022,26,13.0,baseline,2.489817,2.525843,1.111020,22.9880,0.23360,79.8523,0.25100,0.25100
Q000022,27,13.5,baseline,2.487788,2.521810,1.099230,22.9880,0.23360,79.8523,0.25100,0.25100
Q000022,28,14.0,baseline,2.479614,2.517450,1.092850,22.9880,0.23360,79.8523,0.25100,0.25100
Q000022,29,14.5,baseline,2.483377,2.526227,1.088726,22.9880,0.23360,79.8523,0.25100,0.25100
Q000022,30,15.0,baseline,2.479799,2.533784,1.090873,22.9880,0.23360,79.8523,0.25100,0.25100
Q000022,31,15.5,baseline,2.481531,2.544009,1.092165,22.9880,0.23360,79.8523,0.25100,0.25100
Q000022,32,16.0,exposure,2.393805,2.509472,1.096378,22.9880,0.23360,79.8523,0.25100,0.25100
Q000022,33,16.5,exposure,2.299385,2.462250,1.108955,22.9880,0.23360,79.8523,0.25100,0.25100
Q000022,34,17.0,exposure,2.184502,2.390229,1.107693,22.9880,0.23360,79.8523,0.25100,0.25100
Q000022,35,17.5,exposure,2.082752,2.331043,1.111899,22.9880,0.23360,79.8523,0.25100,0.25100
Q000022,36,18.0,exposure,1.974224,2.277369,1.120210,22.9880,0.23360,79.8523,0.25100,0.25100
Q000022,37,18.5,exposure,1.873814,2.199722,1.128166,22.9880,0.23360,79.8523,0.25100,0.25100
Q000022,38,19.0,exposure,1.771308,2.124525,1.135264,22.9880,0.23360,79.8523,0.25100,0.25100
Q000022,39,19.5,exposure,1.682221,2.065451,1.149405,22.9880,0.23360,79.8523,0.25100,0.25100
Q000022,40,20.0,exposure,1.594631,2.005838,1.159930,22.9880,0.23360,79.8523,0.25100,0.25100
Q000022,41,20.5,exposure,1.509632,1.939059,1.178200,22.9880,0.23360,79.8523,0.25100,0.25100
Q000022,42,21.0,exposure,1.430026,1.882884,1.193454,22.9880,0.23360,79.8523,0.25100,0.25100
Q000022,43,21.5,exposure,1.355448,1.830394,1.204730,22.9880,0.23360,79.8523,0.25100,0.25100
Q000022,44,22.0,exposure,1.281826,1.784752,1.211777,22.9880,0.23360,79.8523,0.25100,0.25100
Q000022,45,22.5,exposure,1.221580,1.731878,1.228379,22.9880,0.23360,79.8523,0.25100,0.25100
Q000022,46,23.0,exposure,1.152800,1.687968,1.238424,22.9880,0.23360,79.8523,0.25100,0.25100
Q000022,47,23.5,exposure,1.091819,1.638941,1.259467,22.9880,0.23360,79.8523,0.25100,0.25100
Q000022,48,24.0,exposure,1.031521,1.591368,1.273451,22.9880,0.23360,79.8523,0.25100,0.25100
Q000022,49,24.5,exposure,0.980686,1.552801,1.282538,22.9880,0.23360,79.8523,0.25100,0.25100
Q000022,50,25.0,exposure,0.936934,1.508196,1.302847,22.9880,0.23360,79.8523,0.25100,0.25100
Q000022,51,25.5,exposure,0.890901,1.472779,1.312878,22.9880,0.23360,79.8523,0.25100,0.25100
Q000022,52,26.0,exposure,0.856075,1.438923,1.334937,22.9880,0.23360,79.8523,0.25100,0.25100
Q000022,53,26.5,exposure,0.807311,1.403338,1.349880,22.9880,0.23360,79.8523,0.25100,0.25100
Q000022,54,27.0,exposure,0.777683,1.362769,1.362450,22.9880,0.23360,79.8523,0.25100,0.25100
Q000022,55,27.5,exposure,0.746214,1.318903,1.374530,22.9880,0.23360,79.8523,0.25100,0.25100
Q000022,56,28.0,exposure,0.716622,1.286522,1.384436,22.9880,0.23360,79.8523,0.25100,0.25100
Q000022,57,28.5,exposure,0.689608,1.252648,1.403808,22.9880,0.23360,79.8523,0.25100,0.25100
Q000022,58,29.0,exposure,0.668226,1.230514,1.428823,22.9880,0.23360,79.8523,0.25100,0.25100
Q000022,59,29.5,exposure,0.652037,1.210676,1.445890,22.9880,0.23360,79.8523,0.25100,0.25100
Q000022,60,30.0,exposure,0.628829,1.201139,1.468769,22.9880,0.23360,79.8523,0.25100,0.25100
Q000022,61,30.5,exposure,0.604903,1.177892,1.476147,22.9880,0.23360,79.8523,0.25100,0.25100
Q000022,62,31.0,exposure,0.591176,1.156555,1.485069,22.9880,0.23360,79.8523,0.25100,0.25100
Q000022,63,31.5,exposure,0.567774,1.131396,1.498121,22.9880,0.23360,79.8523,0.25100,0.25100
Q000022,64,32.0,steady,0.565172,1.120735,1.513734,22.9880,0.23360,79.8523,0.18000,0.18000
Q000022,65,32.5,steady,0.567091,1.108245,1.520592,22.9880,0.23360,79.8523,0.18000,0.18000
Q000022,66,33.0,steady,0.570000,1.102147,1.534718,22.9880,0.23360,79.8523,0.18000,0.18000
Q000022,67,33.5,steady,0.569557,1.071290,1.549322,22.9880,0.23360,79.8523,0.18000,0.18000
Q000022,68,34.0,steady,0.559214,1.058903,1.554359,22.9880,0.23360,79.8523,0.20000,0.20000
Q000022,69,34.5,steady,0.548982,1.043412,1.566233,22.9880,0.23360,79.8523,0.20000,0.20000
Q000022,70,35.0,steady,0.550766,1.022215,1.572013,22.9880,0.23360,79.8523,0.20000,0.20000
Q000022,71,35.5,steady,0.541395,1.004520,1.580591,22.9880,0.23360,79.8523,0.20000,0.20000
Q000022,72,36.0,steady,0.548830,0.982732,1.576307,22.9880,0.23360,79.8523,0.20000,0.20000
Q000022,73,36.5,steady,0.542698,0.980331,1.585278,22.9880,0.23360,79.8523,0.20000,0.20000
Q000022,74,37.0,steady,0.543023,0.979856,1.585925,22.9880,0.23360,79.8523,0.20000,0.20000
Q000022,75,37.5,steady,0.539601,0.980728,1.588422,22.9880,0.23360,79.8523,0.20000,0.20000
Q000022,76,38.0,steady,0.530250,0.964172,1.590651,22.9880,0.23360,79.8523,0.22000,0.22000
Q000022,77,38.5,steady,0.528658,0.957573,1.589817,22.9880,0.23360,79.8523,0.22000,0.22000
Q000022,78,39.0,steady,0.524496,0.946206,1.587376,22.9880,0.23360,79.8523,0.22000,0.22000
Q000022,79,39.5,steady,0.523131,0.932703,1.581659,22.9880,0.23360,79.8523,0.22000,0.22000
Q000022,80,40.0,steady,0.512482,0.928337,1.591887,22.9880,0.23360,79.8523,0.22000,0.22000
Q000022,81,40.5,steady,0.519246,0.925344,1.595292,22.9880,0.23360,79.8523,0.22000,0.22000
Q000022,82,41.0,steady,0.523103,0.927849,1.592367,22.9880,0.23360,79.8523,0.22000,0.22000
Q000022,83,41.5,steady,0.504193,0.907673,1.597019,22.9880,0.23360,79.8523,0.22000,0.22000
Q000022,84,42.0,steady,0.492463,0.903847,1.600020,22.9880,0.23360,79.8523,0.25000,0.25000
Q000022,85,42.5,steady,0.483500,0.893155,1.600726,22.9880,0.23360,79.8523,0.25000,0.25000
Q000022,86,43.0,steady,0.476810,0.875384,1.596674,22.9880,0.23360,79.8523,0.25000,0.25000
Q000022,87,43.5,steady,0.456446,0.859290,1.599005,22.9880,0.23360,79.8523,0.25000,0.25000
Q000022,88,44.0,steady,0.472804,0.865427,1.596240,22.9880,0.23360,79.8523,0.25000,0.25000
Q000022,89,44.5,steady,0.469458,0.852495,1.602735,22.9880,0.23360,79.8523,0.25000,0.25000
Q000022,90,45.0,steady,0.478008,0.847536,1.605274,22.9880,0.23360,79.8523,0.25000,0.25000
Q000022,91,45.5,steady,0.471773,0.838349,1.606112,22.9880,0.23360,79.8523,0.25000,0.25000
Q000022,92,46.0,steady,0.465427,0.843228,1.611174,22.9880,0.23360,79.8523,0.28000,0.28000
Q000022,93,46.5,steady,0.459766,0.820168,1.609956,22.9880,0.23360,79.8523,0.28000,0.28000
Q000022,94,47.0,steady,0.449365,0.809369,1.617589,22.9880,0.23360,79.8523,0.28000,0.28000
Q000022,95,47.5,steady,0.438945,0.804495,1.624387,22.9880,0.23360,79.8523,0.28000,0.28000
Q000022,96,48.0,recovery,0.443577,0.799553,1.629800,22.9880,0.23360,79.8523,0.25100,0.25100
Q000022,97,48.5,recovery,0.445537,0.791474,1.635461,22.9880,0.23360,79.8523,0.25100,0.25100
Q000022,98,49.0,recovery,0.451342,0.777295,1.646167,22.9880,0.23360,79.8523,0.25100,0.25100
Q000022,99,49.5,recovery,0.456624,0.773852,1.652956,22.9880,0.23360,79.8523,0.25100,0.25100
Q000022,100,50.0,recovery,0.463782,0.765711,1.647730,22.9880,0.23360,79.8523,0.25100,0.25100
Q000022,101,50.5,recovery,0.478151,0.771051,1.642864,22.9880,0.23360,79.8523,0.25100,0.25100
Q000022,102,51.0,recovery,0.480182,0.768531,1.648391,22.9880,0.23360,79.8523,0.25100,0.25100
Q000022,103,51.5,recovery,0.479775,0.761626,1.640067,22.9880,0.23360,79.8523,0.25100,0.25100
Q000022,104,52.0,recovery,0.489343,0.763997,1.635773,22.9880,0.23360,79.8523,0.25100,0.25100
Q000022,105,52.5,recovery,0.507867,0.758579,1.629570,22.9880,0.23360,79.8523,0.25100,0.25100
Q000022,106,53.0,recovery,0.518683,0.760451,1.618565,22.9880,0.23360,79.8523,0.25100,0.25100
Q000022,107,53.5,recovery,0.549995,0.762559,1.607597,22.9880,0.23360,79.8523,0.25100,0.25100
Q000022,108,54.0,recovery,0.566430,0.772881,1.591638,22.9880,0.23360,79.8523,0.25100,0.25100
Q000022,109,54.5,recovery,0.586393,0.776839,1.586443,22.9880,0.23360,79.8523,0.25100,0.25100
Q000022,110,55.0,recovery,0.604890,0.780485,1.578277,22.9880,0.23360,79.8523,0.25100,0.25100
Q000022,111,55.5,recovery,0.629357,0.780064,1.570065,22.9880,0.23360,79.8523,0.25100,0.25100
Q000022,112,56.0,recovery,0.652673,0.785556,1.559313,22.9880,0.23360,79.8523,0.25100,0.25100
Q000022,113,56.5,recovery,0.670827,0.790485,1.550062,22.9880,0.23360,79.8523,0.25100,0.25100
Q000022,114,57.0,recovery,0.699489,0.793893,1.539517,22.9880,0.23360,79.8523,0.25100,0.25100
Q000022,115,57.5,recovery,0.710372,0.796163,1.526487,22.9880,0.23360,79.8523,0.25100,0.25100
Q000022,116,58.0,recovery,0.748671,0.805540,1.512063,22.9880,0.23360,79.8523,0.25100,0.25100
Q000022,117,58.5,recovery,0.788988,0.808551,1.500400,22.9880,0.23360,79.8523,0.25100,0.25100
Q000022,118,59.0,recovery,0.835094,0.823701,1.483619,22.9880,0.23360,79.8523,0.25100,0.25100
Q000022,119,59.5,recovery,0.873720,0.838950,1.470280,22.9880,0.23360,79.8523,0.25100,0.25100
Q000022,120,60.0,recovery,0.910657,0.849282,1.461959,22.9880,0.23360,79.8523,0.25100,0.25100
Q000022,121,60.5,recovery,0.948314,0.867469,1.460796,22.9880,0.23360,79.8523,0.25100,0.25100
Q000022,122,61.0,recovery,1.008408,0.885260,1.447296,22.9880,0.23360,79.8523,0.25100,0.25100
Q000022,123,61.5,recovery,1.071261,0.910327,1.442465,22.9880,0.23360,79.8523,0.25100,0.25100
Q000022,124,62.0,recovery,1.131835,0.947616,1.431147,22.9880,0.23360,79.8523,0.25100,0.25100
Q000022,125,62.5,recovery,1.209479,0.999158,1.411752,22.9880,0.23360,79.8523,0.25100,0.25100
Q000022,126,63.0,recovery,1.306860,1.076725,1.407018,22.9880,0.23360,79.8523,0.25100,0.25100
Q000022,127,63.5,recovery,1.474203,1.196382,1.396480,22.9880,0.23360,79.8523,0.25100,0.25100
Q000023,0,0.0,baseline,2.499868,2.493420,1.056316,16.8182,0.12870,26.5789,0.26270,0.26270
Q000023,1,0.5,baseline,2.500022,2.498826,1.061491,16.8182,0.12870,26.5789,0.26270,0.26270
Q000023,2,1.0,baseline,2.495356,2.513942,1.061650,16.8182,0.12870,26.5789,0.26270,0.26270
Q000023,3,1.5,baseline,2.506130,2.515880,1.057853,16.8182,0.12870,26.5789,0.26270,0.26270
Q000023,4,2.0,baseline,2.508542,2.516987,1.056311,16.8182,0.12870,26.5789,0.26270,0.26270
Q000023,5,2.5,baseline,2.514438,2.502620,1.062555,16.8182,0.12870,26.5789,0.26270,0.26270
Q000023,6,3.0,baseline,2.512248,2.507037,1.063169,16.8182,0.12870,26.5789,0.26270,0.26270
Q000023,7,3.5,baseline,2.516285,2.508265,1.063972,16.8182,0.12870,26.5789,0.26270,0.26270
Q000023,8,4.0,baseline,2.530273,2.495135,1.067374,16.8182,0.12870,26.5789,0.26270,0.26270
Q000023,9,4.5,baseline,2.520523,2.491521,1.076261,16.8182,0.12870,26.5789,0.26270,0.26270
Q000023,10,5.0,baseline,2.523825,2.494980,1.082219,16.8182,0.12870,26.5789,0.26270,0.26270
Q000023,11,5.5,baseline,2.525441,2.510733,1.080798,16.8182,0.12870,26.5789,0.26270,0.26270
Q000023,12,6.0,baseline,2.516584,2.511988,1.089508,16.8182,0.12870,26.5789,0.26270,0.26270
Q000023,13,6.5,baseline,2.515534,2.506347,1.086934,16.8182,0.12870,26.5789,0.26270,0.26270
Q000023,14,7.0,baseline,2.511936,2.508720,1.090671,16.8182,0.12870,26.5789,0.26270,0.26270
Q000023,15,7.5,baseline,2.519440,2.502436,1.087282,16.8182,0.12870,26.5789,0.26270,0.26270
Q000023,16,8.0,baseline,2.520403,2.498861,1.077446,16.8182,0.12870,26.5789,0.26270,0.26270
Q000023,17,8.5,baseline,2.521599,2.500080,1.074075,16.8182,0.12870,26.5789,0.26270,0.26270
Q000023,18,9.0,baseline,2.510520,2.494342,1.077009,16.8182,0.12870,26.5789,0.26270,0.26270
Q000023,19,9.5,baseline,2.501300,2.499684,1.068911,16.8182,0.12870,26.5789,0.26270,0.26270
Q000023,20,10.0,baseline,2.497595,2.502019,1.067794,16.8182,0.12870,26.5789,0.26270,0.26270
Q000023,21,10.5,baseline,2.509029,2.501257,1.067729,16.8182,0.12870,26.5789,0.26270,0.26270
Q000023,22,11.0,baseline,2.510021,2.499737,1.072594,16.8182,0.12870,26.5789,0.26270,0.26270
Q000023,23,11.5,baseline,2.499298,2.511306,1.081514,16.8182,0.12870,26.5789,0.26270,0.26270
Q000023,24,12.0,baseline,2.495705,2.499171,1.082587,16.8182,0.12870,26.5789,0.26270,0.26270
Q000023,25,12.5,baseline,2.498928,2.487164,1.077922,16.8182,0.12870,26.5789,0.26270,0.26270
Q000023,26,13.0,baseline,2.493296,2.492632,1.078003,16.8182,0.12870,26.5789,0.26270,0.26270
Q000023,27,13.5,baseline,2.494676,2.491791,1.084155,16.8182,0.12870,26.5789,0.26270,0.26270
Q000023,28,14.0,baseline,2.484549,2.485536,1.077150,16.8182,0.12870,26.5789,0.26270,0.26270
Q000023,29,14.5,baseline,2.493664,2.490831,1.078550,16.8182,0.12870,26.5789,0.26270,0.26270
Q000023,30,15.0,baseline,2.498325,2.491681,1.071796,16.8182,0.12870,26.5789,0.26270,0.26270
Q000023,31,15.5,baseline,2.496435,2.490209,1.071029,16.8182,0.12870,26.5789,0.26270,0.26270
Q000023,32,16.0,exposure,2.453989,2.397890,1.070071,16.8182,0.12870,26.5789,0.26270,0.26270
Q000023,33,16.5,exposure,2.396538,2.274723,1.075626,16.8182,0.12870,26.5789,0.26270,0.26270
Q000023,34,17.0,exposure,2.316926,2.152495,1.078662,16.8182,0.12870,26.5789,0.26270,0.26270
Q000023,35,17.5,exposure,2.252443,2.036909,1.078746,16.8182,0.12870,26.5789,0.26270,0.26270
Q000023,36,18.0,exposure,2.190328,1.913728,1.079127,16.8182,0.12870,26.5789,0.26270,0.26270
Q000023,37,18.5,exposure,2.137601,1.811497,1.080205,16.8182,0.12870,26.5789,0.26270,0.26270
Q000023,38,19.0,exposure,2.072982,1.722336,1.084095,16.8182,0.12870,26.5789,0.26270,0.26270
Q000023,39,19.5,exposure,2.019674,1.629050,1.085286,16.8182,0.12870,26.5789,0.26270,0.26270
Q000023,40,20.0,exposure,1.955126,1.536475,1.088863,16.8182,0.12870,26.5789,0.26270,0.26270
Q000023,41,20.5,exposure,1.891162,1.452590,1.095146,16.8182,0.12870,26.5789,0.26270,0.26270
Q000023,42,21.0,exposure,1.827778,1.378865,1.099493,16.8182,0.12870,26.5789,0.26270,0.26270
Q000023,43,21.5,exposure,1.755093,1.325188,1.101108,16.8182,0.12870,26.5789,0.26270,0.26270
Q000023,44,22.0,exposure,1.693070,1.264581,1.102831,16.8182,0.12870,26.5789,0.26270,0.26270
Q000023,45,22.5,exposure,1.642753,1.213019,1.105703,16.8182,0.12870,26.5789,0.26270,0.26270
Q000023,46,23.0,exposure,1.591048,1.167037,1.118566,16.8182,0.12870,26.5789,0.26270,0.26270
Q000023,47,23.5,exposure,1.544335,1.123576,1.116984,16.8182,0.12870,26.5789,0.26270,0.26270
Q000023,48,24.0,exposure,1.492186,1.074060,1.124963,16.8182,0.12870,26.5789,0.26270,0.26270
Q000023,49,24.5,exposure,1.453369,1.033900,1.125341,16.8182,0.12870,26.5789,0.26270,0.26270
Q000023,50,25.0,exposure,1.416337,1.007627,1.134128,16.8182,0.12870,26.5789,0.26270,0.26270
Q000023,51,25.5,exposure,1.372818,0.984719,1.136254,16.8182,0.12870,26.5789,0.26270,0.26270
Q000023,52,26.0,exposure,1.334515,0.954582,1.137499,16.8182,0.12870,26.5789,0.26270,0.26270
Q000023,53,26.5,exposure,1.300048,0.921124,1.139645,16.8182,0.12870,26.5789,0.26270,0.26270
Q000023,54,27.0,exposure,1.257832,0.902226,1.138339,16.8182,0.12870,26.5789,0.26270,0.26270
Q000023,55,27.5,exposure,1.219124,0.876231,1.152097,16.8182,0.12870,26.5789,0.26270,0.26270
Q000023,56,28.0,exposure,1.173621,0.851745,1.151294,16.8182,0.12870,26.5789,0.26270,0.26270
Q000023,57,28.5,exposure,1.133451,0.834931,1.151682,16.8182,0.12870,26.5789,0.26270,0.26270
Q000023,58,29.0,exposure,1.109635,0.819605,1.150843,16.8182,0.12870,26.5789,0.26270,0.26270
Q000023,59,29.5,exposure,1.079284,0.791855,1.155833,16.8182,0.12870,26.5789,0.26270,0.26270
Q000023,60,30.0,exposure,1.048980,0.783056,1.162144,16.8182,0.12870,26.5789,0.26270,0.26270
Q000023,61,30.5,exposure,1.024413,0.785244,1.168102,16.8182,0.12870,26.5789,0.26270,0.26270
Q000023,62,31.0,exposure,0.991498,0.785143,1.166164,16.8182,0.12870,26.5789,0.26270,0.26270
Q000023,63,31.5,exposure,0.964153,0.758016,1.167154,16.8182,0.12870,26.5789,0.26270,0.26270
Q000023,64,32.0,steady,0.951715,0.746294,1.175092,16.8182,0.12870,26.5789,0.18000,0.18000
Q000023,65,32.5,steady,0.941174,0.738574,1.178193,16.8182,0.12870,26.5789,0.18000,0.18000
Q000023,66,33.0,steady,0.931032,0.736612,1.193832,16.8182,0.12870,26.5789,0.18000,0.18000
Q000023,67,33.5,steady,0.932336,0.735002,1.201645,16.8182,0.12870,26.5789,0.18000,0.18000
Q000023,68,34.0,steady,0.926506,0.726636,1.204240,16.8182,0.12870,26.5789,0.20000,0.20000
Q000023,69,34.5,steady,0.923263,0.719877,1.211144,16.8182,0.12870,26.5789,0.20000,0.20000
Q000023,70,35.0,steady,0.913321,0.715019,1.212986,16.8182,0.12870,26.5789,0.20000,0.20000
Q000023,71,35.5,steady,0.906145,0.704373,1.216634,16.8182,0.12870,26.5789,0.20000,0.20000
Q000023,72,36.0,steady,0.900366,0.703584,1.210759,16.8182,0.12870,26.5789,0.20000,0.20000
Q000023,73,36.5,steady,0.891990,0.703474,1.211946,16.8182,0.12870,26.5789,0.20000,0.20000
Q000023,74,37.0,steady,0.884267,0.697289,1.207934,16.8182,0.12870,26.5789,0.20000,0.20000
Q000023,75,37.5,steady,0.872459,0.700365,1.210328,16.8182,0.12870,26.5789,0.20000,0.20000
Q000023,76,38.0,steady,0.855099,0.694085,1.211443,16.8182,0.12870,26.5789,0.22000,0.22000
Q000023,77,38.5,steady,0.847534,0.695820,1.208227,16.8182,0.12870,26.5789,0.22000,0.22000
Q000023,78,39.0,steady,0.824558,0.701947,1.205963,16.8182,0.12870,26.5789,0.22000,0.22000
Q000023,79,39.5,steady,0.818167,0.690165,1.203423,16.8182,0.12870,26.5789,0.22000,0.22000
Q000023,80,40.0,steady,0.821982,0.680870,1.201055,16.8182,0.12870,26.5789,0.22000,0.22000
Q000023,81,40.5,steady,0.816883,0.691558,1.197537,16.8182,0.12870,26.5789,0.22000,0.22000
Q000023,82,41.0,steady,0.821096,0.690327,1.193219,16.8182,0.12870,26.5789,0.22000,0.22000
Q000023,83,41.5,steady,0.814987,0.687692,1.191501,16.8182,0.12870,26.5789,0.22000,0.22000
Q000023,84,42.0,steady,0.796073,0.698992,1.194713,16.8182,0.12870,26.5789,0.25000,0.25000
Q000023,85,42.5,steady,0.792725,0.690598,1.201163,16.8182,0.12870,26.5789,0.25000,0.25000
Q000023,86,43.0,steady,0.772437,0.692968,1.197574,16.8182,0.12870,26.5789,0.25000,0.25000
Q000023,87,43.5,steady,0.774002,0.676746,1.193871,16.8182,0.12870,26.5789,0.25000,0.25000
Q000023,88,44.0,steady,0.774139,0.672591,1.198200,16.8182,0.12870,26.5789,0.25000,0.25000
Q000023,89,44.5,steady,0.766279,0.658651,1.201428,16.8182,0.12870,26.5789,0.25000,0.25000
Q000023,90,45.0,steady,0.750156,0.657953,1.206838,16.8182,0.12870,26.5789,0.25000,0.25000
Q000023,91,45.5,steady,0.739894,0.661002,1.208638,16.8182,0.12870,26.5789,0.25000,0.25000
Q000023,92,46.0,steady,0.728508,0.652605,1.208891,16.8182,0.12870,26.5789,0.28000,0.28000
Q000023,93,46.5,steady,0.731575,0.651892,1.203466,16.8182,0.12870,26.5789,0.28000,0.28000
Q000023,94,47.0,steady,0.721696,0.646296,1.210003,16.8182,0.12870,26.5789,0.28000,0.28000
Q000023,95,47.5,steady,0.709676,0.642805,1.214190,16.8182,0.12870,26.5789,0.28000,0.28000
Q000023,96,48.0,recovery,0.704028,0.648847,1.216636,16.8182,0.12870,26.5789,0.26270,0.26270
Q000023,97,48.5,recovery,0.699210,0.639390,1.220386,16.8182,0.12870,26.5789,0.26270,0.26270
Q000023,98,49.0,recovery,0.707436,0.632478,1.221002,16.8182,0.12870,26.5789,0.26270,0.26270
Q000023,99,49.5,recovery,0.714140,0.640106,1.214554,16.8182,0.12870,26.5789,0.26270,0.26270
Q000023,100,50.0,recovery,0.706956,0.642367,1.213705,16.8182,0.12870,26.5789,0.26270,0.26270
Q000023,101,50.5,recovery,0.715939,0.637680,1.215711,16.8182,0.12870,26.5789,0.26270,0.26270
Q000023,102,51.0,recovery,0.724560,0.635926,1.204585,16.8182,0.12870,26.5789,0.26270,0.26270
Q000023,103,51.5,recovery,0.722406,0.637760,1.202603,16.8182,0.12870,26.5789,0.26270,0.26270
Q000023,104,52.0,recovery,0.724303,0.637207,1.197234,16.8182,0.12870,26.5789,0.26270,0.26270
Q000023,105,52.5,recovery,0.733151,0.640068,1.187704,16.8182,0.12870,26.5789,0.26270,0.26270
Q000023,106,53.0,recovery,0.737097,0.650119,1.185870,16.8182,0.12870,26.5789,0.26270,0.26270
Q000023,107,53.5,recovery,0.754436,0.647435,1.177612,16.8182,0.12870,26.5789,0.26270,0.26270
Q000023,108,54.0,recovery,0.769398,0.667907,1.172317,16.8182,0.12870,26.5789,0.26270,0.26270
Q000023,109,54.5,recovery,0.792603,0.668256,1.161551,16.8182,0.12870,26.5789,0.26270,0.26270
Q000023,110,55.0,recovery,0.813378,0.685406,1.155978,16.8182,0.12870,26.5789,0.26270,0.26270
Q000023,111,55.5,recovery,0.832767,0.693314,1.145972,16.8182,0.12870,26.5789,0.26270,0.26270
Q000023,112,56.0,recovery,0.861915,0.702586,1.146672,16.8182,0.12870,26.5789,0.26270,0.26270
Q000023,113,56.5,recovery,0.869511,0.715606,1.148771,16.8182,0.12870,26.5789,0.26270,0.26270
Q000023,114,57.0,recovery,0.889159,0.718262,1.143490,16.8182,0.12870,26.5789,0.26270,0.26270
Q000023,115,57.5,recovery,0.920006,0.711247,1.142324,16.8182,0.12870,26.5789,0.26270,0.26270
Q000023,116,58.0,recovery,0.938995,0.720524,1.136894,16.8182,0.12870,26.5789,0.26270,0.26270
Q000023,117,58.5,recovery,0.966777,0.744854,1.138177,16.8182,0.12870,26.5789,0.26270,0.26270
Q000023,118,59.0,recovery,0.994542,0.753245,1.132495,16.8182,0.12870,26.5789,0.26270,0.26270
Q000023,119,59.5,recovery,1.007122,0.768352,1.131300,16.8182,0.12870,26.5789,0.26270,0.26270
Q000023,120,60.0,recovery,1.043832,0.797565,1.126572,16.8182,0.12870,26.5789,0.26270,0.26270
Q000023,121,60.5,recovery,1.077932,0.818419,1.119900,16.8182,0.12870,26.5789,0.26270,0.26270
Q000023,122,61.0,recovery,1.119649,0.849629,1.116583,16.8182,0.12870,26.5789,0.26270,0.26270
Q000023,123,61.5,recovery,1.153484,0.884648,1.110871,16.8182,0.12870,26.5789,0.26270,0.26270
Q000023,124,62.0,recovery,1.205623,0.928970,1.106025,16.8182,0.12870,26.5789,0.26270,0.26270
Q000023,125,62.5,recovery,1.254753,1.015931,1.109330,16.8182,0.12870,26.5789,0.26270,0.26270
Q000023,126,63.0,recovery,1.322638,1.139935,1.099228,16.8182,0.12870,26.5789,0.26270,0.26270
Q000023,127,63.5,recovery,1.426086,1.476905,1.095244,16.8182,0.12870,26.5789,0.26270,0.26270
Q000024,0,0.0,baseline,2.489392,2.498941,1.159998,30.8416,0.35710,23.8117,0.23820,0.23820
Q000024,1,0.5,baseline,2.500074,2.498822,1.161068,30.8416,0.35710,23.8117,0.23820,0.23820
Q000024,2,1.0,baseline,2.496802,2.493416,1.162513,30.8416,0.35710,23.8117,0.23820,0.23820
Q000024,3,1.5,baseline,2.496667,2.486944,1.158620,30.8416,0.35710,23.8117,0.23820,0.23820
Q000024,4,2.0,baseline,2.498119,2.490744,1.168055,30.8416,0.35710,23.8117,0.23820,0.23820
Q000024,5,2.5,baseline,2.494121,2.485204,1.177030,30.8416,0.35710,23.8117,0.23820,0.23820
Q000024,6,3.0,baseline,2.497162,2.488831,1.181404,30.8416,0.35710,23.8117,0.23820,0.23820
Q000024,7,3.5,baseline,2.500760,2.489759,1.176304,30.8416,0.35710,23.8117,0.23820,0.23820
Q000024,8,4.0,baseline,2.505556,2.481355,1.180601,30.8416,0.35710,23.8117,0.23820,0.23820
Q000024,9,4.5,baseline,2.513485,2.483122,1.178498,30.8416,0.35710,23.8117,0.23820,0.23820
Q000024,10,5.0,baseline,2.524861,2.488133,1.180800,30.8416,0.35710,23.8117,0.23820,0.23820
Q000024,11,5.5,baseline,2.535729,2.485385,1.185216,30.8416,0.35710,23.8117,0.23820,0.23820
Q000024,12,6.0,baseline,2.540770,2.487327,1.185091,30.8416,0.35710,23.8117,0.23820,0.23820
Q000024,13,6.5,baseline,2.533979,2.485332,1.181166,30.8416,0.35710,23.8117,0.23820,0.23820
Q000024,14,7.0,baseline,2.538675,2.484547,1.180072,30.8416,0.35710,23.8117,0.23820,0.23820
Q000024,15,7.5,baseline,2.546815,2.484494,1.180182,30.8416,0.35710,23.8117,0.23820,0.23820
Q000024,16,8.0,baseline,2.543614,2.486483,1.185169,30.8416,0.35710,23.8117,0.23820,0.23820
Q000024,17,8.5,baseline,2.541447,2.486913,1.179432,30.8416,0.35710,23.8117,0.23820,0.23820
Q000024,18,9.0,baseline,2.552322,2.482233,1.180055,30.8416,0.35710,23.8117,0.23820,0.23820
Q000024,19,9.5,baseline,2.558131,2.485290,1.177176,30.8416,0.35710,23.8117,0.23820,0.23820
Q000024,20,10.0,baseline,2.566676,2.491413,1.180266,30.8416,0.35710,23.8117,0.23820,0.23820
Q000024,21,10.5,baseline,2.563677,2.502285,1.180567,30.8416,0.35710,23.8117,0.23820,0.23820
Q000024,22,11.0,baseline,2.562477,2.501923,1.183721,30.8416,0.35710,23.8117,0.23820,0.23820
Q000024,23,11.5,baseline,2.557607,2.489918,1.183988,30.8416,0.35710,23.8117,0.23820,0.23820
Q000024,24,12.0,baseline,2.560838,2.483777,1.177697,30.8416,0.35710,23.8117,0.23820,0.23820
Q000024,25,12.5,baseline,2.577161,2.479857,1.184656,30.8416,0.35710,23.8117,0.23820,0.23820
Q000024,26,13.0,baseline,2.572023,2.477338,1.187178,30.8416,0.35710,23.8117,0.23820,0.23820
Q000024,27,13.5,baseline,2.583801,2.467366,1.189590,30.8416,0.35710,23.8117,0.23820,0.23820
Q000024,28,14.0,baseline,2.595519,2.455751,1.193824,30.8416,0.35710,23.8117,0.23820,0.23820
Q000024,29,14.5,baseline,2.599572,2.447309,1.201440,30.8416,0.35710,23.8117,0.23820,0.23820
Q000024,30,15.0,baseline,2.598845,2.450160,1.203616,30.8416,0.35710,23.8117,0.23820,0.23820
Q000024,31,15.5,baseline,2.598077,2.455291,1.202270,30.8416,0.35710,23.8117,0.23820,0.23820
Q000024,32,16.0,exposure,2.557282,2.280080,1.199658,30.8416,0.35710,23.8117,0.23820,0.23820
Q000024,33,16.5,exposure,2.504352,2.087123,1.203798,30.8416,0.35710,23.8117,0.23820,0.23820
Q000024,34,17.0,exposure,2.435303,1.923107,1.205026,30.8416,0.35710,23.8117,0.23820,0.23820
Q000024,35,17.5,exposure,2.383235,1.772533,1.204612,30.8416,0.35710,23.8117,0.23820,0.23820
Q000024,36,18.0,exposure,2.311823,1.632178,1.206027,30.8416,0.35710,23.8117,0.23820,0.23820
Q000024,37,18.5,exposure,2.233965,1.517960,1.206557,30.8416,0.35710,23.8117,0.23820,0.23820
Q000024,38,19.0,exposure,2.152574,1.404478,1.206805,30.8416,0.35710,23.8117,0.23820,0.23820
Q000024,39,19.5,exposure,2.076113,1.310120,1.212440,30.8416,0.35710,23.8117,0.23820,0.23820
Q000024,40,20.0,exposure,2.003418,1.218562,1.220887,30.8416,0.35710,23.8117,0.23820,0.23820
Q000024,41,20.5,exposure,1.930372,1.145199,1.226458,30.8416,0.35710,23.8117,0.23820,0.23820
Q000024,42,21.0,exposure,1.857868,1.077425,1.235754,30.8416,0.35710,23.8117,0.23820,0.23820
Q000024,43,21.5,exposure,1.792723,1.017545,1.242158,30.8416,0.35710,23.8117,0.23820,0.23820
Q000024,44,22.0,exposure,1.723005,0.949462,1.252979,30.8416,0.35710,23.8117,0.23820,0.23820
Q000024,45,22.5,exposure,1.662978,0.897984,1.268844,30.8416,0.35710,23.8117,0.23820,0.23820
Q000024,46,23.0,exposure,1.595283,0.843777,1.269555,30.8416,0.35710,23.8117,0.23820,0.23820
Q000024,47,23.5,exposure,1.536834,0.794595,1.270304,30.8416,0.35710,23.8117,0.23820,0.23820
Q000024,48,24.0,exposure,1.472767,0.761364,1.278705,30.8416,0.35710,23.8117,0.23820,0.23820
Q000024,49,24.5,exposure,1.421598,0.727971,1.285715,30.8416,0.35710,23.8117,0.23820,0.23820
Q000024,50,25.0,exposure,1.357746,0.695916,1.295549,30.8416,0.35710,23.8117,0.23820,0.23820
Q000024,51,25.5,exposure,1.309703,0.668346,1.305707,30.8416,0.35710,23.8117,0.23820,0.23820
Q000024,52,26.0,exposure,1.259529,0.649408,1.310919,30.8416,0.35710,23.8117,0.23820,0.23820
Q000024,53,26.5,exposure,1.212510,0.631868,1.330975,30.8416,0.35710,23.8117,0.23820,0.23820
Q000024,54,27.0,exposure,1.167517,0.607692,1.339733,30.8416,0.35710,23.8117,0.23820,0.23820
Q000024,55,27.5,exposure,1.128502,0.583647,1.349893,30.8416,0.35710,23.8117,0.23820,0.23820
Q000024,56,28.0,exposure,1.098716,0.569812,1.353194,30.8416,0.35710,23.8117,0.23820,0.23820
Q000024,57,28.5,exposure,1.059425,0.559244,1.361361,30.8416,0.35710,23.8117,0.23820,0.23820
Q000024,58,29.0,exposure,1.022472,0.559050,1.363356,30.8416,0.35710,23.8117,0.23820,0.23820
Q000024,59,29.5,exposure,0.975325,0.547103,1.378499,30.8416,0.35710,23.8117,0.23820,0.23820
Q000024,60,30.0,exposure,0.948428,0.535202,1.384820,30.8416,0.35710,23.8117,0.23820,0.23820
Q000024,61,30.5,exposure,0.917273,0.522223,1.391780,30.8416,0.35710,23.8117,0.23820,0.23820
Q000024,62,31.0,exposure,0.882700,0.506052,1.397274,30.8416,0.35710,23.8117,0.23820,0.23820
Q000024,63,31.5,exposure,0.858582,0.499279,1.414018,30.8416,0.35710,23.8117,0.23820,0.23820
Q000024,64,32.0,steady,0.829048,0.490385,1.418113,30.8416,0.35710,23.8117,0.18000,0.18000
Q000024,65,32.5,steady,0.804923,0.487209,1.426228,30.8416,0.35710,23.8117,0.18000,0.18000
Q000024,66,33.0,steady,0.788560,0.471528,1.435635,30.8416,0.35710,23.8117,0.18000,0.18000
Q000024,67,33.5,steady,0.769479,0.468655,1.436710,30.8416,0.35710,23.8117,0.18000,0.18000
Q000024,68,34.0,steady,0.750934,0.463945,1.443168,30.8416,0.35710,23.8117,0.20000,0.20000
Q000024,69,34.5,steady,0.734388,0.449798,1.439827,30.8416,0.35710,23.8117,0.20000,0.20000
Q000024,70,35.0,steady,0.720365,0.443789,1.443124,30.8416,0.35710,23.8117,0.20000,0.20000
Q000024,71,35.5,steady,0.707422,0.434046,1.442560,30.8416,0.35710,23.8117,0.20000,0.20000
Q000024,72,36.0,steady,0.690471,0.431563,1.437499,30.8416,0.35710,23.8117,0.20000,0.20000
Q000024,73,36.5,steady,0.673805,0.424670,1.440215,30.8416,0.35710,23.8117,0.20000,0.20000
Q000024,74,37.0,steady,0.657942,0.432722,1.440538,30.8416,0.35710,23.8117,0.20000,0.20000
Q000024,75,37.5,steady,0.651635,0.431055,1.443362,30.8416,0.35710,23.8117,0.20000,0.20000
Q000024,76,38.0,steady,0.635868,0.425034,1.453022,30.8416,0.35710,23.8117,0.22000,0.22000
Q000024,77,38.5,steady,0.616339,0.426328,1.456277,30.8416,0.35710,23.8117,0.22000,0.22000
Q000024,78,39.0,steady,0.601981,0.425229,1.455468,30.8416,0.35710,23.8117,0.22000,0.22000
Q000024,79,39.5,steady,0.592369,0.417965,1.461748,30.8416,0.35710,23.8117,0.22000,0.22000
Q000024,80,40.0,steady,0.573042,0.433371,1.465835,30.8416,0.35710,23.8117,0.22000,0.22000
Q000024,81,40.5,steady,0.562593,0.425723,1.468383,30.8416,0.35710,23.8117,0.22000,0.22000
Q000024,82,41.0,steady,0.552672,0.430788,1.473748,30.8416,0.35710,23.8117,0.22000,0.22000
Q000024,83,41.5,steady,0.560631,0.430177,1.468065,30.8416,0.35710,23.8117,0.22000,0.22000
Q000024,84,42.0,steady,0.557454,0.416922,1.472867,30.8416,0.35710,23.8117,0.25000,0.25000
Q000024,85,42.5,steady,0.538560,0.412537,1.474519,30.8416,0.35710,23.8117,0.25000,0.25000
Q000024,86,43.0,steady,0.528407,0.409319,1.481087,30.8416,0.35710,23.8117,0.25000,0.25000
Q000024,87,43.5,steady,0.522248,0.402296,1.480703,30.8416,0.35710,23.8117,0.25000,0.25000
Q000024,88,44.0,steady,0.514685,0.391855,1.483594,30.8416,0.35710,23.8117,0.25000,0.25000
Q000024,89,44.5,steady,0.511590,0.384221,1.485069,30.8416,0.35710,23.8117,0.25000,0.25000
Q000024,90,45.0,steady,0.502149,0.384693,1.494529,30.8416,0.35710,23.8117,0.25000,0.25000
Q000024,91,45.5,steady,0.495464,0.379252,1.500330,30.8416,0.35710,23.8117,0.25000,0.25000
Q000024,92,46.0,steady,0.494333,0.390434,1.508829,30.8416,0.35710,23.8117,0.28000,0.28000
Q000024,93,46.5,steady,0.497182,0.374965,1.504431,30.8416,0.35710,23.8117,0.28000,0.28000
Q000024,94,47.0,steady,0.487088,0.370108,1.503288,30.8416,0.35710,23.8117,0.28000,0.28000
Q000024,95,47.5,steady,0.478949,0.369997,1.508694,30.8416,0.35710,23.8117,0.28000,0.28000
Q000024,96,48.0,recovery,0.471113,0.374704,1.508341,30.8416,0.35710,23.8117,0.23820,0.23820
Q000024,97,48.5,recovery,0.466789,0.386852,1.514651,30.8416,0.35710,23.8117,0.23820,0.23820
Q000024,98,49.0,recovery,0.469672,0.379718,1.514801,30.8416,0.35710,23.8117,0.23820,0.23820
Q000024,99,49.5,recovery,0.462345,0.371787,1.515953,30.8416,0.35710,23.8117,0.23820,0.23820
Q000024,100,50.0,recovery,0.467025,0.368399,1.514214,30.8416,0.35710,23.8117,0.23820,0.23820
Q000024,101,50.5,recovery,0.456642,0.376286,1.512325,30.8416,0.35710,23.8117,0.23820,0.23820
Q000024,102,51.0,recovery,0.461405,0.379631,1.502827,30.8416,0.35710,23.8117,0.23820,0.23820
Q000024,103,51.5,recovery,0.465453,0.382422,1.500348,30.8416,0.35710,23.8117,0.23820,0.23820
Q000024,104,52.0,recovery,0.479828,0.390923,1.500779,30.8416,0.35710,23.8117,0.23820,0.23820
Q000024,105,52.5,recovery,0.472047,0.397281,1.499580,30.8416,0.35710,23.8117,0.23820,0.23820
Q000024,106,53.0,recovery,0.467804,0.395629,1.493676,30.8416,0.35710,23.8117,0.23820,0.23820
Q000024,107,53.5,recovery,0.473027,0.391370,1.498203,30.8416,0.35710,23.8117,0.23820,0.23820
Q000024,108,54.0,recovery,0.476176,0.400326,1.491043,30.8416,0.35710,23.8117,0.23820,0.23820
Q000024,109,54.5,recovery,0.487001,0.390038,1.488966,30.8416,0.35710,23.8117,0.23820,0.23820
Q000024,110,55.0,recovery,0.482471,0.396597,1.496315,30.8416,0.35710,23.8117,0.23820,0.23820
Q000024,111,55.5,recovery,0.490484,0.405588,1.486319,30.8416,0.35710,23.8117,0.23820,0.23820
Q000024,112,56.0,recovery,0.508310,0.416154,1.480463,30.8416,0.35710,23.8117,0.23820,0.23820
Q000024,113,56.5,recovery,0.520558,0.426949,1.477792,30.8416,0.35710,23.8117,0.23820,0.23820
Q000024,114,57.0,recovery,0.524582,0.433948,1.471804,30.8416,0.35710,23.8117,0.23820,0.23820
Q000024,115,57.5,recovery,0.535453,0.435977,1.459002,30.8416,0.35710,23.8117,0.23820,0.23820
Q000024,116,58.0,recovery,0.555920,0.448626,1.450475,30.8416,0.35710,23.8117,0.23820,0.23820
Q000024,117,58.5,recovery,0.575907,0.448860,1.437125,30.8416,0.35710,23.8117,0.23820,0.23820
Q000024,118,59.0,recovery,0.590431,0.451892,1.436151,30.8416,0.35710,23.8117,0.23820,0.23820
Q000024,119,59.5,recovery,0.608710,0.465870,1.436490,30.8416,0.35710,23.8117,0.23820,0.23820
Q000024,120,60.0,recovery,0.634746,0.472842,1.431852,30.8416,0.35710,23.8117,0.23820,0.23820
Q000024,121,60.5,recovery,0.666550,0.478836,1.430531,30.8416,0.35710,23.8117,0.23820,0.23820
Q000024,122,61.0,recovery,0.715777,0.484578,1.432351,30.8416,0.35710,23.8117,0.23820,0.23820
Q000024,123,61.5,recovery,0.762696,0.489881,1.432775,30.8416,0.35710,23.8117,0.23820,0.23820
Q000024,124,62.0,recovery,0.829750,0.500593,1.429588,30.8416,0.35710,23.8117,0.23820,0.23820
Q000024,125,62.5,recovery,0.921640,0.524814,1.429236,30.8416,0.35710,23.8117,0.23820,0.23820
Q000024,126,63.0,recovery,1.027332,0.561941,1.432595,30.8416,0.35710,23.8117,0.23820,0.23820
Q000024,127,63.5,recovery,1.251216,0.765533,1.429054,30.8416,0.35710,23.8117,0.23820,0.23820
Q000025,0,0.0,baseline,2.496034,2.496831,1.176842,34.9224,0.42220,78.2647,0.28610,0.28610
Q000025,1,0.5,baseline,2.499615,2.501280,1.175390,34.9224,0.42220,78.2647,0.28610,0.28610
Q000025,2,1.0,baseline,2.504470,2.505728,1.176123,34.9224,0.42220,78.2647,0.28610,0.28610
Q000025,3,1.5,baseline,2.503749,2.507254,1.177341,34.9224,0.42220,78.2647,0.28610,0.28610
Q000025,4,2.0,baseline,2.499859,2.507211,1.170731,34.9224,0.42220,78.2647,0.28610,0.28610
Q000025,5,2.5,baseline,2.502826,2.527008,1.165510,34.9224,0.42220,78.2647,0.28610,0.28610
Q000025,6,3.0,baseline,2.500852,2.520478,1.161127,34.9224,0.42220,78.2647,0.28610,0.28610
Q000025,7,3.5,baseline,2.502482,2.510656,1.158000,34.9224,0.42220,78.2647,0.28610,0.28610
Q000025,8,4.0,baseline,2.510881,2.512115,1.151374,34.9224,0.42220,78.2647,0.28610,0.28610
Q000025,9,4.5,baseline,2.516695,2.511094,1.151766,34.9224,0.42220,78.2647,0.28610,0.28610
Q000025,10,5.0,baseline,2.515619,2.513694,1.151333,34.9224,0.42220,78.2647,0.28610,0.28610
Q000025,11,5.5,baseline,2.517443,2.500265,1.142293,34.9224,0.42220,78.2647,0.28610,0.28610
Q000025,12,6.0,baseline,2.518941,2.492846,1.141037,34.9224,0.42220,78.2647,0.28610,0.28610
Q000025,13,6.5,baseline,2.516911,2.488951,1.136736,34.9224,0.42220,78.2647,0.28610,0.28610
Q000025,14,7.0,baseline,2.519416,2.489923,1.137556,34.9224,0.42220,78.2647,0.28610,0.28610
Q000025,15,7.5,baseline,2.519504,2.490059,1.132474,34.9224,0.42220,78.2647,0.28610,0.28610
Q000025,16,8.0,baseline,2.522003,2.495291,1.139980,34.9224,0.42220,78.2647,0.28610,0.28610
Q000025,17,8.5,baseline,2.523103,2.501048,1.140550,34.9224,0.42220,78.2647,0.28610,0.28610
Q000025,18,9.0,baseline,2.516948,2.496111,1.141253,34.9224,0.42220,78.2647,0.28610,0.28610
Q000025,19,9.5,baseline,2.515234,2.503583,1.138719,34.9224,0.42220,78.2647,0.28610,0.28610
Q000025,20,10.0,baseline,2.518002,2.506117,1.137834,34.9224,0.42220,78.2647,0.28610,0.28610
Q000025,21,10.5,baseline,2.517836,2.504107,1.133433,34.9224,0.42220,78.2647,0.28610,0.28610
Q000025,22,11.0,baseline,2.509412,2.511656,1.132942,34.9224,0.42220,78.2647,0.28610,0.28610
Q000025,23,11.5,baseline,2.497301,2.524546,1.131189,34.9224,0.42220,78.2647,0.28610,0.28610
Q000025,24,12.0,baseline,2.499925,2.524283,1.131184,34.9224,0.42220,78.2647,0.28610,0.28610
Q000025,25,12.5,baseline,2.497095,2.512815,1.126260,34.9224,0.42220,78.2647,0.28610,0.28610
Q000025,26,13.0,baseline,2.490201,2.511271,1.136470,34.9224,0.42220,78.2647,0.28610,0.28610
Q000025,27,13.5,baseline,2.499850,2.501814,1.134392,34.9224,0.42220,78.2647,0.28610,0.28610
Q000025,28,14.0,baseline,2.508352,2.507265,1.128710,34.9224,0.42220,78.2647,0.28610,0.28610
Q000025,29,14.5,baseline,2.513775,2.508689,1.127798,34.9224,0.42220,78.2647,0.28610,0.28610
Q000025,30,15.0,baseline,2.509529,2.516375,1.126352,34.9224,0.42220,78.2647,0.28610,0.28610
Q000025,31,15.5,baseline,2.519555,2.522436,1.132114,34.9224,0.42220,78.2647,0.28610,0.28610
Q000025,32,16.0,exposure,2.467089,2.300849,1.123113,34.9224,0.42220,78.2647,0.28610,0.28610
Q000025,33,16.5,exposure,2.394027,2.056975,1.120005,34.9224,0.42220,78.2647,0.28610,0.28610
Q000025,34,17.0,exposure,2.306859,1.853826,1.116621,34.9224,0.42220,78.2647,0.28610,0.28610
Q000025,35,17.5,exposure,2.218766,1.673224,1.119465,34.9224,0.42220,78.2647,0.28610,0.28610
Q000025,36,18.0,exposure,2.138898,1.517369,1.118094,34.9224,0.42220,78.2647,0.28610,0.28610
Q000025,37,18.5,exposure,2.059374,1.388821,1.115482,34.9224,0.42220,78.2647,0.28610,0.28610
Q000025,38,19.0,exposure,1.975490,1.268711,1.120856,34.9224,0.42220,78.2647,0.28610,0.28610
Q000025,39,19.5,exposure,1.895711,1.170103,1.121574,34.9224,0.42220,78.2647,0.28610,0.28610
Q000025,40,20.0,exposure,1.818202,1.072692,1.131418,34.9224,0.42220,78.2647,0.28610,0.28610
Q000025,41,20.5,exposure,1.744307,1.000841,1.122900,34.9224,0.42220,78.2647,0.28610,0.28610
Q000025,42,21.0,exposure,1.677337,0.939956,1.122232,34.9224,0.42220,78.2647,0.28610,0.28610
Q000025,43,21.5,exposure,1.609189,0.884490,1.118346,34.9224,0.42220,78.2647,0.28610,0.28610
Q000025,44,22.0,exposure,1.551172,0.840533,1.123444,34.9224,0.42220,78.2647,0.28610,0.28610
Q000025,45,22.5,exposure,1.485266,0.802240,1.128428,34.9224,0.42220,78.2647,0.28610,0.28610
Q000025,46,23.0,exposure,1.411878,0.770800,1.134826,34.9224,0.42220,78.2647,0.28610,0.28610
Q000025,47,23.5,exposure,1.341745,0.729499,1.131245,34.9224,0.42220,78.2647,0.28610,0.28610
Q000025,48,24.0,exposure,1.283833,0.700863,1.136672,34.9224,0.42220,78.2647,0.28610,0.28610
Q000025,49,24.5,exposure,1.241306,0.672057,1.143399,34.9224,0.42220,78.2647,0.28610,0.28610
Q000025,50,25.0,exposure,1.185280,0.660681,1.152674,34.9224,0.42220,78.2647,0.28610,0.28610
Q000025,51,25.5,exposure,1.134150,0.644439,1.163574,34.9224,0.42220,78.2647,0.28610,0.28610
Q000025,52,26.0,exposure,1.107046,0.625163,1.171496,34.9224,0.42220,78.2647,0.28610,0.28610
Q000025,53,26.5,exposure,1.063422,0.610023,1.170496,34.9224,0.42220,78.2647,0.28610,0.28610
Q000025,54,27.0,exposure,1.020095,0.586275,1.177839,34.9224,0.42220,78.2647,0.28610,0.28610
Q000025,55,27.5,exposure,0.984586,0.573664,1.186673,34.9224,0.42220,78.2647,0.28610,0.28610
Q000025,56,28.0,exposure,0.946525,0.563100,1.189270,34.9224,0.42220,78.2647,0.28610,0.28610
Q000025,57,28.5,exposure,0.920501,0.552328,1.187151,34.9224,0.42220,78.2647,0.28610,0.28610
Q000025,58,29.0,exposure,0.879948,0.550172,1.179781,34.9224,0.42220,78.2647,0.28610,0.28610
Q000025,59,29.5,exposure,0.850416,0.552202,1.187756,34.9224,0.42220,78.2647,0.28610,0.28610
Q000025,60,30.0,exposure,0.813011,0.541088,1.189442,34.9224,0.42220,78.2647,0.28610,0.28610
Q000025,61,30.5,exposure,0.787773,0.526284,1.195952,34.9224,0.42220,78.2647,0.28610,0.28610
Q000025,62,31.0,exposure,0.746792,0.521465,1.208015,34.9224,0.42220,78.2647,0.28610,0.28610
Q000025,63,31.5,exposure,0.717123,0.511623,1.214553,34.9224,0.42220,78.2647,0.28610,0.28610
Q000025,64,32.0,steady,0.687168,0.520461,1.220429,34.9224,0.42220,78.2647,0.18000,0.18000
Q000025,65,32.5,steady,0.663323,0.509175,1.228946,34.9224,0.42220,78.2647,0.18000,0.18000
Q000025,66,33.0,steady,0.634387,0.521799,1.225081,34.9224,0.42220,78.2647,0.18000,0.18000
Q000025,67,33.5,steady,0.617653,0.530929,1.236429,34.9224,0.42220,78.2647,0.18000,0.18000
Q000025,68,34.0,steady,0.599444,0.531455,1.239368,34.9224,0.42220,78.2647,0.20000,0.20000
Q000025,69,34.5,steady,0.580930,0.536415,1.245849,34.9224,0.42220,78.2647,0.20000,0.20000
Q000025,70,35.0,steady,0.562074,0.518774,1.250763,34.9224,0.42220,78.2647,0.20000,0.20000
Q000025,71,35.5,steady,0.553848,0.516474,1.252143,34.9224,0.42220,78.2647,0.20000,0.20000
Q000025,72,36.0,steady,0.549174,0.517687,1.261058,34.9224,0.42220,78.2647,0.20000,0.20000
Q000025,73,36.5,steady,0.540913,0.519515,1.257438,34.9224,0.42220,78.2647,0.20000,0.20000
Q000025,74,37.0,steady,0.515064,0.516985,1.254310,34.9224,0.42220,78.2647,0.20000,0.20000
Q000025,75,37.5,steady,0.491238,0.525994,1.244118,34.9224,0.42220,78.2647,0.20000,0.20000
Q000025,76,38.0,steady,0.472779,0.527857,1.256314,34.9224,0.42220,78.2647,0.22000,0.22000
Q000025,77,38.5,steady,0.473677,0.519664,1.262040,34.9224,0.42220,78.2647,0.22000,0.22000
Q000025,78,39.0,steady,0.461797,0.514901,1.260368,34.9224,0.42220,78.2647,0.22000,0.22000
Q000025,79,39.5,steady,0.464300,0.496594,1.259664,34.9224,0.42220,78.2647,0.22000,0.22000
Q000025,80,40.0,steady,0.453476,0.502482,1.265762,34.9224,0.42220,78.2647,0.22000,0.22000
Q000025,81,40.5,steady,0.439238,0.509791,1.270356,34.9224,0.42220,78.2647,0.22000,0.22000
Q000025,82,41.0,steady,0.426763,0.501714,1.278883,34.9224,0.42220,78.2647,0.22000,0.22000
Q000025,83,41.5,steady,0.410918,0.508212,1.284307,34.9224,0.42220,78.2647,0.22000,0.22000
Q000025,84,42.0,steady,0.401059,0.509243,1.283579,34.9224,0.42220,78.2647,0.25000,0.25000
Q000025,85,42.5,steady,0.388337,0.503120,1.270863,34.9224,0.42220,78.2647,0.25000,0.25000
Q000025,86,43.0,steady,0.382637,0.503349,1.264500,34.9224,0.42220,78.2647,0.25000,0.25000
Q000025,87,43.5,steady,0.381151,0.504939,1.262091,34.9224,0.42220,78.2647,0.25000,0.25000
Q000025,88,44.0,steady,0.362900,0.507444,1.266202,34.9224,0.42220,78.2647,0.25000,0.25000
Q000025,89,44.5,steady,0.358008,0.500825,1.262228,34.9224,0.42220,78.2647,0.25000,0.25000
Q000025,90,45.0,steady,0.349923,0.488855,1.259233,34.9224,0.42220,78.2647,0.25000,0.25000
Q000025,91,45.5,steady,0.338467,0.492473,1.255099,34.9224,0.42220,78.2647,0.25000,0.25000
Q000025,92,46.0,steady,0.337170,0.492106,1.250582,34.9224,0.42220,78.2647,0.28000,0.28000
Q000025,93,46.5,steady,0.327236,0.493700,1.254402,34.9224,0.42220,78.2647,0.28000,0.28000
Q000025,94,47.0,steady,0.316154,0.479610,1.249303,34.9224,0.42220,78.2647,0.28000,0.28000
Q000025,95,47.5,steady,0.307783,0.486935,1.251834,34.9224,0.42220,78.2647,0.28000,0.28000
Q000025,96,48.0,recovery,0.295721,0.493448,1.257439,34.9224,0.42220,78.2647,0.28610,0.28610
Q000025,97,48.5,recovery,0.293421,0.494832,1.248171,34.9224,0.42220,78.2647,0.28610,0.28610
Q000025,98,49.0,recovery,0.283476,0.499456,1.249886,34.9224,0.42220,78.2647,0.28610,0.28610
Q000025,99,49.5,recovery,0.272190,0.495349,1.240591,34.9224,0.42220,78.2647,0.28610,0.28610
Q000025,100,50.0,recovery,0.260799,0.506640,1.239765,34.9224,0.42220,78.2647,0.28610,0.28610
Q000025,101,50.5,recovery,0.267717,0.500770,1.238158,34.9224,0.42220,78.2647,0.28610,0.28610
Q000025,102,51.0,recovery,0.262440,0.510295,1.240613,34.9224,0.42220,78.2647,0.28610,0.28610
Q000025,103,51.5,recovery,0.252252,0.511600,1.228789,34.9224,0.42220,78.2647,0.28610,0.28610
Q000025,104,52.0,recovery,0.248521,0.525710,1.226695,34.9224,0.42220,78.2647,0.28610,0.28610
Q000025,105,52.5,recovery,0.237878,0.534524,1.221234,34.9224,0.42220,78.2647,0.28610,0.28610
Q000025,106,53.0,recovery,0.242832,0.531960,1.226938,34.9224,0.42220,78.2647,0.28610,0.28610
Q000025,107,53.5,recovery,0.243812,0.549871,1.221430,34.9224,0.42220,78.2647,0.28610,0.28610
Q000025,108,54.0,recovery,0.251078,0.547209,1.222534,34.9224,0.42220,78.2647,0.28610,0.28610
Q000025,109,54.5,recovery,0.252779,0.554916,1.216288,34.9224,0.42220,78.2647,0.28610,0.28610
Q000025,110,55.0,recovery,0.250191,0.551720,1.217184,34.9224,0.42220,78.2647,0.28610,0.28610
Q000025,111,55.5,recovery,0.252826,0.551650,1.221530,34.9224,0.42220,78.2647,0.28610,0.28610
Q000025,112,56.0,recovery,0.245377,0.558173,1.219889,34.9224,0.42220,78.2647,0.28610,0.28610
Q000025,113,56.5,recovery,0.222892,0.557640,1.217298,34.9224,0.42220,78.2647,0.28610,0.28610
Q000025,114,57.0,recovery,0.212079,0.569579,1.212756,34.9224,0.42220,78.2647,0.28610,0.28610
Q000025,115,57.5,recovery,0.208094,0.568641,1.220562,34.9224,0.42220,78.2647,0.28610,0.28610
Q000025,116,58.0,recovery,0.208676,0.583695,1.215814,34.9224,0.42220,78.2647,0.28610,0.28610
Q000025,117,58.5,recovery,0.218032,0.586669,1.210727,34.9224,0.42220,78.2647,0.28610,0.28610
Q000025,118,59.0,recovery,0.223286,0.600655,1.204529,34.9224,0.42220,78.2647,0.28610,0.28610
Q000025,119,59.5,recovery,0.226341,0.611012,1.196811,34.9224,0.42220,78.2647,0.28610,0.28610
Q000025,120,60.0,recovery,0.243346,0.612597,1.192933,34.9224,0.42220,78.2647,0.28610,0.28610
Q000025,121,60.5,recovery,0.267952,0.624901,1.188520,34.9224,0.42220,78.2647,0.28610,0.28610
Q000025,122,61.0,recovery,0.289651,0.643276,1.182886,34.9224,0.42220,78.2647,0.28610,0.28610
Q000025,123,61.5,recovery,0.317085,0.670094,1.184860,34.9224,0.42220,78.2647,0.28610,0.28610
Q000025,124,62.0,recovery,0.366908,0.704467,1.179773,34.9224,0.42220,78.2647,0.28610,0.28610
Q000025,125,62.5,recovery,0.420396,0.740094,1.171902,34.9224,0.42220,78.2647,0.28610,0.28610
Q000025,126,63.0,recovery,0.511764,0.813653,1.160428,34.9224,0.42220,78.2647,0.28610,0.28610
Q000025,127,63.5,recovery,0.689561,1.114088,1.152962,34.9224,0.42220,78.2647,0.28610,0.28610
Q000026,0,0.0,baseline,2.487027,2.500638,1.047291,15.2296,0.53890,60.9026,0.25370,0.25370
Q000026,1,0.5,baseline,2.480862,2.497847,1.046274,15.2296,0.53890,60.9026,0.25370,0.25370
Q000026,2,1.0,baseline,2.479810,2.491390,1.054826,15.2296,0.53890,60.9026,0.25370,0.25370
Q000026,3,1.5,baseline,2.474042,2.505632,1.056291,15.2296,0.53890,60.9026,0.25370,0.25370
Q000026,4,2.0,baseline,2.475211,2.515728,1.045784,15.2296,0.53890,60.9026,0.25370,0.25370
Q000026,5,2.5,baseline,2.470686,2.507622,1.045598,15.2296,0.53890,60.9026,0.25370,0.25370
Q000026,6,3.0,baseline,2.468080,2.510839,1.050587,15.2296,0.53890,60.9026,0.25370,0.25370
Q000026,7,3.5,baseline,2.463092,2.502780,1.055508,15.2296,0.53890,60.9026,0.25370,0.25370
Q000026,8,4.0,baseline,2.479023,2.505711,1.059056,15.2296,0.53890,60.9026,0.25370,0.25370
Q000026,9,4.5,baseline,2.479633,2.515133,1.055867,15.2296,0.53890,60.9026,0.25370,0.25370
Q000026,10,5.0,baseline,2.481768,2.505105,1.058359,15.2296,0.53890,60.9026,0.25370,0.25370
Q000026,11,5.5,baseline,2.480421,2.504560,1.046013,15.2296,0.53890,60.9026,0.25370,0.25370
Q000026,12,6.0,baseline,2.482340,2.497452,1.048492,15.2296,0.53890,60.9026,0.25370,0.25370
Q000026,13,6.5,baseline,2.481405,2.495071,1.046606,15.2296,0.53890,60.9026,0.25370,0.25370
Q000026,14,7.0,baseline,2.474945,2.489507,1.044737,15.2296,0.53890,60.9026,0.25370,0.25370
Q000026,15,7.5,baseline,2.476242,2.486325,1.046784,15.2296,0.53890,60.9026,0.25370,0.25370
Q000026,16,8.0,baseline,2.473699,2.491049,1.045876,15.2296,0.53890,60.9026,0.25370,0.25370
Q000026,17,8.5,baseline,2.473384,2.493312,1.049294,15.2296,0.53890,60.9026,0.25370,0.25370
Q000026,18,9.0,baseline,2.475974,2.488027,1.045949,15.2296,0.53890,60.9026,0.25370,0.25370
Q000026,19,9.5,baseline,2.468469,2.477571,1.045962,15.2296,0.53890,60.9026,0.25370,0.25370
Q000026,20,10.0,baseline,2.462005,2.480116,1.050679,15.2296,0.53890,60.9026,0.25370,0.25370
Q000026,21,10.5,baseline,2.461173,2.480713,1.057856,15.2296,0.53890,60.9026,0.25370,0.25370
Q000026,22,11.0,baseline,2.466376,2.478942,1.053119,15.2296,0.53890,60.9026,0.25370,0.25370
Q000026,23,11.5,baseline,2.469350,2.467459,1.054587,15.2296,0.53890,60.9026,0.25370,0.25370
Q000026,24,12.0,baseline,2.462372,2.469793,1.057338,15.2296,0.53890,60.9026,0.25370,0.25370
Q000026,25,12.5,baseline,2.463923,2.465062,1.051450,15.2296,0.53890,60.9026,0.25370,0.25370
Q000026,26,13.0,baseline,2.467592,2.465990,1.050591,15.2296,0.53890,60.9026,0.25370,0.25370
Q000026,27,13.5,baseline,2.467643,2.462274,1.040032,15.2296,0.53890,60.9026,0.25370,0.25370
Q000026,28,14.0,baseline,2.462062,2.467562,1.037309,15.2296,0.53890,60.9026,0.25370,0.25370
Q000026,29,14.5,baseline,2.458528,2.473877,1.031734,15.2296,0.53890,60.9026,0.25370,0.25370
Q000026,30,15.0,baseline,2.455698,2.467471,1.027510,15.2296,0.53890,60.9026,0.25370,0.25370
Q000026,31,15.5,baseline,2.460557,2.462081,1.030111,15.2296,0.53890,60.9026,0.25370,0.25370
Q000026,32,16.0,exposure,2.253107,2.224788,1.027213,15.2296,0.53890,60.9026,0.25370,0.25370
Q000026,33,16.5,exposure,2.014571,2.010285,1.036138,15.2296,0.53890,60.9026,0.25370,0.25370
Q000026,34,17.0,exposure,1.774037,1.813154,1.039999,15.2296,0.53890,60.9026,0.25370,0.25370
Q000026,35,17.5,exposure,1.569180,1.642745,1.045340,15.2296,0.53890,60.9026,0.25370,0.25370
Q000026,36,18.0,exposure,1.380842,1.490189,1.045175,15.2296,0.53890,60.9026,0.25370,0.25370
Q000026,37,18.5,exposure,1.201533,1.351669,1.042586,15.2296,0.53890,60.9026,0.25370,0.25370
Q000026,38,19.0,exposure,1.049775,1.237591,1.053051,15.2296,0.53890,60.9026,0.25370,0.25370
Q000026,39,19.5,exposure,0.912922,1.141217,1.053881,15.2296,0.53890,60.9026,0.25370,0.25370
Q000026,40,20.0,exposure,0.808716,1.051117,1.053558,15.2296,0.53890,60.9026,0.25370,0.25370
Q000026,41,20.5,exposure,0.697248,0.973963,1.059094,15.2296,0.53890,60.9026,0.25370,0.25370
Q000026,42,21.0,exposure,0.603196,0.905304,1.061782,15.2296,0.53890,60.9026,0.25370,0.25370
Q000026,43,21.5,exposure,0.529963,0.847174,1.059682,15.2296,0.53890,60.9026,0.25370,0.25370
Q000026,44,22.0,exposure,0.452891,0.792327,1.061106,15.2296,0.53890,60.9026,0.25370,0.25370
Q000026,45,22.5,exposure,0.388845,0.754113,1.063001,15.2296,0.53890,60.9026,0.25370,0.25370
Q000026,46,23.0,exposure,0.336952,0.715362,1.078870,15.2296,0.53890,60.9026,0.25370,0.25370
Q000026,47,23.5,exposure,0.297162,0.682615,1.072926,15.2296,0.53890,60.9026,0.25370,0.25370
Q000026,48,24.0,exposure,0.258328,0.648394,1.072888,15.2296,0.53890,60.9026,0.25370,0.25370
Q000026,49,24.5,exposure,0.236401,0.623938,1.080763,15.2296,0.53890,60.9026,0.25370,0.25370
Q000026,50,25.0,exposure,0.209964,0.594176,1.097285,15.2296,0.53890,60.9026,0.25370,0.25370
Q000026,51,25.5,exposure,0.184392,0.581154,1.106965,15.2296,0.53890,60.9026,0.25370,0.25370
Q000026,52,26.0,exposure,0.156348,0.558401,1.111672,15.2296,0.53890,60.9026,0.25370,0.25370
Q000026,53,26.5,exposure,0.146091,0.542161,1.116514,15.2296,0.53890,60.9026,0.25370,0.25370
Q000026,54,27.0,exposure,0.130987,0.521972,1.114955,15.2296,0.53890,60.9026,0.25370,0.25370
Q000026,55,27.5,exposure,0.122157,0.519031,1.120364,15.2296,0.53890,60.9026,0.25370,0.25370
Q000026,56,28.0,exposure,0.107537,0.500550,1.113061,15.2296,0.53890,60.9026,0.25370,0.25370
Q000026,57,28.5,exposure,0.102072,0.485865,1.109439,15.2296,0.53890,60.9026,0.25370,0.25370
Q000026,58,29.0,exposure,0.095155,0.482358,1.113490,15.2296,0.53890,60.9026,0.25370,0.25370
Q000026,59,29.5,exposure,0.095928,0.468762,1.114727,15.2296,0.53890,60.9026,0.25370,0.25370
Q000026,60,30.0,exposure,0.082016,0.457953,1.119297,15.2296,0.53890,60.9026,0.25370,0.25370
Q000026,61,30.5,exposure,0.083323,0.444810,1.127464,15.2296,0.53890,60.9026,0.25370,0.25370
Q000026,62,31.0,exposure,0.090849,0.432817,1.128958,15.2296,0.53890,60.9026,0.25370,0.25370
Q000026,63,31.5,exposure,0.077614,0.428036,1.137599,15.2296,0.53890,60.9026,0.25370,0.25370
Q000026,64,32.0,steady,0.069087,0.422548,1.133560,15.2296,0.53890,60.9026,0.18000,0.18000
Q000026,65,32.5,steady,0.050806,0.419449,1.134585,15.2296,0.53890,60.9026,0.18000,0.18000
Q000026,66,33.0,steady,0.056128,0.426456,1.132847,15.2296,0.53890,60.9026,0.18000,0.18000
Q000026,67,33.5,steady,0.056230,0.421855,1.135497,15.2296,0.53890,60.9026,0.18000,0.18000
Q000026,68,34.0,steady,0.047300,0.420691,1.135203,15.2296,0.53890,60.9026,0.20000,0.20000
Q000026,69,34.5,steady,0.045648,0.419923,1.135350,15.2296,0.53890,60.9026,0.20000,0.20000
Q000026,70,35.0,steady,0.048522,0.401149,1.141930,15.2296,0.53890,60.9026,0.20000,0.20000
Q000026,71,35.5,steady,0.043782,0.405128,1.137362,15.2296,0.53890,60.9026,0.20000,0.20000
Q000026,72,36.0,steady,0.031945,0.400095,1.144916,15.2296,0.53890,60.9026,0.20000,0.20000
Q000026,73,36.5,steady,0.028924,0.400502,1.148474,15.2296,0.53890,60.9026,0.20000,0.20000
Q000026,74,37.0,steady,0.039292,0.395687,1.150548,15.2296,0.53890,60.9026,0.20000,0.20000
Q000026,75,37.5,steady,0.049322,0.390095,1.143134,15.2296,0.53890,60.9026,0.20000,0.20000
Q000026,76,38.0,steady,0.049510,0.392198,1.150112,15.2296,0.53890,60.9026,0.22000,0.22000
Q000026,77,38.5,steady,0.047983,0.390672,1.158407,15.2296,0.53890,60.9026,0.22000,0.22000
Q000026,78,39.0,steady,0.052135,0.404408,1.165753,15.2296,0.53890,60.9026,0.22000,0.22000
Q000026,79,39.5,steady,0.047141,0.391261,1.161325,15.2296,0.53890,60.9026,0.22000,0.22000
Q000026,80,40.0,steady,0.043925,0.390563,1.162636,15.2296,0.53890,60.9026,0.22000,0.22000
Q000026,81,40.5,steady,0.045818,0.394312,1.166687,15.2296,0.53890,60.9026,0.22000,0.22000
Q000026,82,41.0,steady,0.052985,0.391169,1.169446,15.2296,0.53890,60.9026,0.22000,0.22000
Q000026,83,41.5,steady,0.047996,0.398072,1.166049,15.2296,0.53890,60.9026,0.22000,0.22000
Q000026,84,42.0,steady,0.049488,0.414365,1.151427,15.2296,0.53890,60.9026,0.25000,0.25000
Q000026,85,42.5,steady,0.050579,0.418291,1.149590,15.2296,0.53890,60.9026,0.25000,0.25000
Q000026,86,43.0,steady,0.054527,0.415632,1.153842,15.2296,0.53890,60.9026,0.25000,0.25000
Q000026,87,43.5,steady,0.070768,0.412618,1.154269,15.2296,0.53890,60.9026,0.25000,0.25000
Q000026,88,44.0,steady,0.073967,0.403111,1.154196,15.2296,0.53890,60.9026,0.25000,0.25000
Q000026,89,44.5,steady,0.064574,0.401747,1.150672,15.2296,0.53890,60.9026,0.25000,0.25000
Q000026,90,45.0,steady,0.058954,0.413010,1.158587,15.2296,0.53890,60.9026,0.25000,0.25000
Q000026,91,45.5,steady,0.057313,0.418173,1.161832,15.2296,0.53890,60.9026,0.25000,0.25000
Q000026,92,46.0,steady,0.047189,0.420618,1.159616,15.2296,0.53890,60.9026,0.28000,0.28000
Q000026,93,46.5,steady,0.041510,0.417120,1.160718,15.2296,0.53890,60.9026,0.28000,0.28000
Q000026,94,47.0,steady,0.043382,0.401492,1.155394,15.2296,0.53890,60.9026,0.28000,0.28000
Q000026,95,47.5,steady,0.041001,0.404457,1.157843,15.2296,0.53890,60.9026,0.28000,0.28000
Q000026,96,48.0,recovery,0.045888,0.399702,1.156803,15.2296,0.53890,60.9026,0.25370,0.25370
Q000026,97,48.5,recovery,0.036062,0.407641,1.152628,15.2296,0.53890,60.9026,0.25370,0.25370
Q000026,98,49.0,recovery,0.037522,0.408257,1.146999,15.2296,0.53890,60.9026,0.25370,0.25370
Q000026,99,49.5,recovery,0.034124,0.416605,1.145674,15.2296,0.53890,60.9026,0.25370,0.25370
Q000026,100,50.0,recovery,0.044264,0.419103,1.144120,15.2296,0.53890,60.9026,0.25370,0.25370
Q000026,101,50.5,recovery,0.038291,0.417183,1.144346,15.2296,0.53890,60.9026,0.25370,0.25370
Q000026,102,51.0,recovery,0.033092,0.419560,1.145275,15.2296,0.53890,60.9026,0.25370,0.25370
Q000026,103,51.5,recovery,0.037906,0.413519,1.138265,15.2296,0.53890,60.9026,0.25370,0.25370
Q000026,104,52.0,recovery,0.032237,0.415023,1.136192,15.2296,0.53890,60.9026,0.25370,0.25370
Q000026,105,52.5,recovery,0.041773,0.433367,1.134569,15.2296,0.53890,60.9026,0.25370,0.25370
Q000026,106,53.0,recovery,0.043091,0.447583,1.124822,15.2296,0.53890,60.9026,0.25370,0.25370
Q000026,107,53.5,recovery,0.039748,0.451101,1.123120,15.2296,0.53890,60.9026,0.25370,0.25370
Q000026,108,54.0,recovery,0.048573,0.446801,1.133628,15.2296,0.53890,60.9026,0.25370,0.25370
Q000026,109,54.5,recovery,0.044838,0.442701,1.137567,15.2296,0.53890,60.9026,0.25370,0.25370
Q000026,110,55.0,recovery,0.051392,0.433105,1.131694,15.2296,0.53890,60.9026,0.25370,0.25370
Q000026,111,55.5,recovery,0.049738,0.440480,1.130175,15.2296,0.53890,60.9026,0.25370,0.25370
Q000026,112,56.0,recovery,0.046213,0.440788,1.119471,15.2296,0.53890,60.9026,0.25370,0.25370
Q000026,113,56.5,recovery,0.041360,0.450560,1.120806,15.2296,0.53890,60.9026,0.25370,0.25370
Q000026,114,57.0,recovery,0.050683,0.456011,1.116027,15.2296,0.53890,60.9026,0.25370,0.25370
Q000026,115,57.5,recovery,0.041665,0.446040,1.107284,15.2296,0.53890,60.9026,0.25370,0.25370
Q000026,116,58.0,recovery,0.035036,0.453590,1.102524,15.2296,0.53890,60.9026,0.25370,0.25370
Q000026,117,58.5,recovery,0.030314,0.453820,1.101309,15.2296,0.53890,60.9026,0.25370,0.25370
Q000026,118,59.0,recovery,0.036425,0.460099,1.104265,15.2296,0.53890,60.9026,0.25370,0.25370
Q000026,119,59.5,recovery,0.041847,0.470509,1.103123,15.2296,0.53890,60.9026,0.25370,0.25370
Q000026,120,60.0,recovery,0.046541,0.477644,1.094891,15.2296,0.53890,60.9026,0.25370,0.25370
Q000026,121,60.5,recovery,0.062540,0.485117,1.089193,15.2296,0.53890,60.9026,0.25370,0.25370
Q000026,122,61.0,recovery,0.078954,0.491114,1.089669,15.2296,0.53890,60.9026,0.25370,0.25370
Q000026,123,61.5,recovery,0.106224,0.507246,1.088443,15.2296,0.53890,60.9026,0.25370,0.25370
Q000026,124,62.0,recovery,0.135895,0.522596,1.081715,15.2296,0.53890,60.9026,0.25370,0.25370
Q000026,125,62.5,recovery,0.191746,0.541744,1.075035,15.2296,0.53890,60.9026,0.25370,0.25370
Q000026,126,63.0,recovery,0.303710,0.564391,1.069573,15.2296,0.53890,60.9026,0.25370,0.25370
Q000026,127,63.5,recovery,0.581562,0.794190,1.068415,15.2296,0.53890,60.9026,0.25370,0.25370
Q000027,0,0.0,baseline,2.500757,2.493571,1.081111,20.3365,0.49030,26.6931,0.24350,0.24350
Q000027,1,0.5,baseline,2.497669,2.496798,1.078612,20.3365,0.49030,26.6931,0.24350,0.24350
Q000027,2,1.0,baseline,2.486691,2.499488,1.074068,20.3365,0.49030,26.6931,0.24350,0.24350
Q000027,3,1.5,baseline,2.487536,2.498694,1.078989,20.3365,0.49030,26.6931,0.24350,0.24350
Q000027,4,2.0,baseline,2.498142,2.504185,1.080614,20.3365,0.49030,26.6931,0.24350,0.24350
Q000027,5,2.5,baseline,2.491604,2.506456,1.074665,20.3365,0.49030,26.6931,0.24350,0.24350
Q000027,6,3.0,baseline,2.480388,2.507252,1.076310,20.3365,0.49030,26.6931,0.24350,0.24350
Q000027,7,3.5,baseline,2.474392,2.507613,1.074462,20.3365,0.49030,26.6931,0.24350,0.24350
Q000027,8,4.0,baseline,2.474821,2.506945,1.070530,20.3365,0.49030,26.6931,0.24350,0.24350
Q000027,9,4.5,baseline,2.474151,2.516313,1.066696,20.3365,0.49030,26.6931,0.24350,0.24350
Q000027,10,5.0,baseline,2.473714,2.513141,1.063145,20.3365,0.49030,26.6931,0.24350,0.24350
Q000027,11,5.5,baseline,2.481625,2.497613,1.074018,20.3365,0.49030,26.6931,0.24350,0.24350
Q000027,12,6.0,baseline,2.488331,2.487455,1.074620,20.3365,0.49030,26.6931,0.24350,0.24350
Q000027,13,6.5,baseline,2.480858,2.484987,1.081390,20.3365,0.49030,26.6931,0.24350,0.24350
Q000027,14,7.0,baseline,2.471276,2.498675,1.074150,20.3365,0.49030,26.6931,0.24350,0.24350
Q000027,15,7.5,baseline,2.480975,2.502292,1.063998,20.3365,0.49030,26.6931,0.24350,0.24350
Q000027,16,8.0,baseline,2.481040,2.498568,1.073492,20.3365,0.49030,26.6931,0.24350,0.24350
Q000027,17,8.5,baseline,2.481629,2.495145,1.070367,20.3365,0.49030,26.6931,0.24350,0.24350
Q000027,18,9.0,baseline,2.487202,2.493065,1.075583,20.3365,0.49030,26.6931,0.24350,0.24350
Q000027,19,9.5,baseline,2.490197,2.480021,1.069887,20.3365,0.49030,26.6931,0.24350,0.24350
Q000027,20,10.0,baseline,2.505101,2.478830,1.062638,20.3365,0.49030,26.6931,0.24350,0.24350
Q000027,21,10.5,baseline,2.506633,2.481243,1.059893,20.3365,0.49030,26.6931,0.24350,0.24350
Q000027,22,11.0,baseline,2.502133,2.495265,1.057224,20.3365,0.49030,26.6931,0.24350,0.24350
Q000027,23,11.5,baseline,2.504205,2.486042,1.052442,20.3365,0.49030,26.6931,0.24350,0.24350
Q000027,24,12.0,baseline,2.501883,2.476566,1.050344,20.3365,0.49030,26.6931,0.24350,0.24350
Q000027,25,12.5,baseline,2.495689,2.485314,1.057933,20.3365,0.49030,26.6931,0.24350,0.24350
Q000027,26,13.0,baseline,2.495864,2.483453,1.050316,20.3365,0.49030,26.6931,0.24350,0.24350
Q000027,27,13.5,baseline,2.493345,2.480100,1.047586,20.3365,0.49030,26.6931,0.24350,0.24350
Q000027,28,14.0,baseline,2.500774,2.481438,1.040300,20.3365,0.49030,26.6931,0.24350,0.24350
Q000027,29,14.5,baseline,2.499261,2.465111,1.037367,20.3365,0.49030,26.6931,0.24350,0.24350
Q000027,30,15.0,baseline,2.495141,2.470070,1.034627,20.3365,0.49030,26.6931,0.24350,0.24350
Q000027,31,15.5,baseline,2.492963,2.470198,1.032775,20.3365,0.49030,26.6931,0.24350,0.24350
Q000027,32,16.0,exposure,2.392819,2.279166,1.036528,20.3365,0.49030,26.6931,0.24350,0.24350
Q000027,33,16.5,exposure,2.267424,2.091799,1.032986,20.3365,0.49030,26.6931,0.24350,0.24350
Q000027,34,17.0,exposure,2.125246,1.932186,1.038060,20.3365,0.49030,26.6931,0.24350,0.24350
Q000027,35,17.5,exposure,1.983503,1.777613,1.035506,20.3365,0.49030,26.6931,0.24350,0.24350
Q000027,36,18.0,exposure,1.852349,1.652156,1.038667,20.3365,0.49030,26.6931,0.24350,0.24350
Q000027,37,18.5,exposure,1.713462,1.527003,1.042784,20.3365,0.49030,26.6931,0.24350,0.24350
Q000027,38,19.0,exposure,1.593491,1.407444,1.046006,20.3365,0.49030,26.6931,0.24350,0.24350
Q000027,39,19.5,exposure,1.471603,1.308548,1.048645,20.3365,0.49030,26.6931,0.24350,0.24350
Q000027,40,20.0,exposure,1.348642,1.218255,1.050681,20.3365,0.49030,26.6931,0.24350,0.24350
Q000027,41,20.5,exposure,1.252301,1.137797,1.049473,20.3365,0.49030,26.6931,0.24350,0.24350
Q000027,42,21.0,exposure,1.151370,1.066765,1.048546,20.3365,0.49030,26.6931,0.24350,0.24350
Q000027,43,21.5,exposure,1.069410,0.997871,1.053199,20.3365,0.49030,26.6931,0.24350,0.24350
Q000027,44,22.0,exposure,0.984355,0.933580,1.063765,20.3365,0.49030,26.6931,0.24350,0.24350
Q000027,45,22.5,exposure,0.919872,0.879953,1.066737,20.3365,0.49030,26.6931,0.24350,0.24350
Q000027,46,23.0,exposure,0.842763,0.825740,1.068118,20.3365,0.49030,26.6931,0.24350,0.24350
Q000027,47,23.5,exposure,0.770907,0.790684,1.073728,20.3365,0.49030,26.6931,0.24350,0.24350
Q000027,48,24.0,exposure,0.708317,0.741634,1.079063,20.3365,0.49030,26.6931,0.24350,0.24350
Q000027,49,24.5,exposure,0.657497,0.714344,1.082910,20.3365,0.49030,26.6931,0.24350,0.24350
Q000027,50,25.0,exposure,0.595677,0.690585,1.086667,20.3365,0.49030,26.6931,0.24350,0.24350
Q000027,51,25.5,exposure,0.553202,0.657932,1.096529,20.3365,0.49030,26.6931,0.24350,0.24350
Q000027,52,26.0,exposure,0.510948,0.639966,1.096943,20.3365,0.49030,26.6931,0.24350,0.24350
Q000027,53,26.5,exposure,0.456352,0.617435,1.100577,20.3365,0.49030,26.6931,0.24350,0.24350
Q000027,54,27.0,exposure,0.422260,0.585360,1.117689,20.3365,0.49030,26.6931,0.24350,0.24350
Q000027,55,27.5,exposure,0.379160,0.561553,1.126462,20.3365,0.49030,26.6931,0.24350,0.24350
Q000027,56,28.0,exposure,0.347699,0.533252,1.140691,20.3365,0.49030,26.6931,0.24350,0.24350
Q000027,57,28.5,exposure,0.334762,0.510007,1.145817,20.3365,0.49030,26.6931,0.24350,0.24350
Q000027,58,29.0,exposure,0.310055,0.504109,1.155847,20.3365,0.49030,26.6931,0.24350,0.24350
Q000027,59,29.5,exposure,0.298596,0.495179,1.152899,20.3365,0.49030,26.6931,0.24350,0.24350
Q000027,60,30.0,exposure,0.271861,0.482008,1.159700,20.3365,0.49030,26.6931,0.24350,0.24350
Q000027,61,30.5,exposure,0.244845,0.464595,1.178855,20.3365,0.49030,26.6931,0.24350,0.24350
Q000027,62,31.0,exposure,0.234080,0.451893,1.184482,20.3365,0.49030,26.6931,0.24350,0.24350
Q000027,63,31.5,exposure,0.223225,0.437122,1.194553,20.3365,0.49030,26.6931,0.24350,0.24350
Q000027,64,32.0,steady,0.207866,0.419296,1.209217,20.3365,0.49030,26.6931,0.18000,0.18000
Q000027,65,32.5,steady,0.189609,0.413054,1.213877,20.3365,0.49030,26.6931,0.18000,0.18000
Q000027,66,33.0,steady,0.189609,0.420740,1.218489,20.3365,0.49030,26.6931,0.18000,0.18000
Q000027,67,33.5,steady,0.185035,0.418431,1.229201,20.3365,0.49030,26.6931,0.18000,0.18000
Q000027,68,34.0,steady,0.165782,0.425813,1.221524,20.3365,0.49030,26.6931,0.20000,0.20000
Q000027,69,34.5,steady,0.161622,0.424488,1.223694,20.3365,0.49030,26.6931,0.20000,0.20000
Q000027,70,35.0,steady,0.148017,0.431596,1.229654,20.3365,0.49030,26.6931,0.20000,0.20000
Q000027,71,35.5,steady,0.152703,0.425915,1.229879,20.3365,0.49030,26.6931,0.20000,0.20000
Q000027,72,36.0,steady,0.146937,0.418892,1.227929,20.3365,0.49030,26.6931,0.20000,0.20000
Q000027,73,36.5,steady,0.143341,0.416041,1.235036,20.3365,0.49030,26.6931,0.20000,0.20000
Q000027,74,37.0,steady,0.138308,0.423397,1.232130,20.3365,0.49030,26.6931,0.20000,0.20000
Q000027,75,37.5,steady,0.131822,0.421221,1.233310,20.3365,0.49030,26.6931,0.20000,0.20000
Q000027,76,38.0,steady,0.125099,0.412232,1.237916,20.3365,0.49030,26.6931,0.22000,0.22000
Q000027,77,38.5,steady,0.130631,0.402215,1.241825,20.3365,0.49030,26.6931,0.22000,0.22000
Q000027,78,39.0,steady,0.139848,0.395908,1.234493,20.3365,0.49030,26.6931,0.22000,0.22000
Q000027,79,39.5,steady,0.138243,0.378607,1.240389,20.3365,0.49030,26.6931,0.22000,0.22000
Q000027,80,40.0,steady,0.136987,0.365164,1.242800,20.3365,0.49030,26.6931,0.22000,0.22000
Q000027,81,40.5,steady,0.132812,0.375601,1.240429,20.3365,0.49030,26.6931,0.22000,0.22000
Q000027,82,41.0,steady,0.135473,0.377497,1.247062,20.3365,0.49030,26.6931,0.22000,0.22000
Q000027,83,41.5,steady,0.127958,0.376542,1.253124,20.3365,0.49030,26.6931,0.22000,0.22000
Q000027,84,42.0,steady,0.111549,0.372797,1.260928,20.3365,0.49030,26.6931,0.25000,0.25000
Q000027,85,42.5,steady,0.102283,0.373510,1.264883,20.3365,0.49030,26.6931,0.25000,0.25000
Q000027,86,43.0,steady,0.100393,0.365901,1.273378,20.3365,0.49030,26.6931,0.25000,0.25000
Q000027,87,43.5,steady,0.088830,0.366316,1.273421,20.3365,0.49030,26.6931,0.25000,0.25000
Q000027,88,44.0,steady,0.078691,0.352883,1.275827,20.3365,0.49030,26.6931,0.25000,0.25000
Q000027,89,44.5,steady,0.083805,0.343080,1.277428,20.3365,0.49030,26.6931,0.25000,0.25000
Q000027,90,45.0,steady,0.080989,0.344718,1.285438,20.3365,0.49030,26.6931,0.25000,0.25000
Q000027,91,45.5,steady,0.089490,0.341171,1.279245,20.3365,0.49030,26.6931,0.25000,0.25000
Q000027,92,46.0,steady,0.080002,0.337742,1.273690,20.3365,0.49030,26.6931,0.28000,0.28000
Q000027,93,46.5,steady,0.078495,0.338555,1.272650,20.3365,0.49030,26.6931,0.28000,0.28000
Q000027,94,47.0,steady,0.070742,0.333769,1.280744,20.3365,0.49030,26.6931,0.28000,0.28000
Q000027,95,47.5,steady,0.082561,0.338480,1.283418,20.3365,0.49030,26.6931,0.28000,0.28000
Q000027,96,48.0,recovery,0.082964,0.329706,1.289583,20.3365,0.49030,26.6931,0.24350,0.24350
Q000027,97,48.5,recovery,0.081886,0.331963,1.286867,20.3365,0.49030,26.6931,0.24350,0.24350
Q000027,98,49.0,recovery,0.085520,0.327025,1.283153,20.3365,0.49030,26.6931,0.24350,0.24350
Q000027,99,49.5,recovery,0.073927,0.329747,1.284180,20.3365,0.49030,26.6931,0.24350,0.24350
Q000027,100,50.0,recovery,0.066623,0.330656,1.273924,20.3365,0.49030,26.6931,0.24350,0.24350
Q000027,101,50.5,recovery,0.060987,0.327054,1.271514,20.3365,0.49030,26.6931,0.24350,0.24350
Q000027,102,51.0,recovery,0.055095,0.317849,1.270972,20.3365,0.49030,26.6931,0.24350,0.24350
Q000027,103,51.5,recovery,0.041015,0.325166,1.263200,20.3365,0.49030,26.6931,0.24350,0.24350
Q000027,104,52.0,recovery,0.040969,0.327118,1.249767,20.3365,0.49030,26.6931,0.24350,0.24350
Q000027,105,52.5,recovery,0.039603,0.336217,1.239313,20.3365,0.49030,26.6931,0.24350,0.24350
Q000027,106,53.0,recovery,0.032634,0.348574,1.241005,20.3365,0.49030,26.6931,0.24350,0.24350
Q000027,107,53.5,recovery,0.031253,0.346886,1.231826,20.3365,0.49030,26.6931,0.24350,0.24350
Q000027,108,54.0,recovery,0.033440,0.341164,1.225992,20.3365,0.49030,26.6931,0.24350,0.24350
Q000027,109,54.5,recovery,0.026431,0.343650,1.220969,20.3365,0.49030,26.6931,0.24350,0.24350
Q000027,110,55.0,recovery,0.030375,0.340814,1.207719,20.3365,0.49030,26.6931,0.24350,0.24350
Q000027,111,55.5,recovery,0.032673,0.347006,1.203352,20.3365,0.49030,26.6931,0.24350,0.24350
Q000027,112,56.0,recovery,0.043080,0.342275,1.191700,20.3365,0.49030,26.6931,0.24350,0.24350
Q000027,113,56.5,recovery,0.049213,0.348230,1.191417,20.3365,0.49030,26.6931,0.24350,0.24350
Q000027,114,57.0,recovery,0.055542,0.343538,1.179355,20.3365,0.49030,26.6931,0.24350,0.24350
Q000027,115,57.5,recovery,0.072570,0.347392,1.171520,20.3365,0.49030,26.6931,0.24350,0.24350
Q000027,116,58.0,recovery,0.076459,0.362235,1.163431,20.3365,0.49030,26.6931,0.24350,0.24350
Q000027,117,58.5,recovery,0.093700,0.361817,1.148633,20.3365,0.49030,26.6931,0.24350,0.24350
Q000027,118,59.0,recovery,0.111949,0.362982,1.143744,20.3365,0.49030,26.6931,0.24350,0.24350
Q000027,119,59.5,recovery,0.125823,0.361220,1.135423,20.3365,0.49030,26.6931,0.24350,0.24350
Q000027,120,60.0,recovery,0.148321,0.365751,1.128131,20.3365,0.49030,26.6931,0.24350,0.24350
Q000027,121,60.5,recovery,0.175290,0.370283,1.117071,20.3365,0.49030,26.6931,0.24350,0.24350
Q000027,122,61.0,recovery,0.208719,0.372800,1.114708,20.3365,0.49030,26.6931,0.24350,0.24350
Q000027,123,61.5,recovery,0.246948,0.378925,1.102129,20.3365,0.49030,26.6931,0.24350,0.24350
Q000027,124,62.0,recovery,0.287585,0.384017,1.091490,20.3365,0.49030,26.6931,0.24350,0.24350
Q000027,125,62.5,recovery,0.356823,0.396941,1.085791,20.3365,0.49030,26.6931,0.24350,0.24350
Q000027,126,63.0,recovery,0.441037,0.407480,1.077644,20.3365,0.49030,26.6931,0.24350,0.24350
Q000027,127,63.5,recovery,0.622539,0.574827,1.063642,20.3365,0.49030,26.6931,0.24350,0.24350
Q000028,0,0.0,baseline,2.498626,2.499899,1.116688,24.0745,0.68090,72.5512,0.22630,0.22630
Q000028,1,0.5,baseline,2.494102,2.507469,1.109955,24.0745,0.68090,72.5512,0.22630,0.22630
Q000028,2,1.0,baseline,2.498104,2.503539,1.105885,24.0745,0.68090,72.5512,0.22630,0.22630
Q000028,3,1.5,baseline,2.499099,2.498536,1.105295,24.0745,0.68090,72.5512,0.22630,0.22630
Q000028,4,2.0,baseline,2.498595,2.492878,1.110302,24.0745,0.68090,72.5512,0.22630,0.22630
Q000028,5,2.5,baseline,2.489786,2.494087,1.109618,24.0745,0.68090,72.5512,0.22630,0.22630
Q000028,6,3.0,baseline,2.489227,2.492999,1.106257,24.0745,0.68090,72.5512,0.22630,0.22630
Q000028,7,3.5,baseline,2.495376,2.486774,1.108140,24.0745,0.68090,72.5512,0.22630,0.22630
Q000028,8,4.0,baseline,2.493377,2.497922,1.114143,24.0745,0.68090,72.5512,0.22630,0.22630
Q000028,9,4.5,baseline,2.492416,2.491081,1.115755,24.0745,0.68090,72.5512,0.22630,0.22630
Q000028,10,5.0,baseline,2.489029,2.486979,1.110635,24.0745,0.68090,72.5512,0.22630,0.22630
Q000028,11,5.5,baseline,2.492516,2.495769,1.102659,24.0745,0.68090,72.5512,0.22630,0.22630
Q000028,12,6.0,baseline,2.483202,2.493611,1.104574,24.0745,0.68090,72.5512,0.22630,0.22630
Q000028,13,6.5,baseline,2.484718,2.492082,1.103311,24.0745,0.68090,72.5512,0.22630,0.22630
Q000028,14,7.0,baseline,2.472960,2.490270,1.106594,24.0745,0.68090,72.5512,0.22630,0.22630
Q000028,15,7.5,baseline,2.471002,2.487528,1.104537,24.0745,0.68090,72.5512,0.22630,0.22630
Q000028,16,8.0,baseline,2.477808,2.496869,1.118207,24.0745,0.68090,72.5512,0.22630,0.22630
Q000028,17,8.5,baseline,2.477826,2.500672,1.122760,24.0745,0.68090,72.5512,0.22630,0.22630
Q000028,18,9.0,baseline,2.479282,2.494613,1.118810,24.0745,0.68090,72.5512,0.22630,0.22630
Q000028,19,9.5,baseline,2.488047,2.487778,1.125030,24.0745,0.68090,72.5512,0.22630,0.22630
Q000028,20,10.0,baseline,2.490017,2.485089,1.122856,24.0745,0.68090,72.5512,0.22630,0.22630
Q000028,21,10.5,baseline,2.491432,2.491427,1.119251,24.0745,0.68090,72.5512,0.22630,0.22630
Q000028,22,11.0,baseline,2.482467,2.485570,1.113750,24.0745,0.68090,72.5512,0.22630,0.22630
Q000028,23,11.5,baseline,2.478794,2.470694,1.113781,24.0745,0.68090,72.5512,0.22630,0.22630
Q000028,24,12.0,baseline,2.489392,2.468654,1.113234,24.0745,0.68090,72.5512,0.22630,0.22630
Q000028,25,12.5,baseline,2.492071,2.461937,1.104364,24.0745,0.68090,72.5512,0.22630,0.22630
Q000028,26,13.0,baseline,2.489415,2.458626,1.107308,24.0745,0.68090,72.5512,0.22630,0.22630
Q000028,27,13.5,baseline,2.505827,2.458910,1.117958,24.0745,0.68090,72.5512,0.22630,0.22630
Q000028,28,14.0,baseline,2.507887,2.454056,1.119528,24.0745,0.68090,72.5512,0.22630,0.22630
Q000028,29,14.5,baseline,2.510176,2.462973,1.122791,24.0745,0.68090,72.5512,0.22630,0.22630
Q000028,30,15.0,baseline,2.516760,2.461617,1.124266,24.0745,0.68090,72.5512,0.22630,0.22630
Q000028,31,15.5,baseline,2.523559,2.456347,1.118288,24.0745,0.68090,72.5512,0.22630,0.22630
Q000028,32,16.0,exposure,2.454539,2.272320,1.118627,24.0745,0.68090,72.5512,0.22630,0.22630
Q000028,33,16.5,exposure,2.377332,2.109839,1.117436,24.0745,0.68090,72.5512,0.22630,0.22630
Q000028,34,17.0,exposure,2.282991,1.951604,1.114599,24.0745,0.68090,72.5512,0.22630,0.22630
Q000028,35,17.5,exposure,2.189217,1.801174,1.115618,24.0745,0.68090,72.5512,0.22630,0.22630
Q000028,36,18.0,exposure,2.101745,1.664916,1.117135,24.0745,0.68090,72.5512,0.22630,0.22630
Q000028,37,18.5,exposure,2.009014,1.536806,1.131521,24.0745,0.68090,72.5512,0.22630,0.22630
Q000028,38,19.0,exposure,1.923018,1.422236,1.136902,24.0745,0.68090,72.5512,0.22630,0.22630
Q000028,39,19.5,exposure,1.842768,1.329685,1.132855,24.0745,0.68090,72.5512,0.22630,0.22630
Q000028,40,20.0,exposure,1.753809,1.221695,1.134193,24.0745,0.68090,72.5512,0.22630,0.22630
Q000028,41,20.5,exposure,1.677838,1.140023,1.137925,24.0745,0.68090,72.5512,0.22630,0.22630
Q000028,42,21.0,exposure,1.597931,1.065556,1.143884,24.0745,0.68090,72.5512,0.22630,0.22630
Q000028,43,21.5,exposure,1.531352,0.984998,1.146107,24.0745,0.68090,72.5512,0.22630,0.22630
Q000028,44,22.0,exposure,1.469107,0.926599,1.148989,24.0745,0.68090,72.5512,0.22630,0.22630
Q000028,45,22.5,exposure,1.406746,0.871201,1.159766,24.0745,0.68090,72.5512,0.22630,0.22630
Q000028,46,23.0,exposure,1.347606,0.815505,1.165035,24.0745,0.68090,72.5512,0.22630,0.22630
Q000028,47,23.5,exposure,1.293367,0.761774,1.166607,24.0745,0.68090,72.5512,0.22630,0.22630
Q000028,48,24.0,exposure,1.240118,0.712789,1.177172,24.0745,0.68090,72.5512,0.22630,0.22630
Q000028,49,24.5,exposure,1.193244,0.668658,1.179632,24.0745,0.68090,72.5512,0.22630,0.22630
Q000028,50,25.0,exposure,1.142753,0.631722,1.186643,24.0745,0.68090,72.5512,0.22630,0.22630
Q000028,51,25.5,exposure,1.088995,0.592305,1.192993,24.0745,0.68090,72.5512,0.22630,0.22630
Q000028,52,26.0,exposure,1.062966,0.552513,1.199417,24.0745,0.68090,72.5512,0.22630,0.22630
Q000028,53,26.5,exposure,1.023338,0.528923,1.219919,24.0745,0.68090,72.5512,0.22630,0.22630
Q000028,54,27.0,exposure,0.986302,0.506122,1.234801,24.0745,0.68090,72.5512,0.22630,0.22630
Q000028,55,27.5,exposure,0.958452,0.480501,1.242441,24.0745,0.68090,72.5512,0.22630,0.22630
Q000028,56,28.0,exposure,0.930586,0.458409,1.255967,24.0745,0.68090,72.5512,0.22630,0.22630
Q000028,57,28.5,exposure,0.894999,0.448959,1.266522,24.0745,0.68090,72.5512,0.22630,0.22630
Q000028,58,29.0,exposure,0.866898,0.431324,1.271373,24.0745,0.68090,72.5512,0.22630,0.22630
Q000028,59,29.5,exposure,0.830654,0.420403,1.284802,24.0745,0.68090,72.5512,0.22630,0.22630
Q000028,60,30.0,exposure,0.810905,0.407522,1.299677,24.0745,0.68090,72.5512,0.22630,0.22630
Q000028,61,30.5,exposure,0.784363,0.390858,1.309178,24.0745,0.68090,72.5512,0.22630,0.22630
Q000028,62,31.0,exposure,0.769590,0.367730,1.312134,24.0745,0.68090,72.5512,0.22630,0.22630
Q000028,63,31.5,exposure,0.741877,0.361460,1.321768,24.0745,0.68090,72.5512,0.22630,0.22630
Q000028,64,32.0,steady,0.718523,0.360202,1.335028,24.0745,0.68090,72.5512,0.18000,0.18000
Q000028,65,32.5,steady,0.697827,0.352096,1.347285,24.0745,0.68090,72.5512,0.18000,0.18000
Q000028,66,33.0,steady,0.681492,0.340794,1.356341,24.0745,0.68090,72.5512,0.18000,0.18000
Q000028,67,33.5,steady,0.657107,0.317348,1.371748,24.0745,0.68090,72.5512,0.18000,0.18000
Q000028,68,34.0,steady,0.644834,0.299345,1.380834,24.0745,0.68090,72.5512,0.20000,0.20000
Q000028,69,34.5,steady,0.623532,0.301777,1.382990,24.0745,0.68090,72.5512,0.20000,0.20000
Q000028,70,35.0,steady,0.609640,0.294491,1.383877,24.0745,0.68090,72.5512,0.20000,0.20000
Q000028,71,35.5,steady,0.594176,0.299507,1.388190,24.0745,0.68090,72.5512,0.20000,0.20000
Q000028,72,36.0,steady,0.579859,0.299904,1.405855,24.0745,0.68090,72.5512,0.20000,0.20000
Q000028,73,36.5,steady,0.562328,0.306726,1.405338,24.0745,0.68090,72.5512,0.20000,0.20000
Q000028,74,37.0,steady,0.542665,0.305435,1.408439,24.0745,0.68090,72.5512,0.20000,0.20000
Q000028,75,37.5,steady,0.523038,0.292985,1.424504,24.0745,0.68090,72.5512,0.20000,0.20000
Q000028,76,38.0,steady,0.497905,0.279599,1.436695,24.0745,0.68090,72.5512,0.22000,0.22000
Q000028,77,38.5,steady,0.477382,0.284145,1.439316,24.0745,0.68090,72.5512,0.22000,0.22000
Q000028,78,39.0,steady,0.467637,0.291992,1.442586,24.0745,0.68090,72.5512,0.22000,0.22000
Q000028,79,39.5,steady,0.456879,0.298535,1.443003,24.0745,0.68090,72.5512,0.22000,0.22000
Q000028,80,40.0,steady,0.454476,0.299228,1.443957,24.0745,0.68090,72.5512,0.22000,0.22000
Q000028,81,40.5,steady,0.450474,0.292630,1.447303,24.0745,0.68090,72.5512,0.22000,0.22000
Q000028,82,41.0,steady,0.445776,0.283109,1.451753,24.0745,0.68090,72.5512,0.22000,0.22000
Q000028,83,41.5,steady,0.431800,0.281961,1.449675,24.0745,0.68090,72.5512,0.22000,0.22000
Q000028,84,42.0,steady,0.421840,0.267434,1.448237,24.0745,0.68090,72.5512,0.25000,0.25000
Q000028,85,42.5,steady,0.408332,0.263563,1.447560,24.0745,0.68090,72.5512,0.25000,0.25000
Q000028,86,43.0,steady,0.407468,0.259236,1.456116,24.0745,0.68090,72.5512,0.25000,0.25000
Q000028,87,43.5,steady,0.399602,0.259862,1.458076,24.0745,0.68090,72.5512,0.25000,0.25000
Q000028,88,44.0,steady,0.394844,0.260855,1.464325,24.0745,0.68090,72.5512,0.25000,0.25000
Q000028,89,44.5,steady,0.386200,0.247927,1.463721,24.0745,0.68090,72.5512,0.25000,0.25000
Q000028,90,45.0,steady,0.386384,0.249224,1.471126,24.0745,0.68090,72.5512,0.25000,0.25000
Q000028,91,45.5,steady,0.375204,0.236481,1.474759,24.0745,0.68090,72.5512,0.25000,0.25000
Q000028,92,46.0,steady,0.367532,0.242202,1.467089,24.0745,0.68090,72.5512,0.28000,0.28000
Q000028,93,46.5,steady,0.360922,0.252999,1.471367,24.0745,0.68090,72.5512,0.28000,0.28000
Q000028,94,47.0,steady,0.361651,0.258288,1.473560,24.0745,0.68090,72.5512,0.28000,0.28000
Q000028,95,47.5,steady,0.346788,0.250179,1.475695,24.0745,0.68090,72.5512,0.28000,0.28000
Q000028,96,48.0,recovery,0.342795,0.241504,1.476551,24.0745,0.68090,72.5512,0.22630,0.22630
Q000028,97,48.5,recovery,0.331724,0.243250,1.481092,24.0745,0.68090,72.5512,0.22630,0.22630
Q000028,98,49.0,recovery,0.329184,0.236815,1.477135,24.0745,0.68090,72.5512,0.22630,0.22630
Q000028,99,49.5,recovery,0.340810,0.246900,1.474510,24.0745,0.68090,72.5512,0.22630,0.22630
Q000028,100,50.0,recovery,0.344901,0.256818,1.481650,24.0745,0.68090,72.5512,0.22630,0.22630
Q000028,101,50.5,recovery,0.341033,0.260811,1.474729,24.0745,0.68090,72.5512,0.22630,0.22630
Q000028,102,51.0,recovery,0.333959,0.264699,1.474196,24.0745,0.68090,72.5512,0.22630,0.22630
Q000028,103,51.5,recovery,0.319716,0.271553,1.467147,24.0745,0.68090,72.5512,0.22630,0.22630
Q000028,104,52.0,recovery,0.325306,0.269388,1.454445,24.0745,0.68090,72.5512,0.22630,0.22630
Q000028,105,52.5,recovery,0.324115,0.255878,1.448923,24.0745,0.68090,72.5512,0.22630,0.22630
Q000028,106,53.0,recovery,0.320880,0.250926,1.443693,24.0745,0.68090,72.5512,0.22630,0.22630
Q000028,107,53.5,recovery,0.318796,0.239729,1.429803,24.0745,0.68090,72.5512,0.22630,0.22630
Q000028,108,54.0,recovery,0.320639,0.248480,1.419307,24.0745,0.68090,72.5512,0.22630,0.22630
Q000028,109,54.5,recovery,0.329820,0.263569,1.409367,24.0745,0.68090,72.5512,0.22630,0.22630
Q000028,110,55.0,recovery,0.326265,0.275354,1.404453,24.0745,0.68090,72.5512,0.22630,0.22630
Q000028,111,55.5,recovery,0.323375,0.270091,1.403097,24.0745,0.68090,72.5512,0.22630,0.22630
Q000028,112,56.0,recovery,0.313487,0.275788,1.403995,24.0745,0.68090,72.5512,0.22630,0.22630
Q000028,113,56.5,recovery,0.322132,0.290568,1.403975,24.0745,0.68090,72.5512,0.22630,0.22630
Q000028,114,57.0,recovery,0.334763,0.298673,1.407246,24.0745,0.68090,72.5512,0.22630,0.22630
Q000028,115,57.5,recovery,0.336194,0.304393,1.405395,24.0745,0.68090,72.5512,0.22630,0.22630
Q000028,116,58.0,recovery,0.328717,0.316546,1.410407,24.0745,0.68090,72.5512,0.22630,0.22630
Q000028,117,58.5,recovery,0.314884,0.314693,1.401015,24.0745,0.68090,72.5512,0.22630,0.22630
Q000028,118,59.0,recovery,0.297829,0.321023,1.390233,24.0745,0.68090,72.5512,0.22630,0.22630
Q000028,119,59.5,recovery,0.294730,0.315173,1.384149,24.0745,0.68090,72.5512,0.22630,0.22630
Q000028,120,60.0,recovery,0.296358,0.317719,1.383607,24.0745,0.68090,72.5512,0.22630,0.22630
Q000028,121,60.5,recovery,0.304975,0.315050,1.382193,24.0745,0.68090,72.5512,0.22630,0.22630
Q000028,122,61.0,recovery,0.302539,0.322859,1.379319,24.0745,0.68090,72.5512,0.22630,0.22630
Q000028,123,61.5,recovery,0.317500,0.344216,1.377957,24.0745,0.68090,72.5512,0.22630,0.22630
Q000028,124,62.0,recovery,0.359971,0.351993,1.368814,24.0745,0.68090,72.5512,0.22630,0.22630
Q000028,125,62.5,recovery,0.405145,0.364113,1.365530,24.0745,0.68090,72.5512,0.22630,0.22630
Q000028,126,63.0,recovery,0.500132,0.375670,1.356401,24.0745,0.68090,72.5512,0.22630,0.22630
Q000028,127,63.5,recovery,0.741014,0.571975,1.346840,24.0745,0.68090,72.5512,0.22630,0.22630
Q000029,0,0.0,baseline,2.496150,2.505571,1.116057,25.0117,0.20880,74.7577,0.28710,0.28710
Q000029,1,0.5,baseline,2.490849,2.503041,1.114941,25.0117,0.20880,74.7577,0.28710,0.28710
Q000029,2,1.0,baseline,2.501842,2.503325,1.118094,25.0117,0.20880,74.7577,0.28710,0.28710
Q000029,3,1.5,baseline,2.502593,2.498646,1.123142,25.0117,0.20880,74.7577,0.28710,0.28710
Q000029,4,2.0,baseline,2.494846,2.505540,1.121750,25.0117,0.20880,74.7577,0.28710,0.28710
Q000029,5,2.5,baseline,2.503263,2.508657,1.114805,25.0117,0.20880,74.7577,0.28710,0.28710
Q000029,6,3.0,baseline,2.515347,2.511769,1.116896,25.0117,0.20880,74.7577,0.28710,0.28710
Q000029,7,3.5,baseline,2.519870,2.504501,1.116777,25.0117,0.20880,74.7577,0.28710,0.28710
Q000029,8,4.0,baseline,2.526415,2.512160,1.110740,25.0117,0.20880,74.7577,0.28710,0.28710
Q000029,9,4.5,baseline,2.527456,2.515731,1.116784,25.0117,0.20880,74.7577,0.28710,0.28710
Q000029,10,5.0,baseline,2.532828,2.518793,1.113762,25.0117,0.20880,74.7577,0.28710,0.28710
Q000029,11,5.5,baseline,2.531676,2.514615,1.115616,25.0117,0.20880,74.7577,0.28710,0.28710
Q000029,12,6.0,baseline,2.525501,2.517010,1.114449,25.0117,0.20880,74.7577,0.28710,0.28710
Q000029,13,6.5,baseline,2.528321,2.500770,1.115672,25.0117,0.20880,74.7577,0.28710,0.28710
Q000029,14,7.0,baseline,2.530412,2.491306,1.111439,25.0117,0.20880,74.7577,0.28710,0.28710
Q000029,15,7.5,baseline,2.526465,2.483037,1.111630,25.0117,0.20880,74.7577,0.28710,0.28710
Q000029,16,8.0,baseline,2.519814,2.483304,1.103688,25.0117,0.20880,74.7577,0.28710,0.28710
Q000029,17,8.5,baseline,2.519243,2.486316,1.103803,25.0117,0.20880,74.7577,0.28710,0.28710
Q000029,18,9.0,baseline,2.512428,2.496480,1.099686,25.0117,0.20880,74.7577,0.28710,0.28710
Q000029,19,9.5,baseline,2.515017,2.497890,1.104179,25.0117,0.20880,74.7577,0.28710,0.28710
Q000029,20,10.0,baseline,2.510794,2.484914,1.101484,25.0117,0.20880,74.7577,0.28710,0.28710
Q000029,21,10.5,baseline,2.526595,2.491130,1.095270,25.0117,0.20880,74.7577,0.28710,0.28710
Q000029,22,11.0,baseline,2.534093,2.492053,1.090985,25.0117,0.20880,74.7577,0.28710,0.28710
Q000029,23,11.5,baseline,2.524737,2.481252,1.086676,25.0117,0.20880,74.7577,0.28710,0.28710
Q000029,24,12.0,baseline,2.520176,2.481722,1.088354,25.0117,0.20880,74.7577,0.28710,0.28710
Q000029,25,12.5,baseline,2.507583,2.474810,1.080698,25.0117,0.20880,74.7577,0.28710,0.28710
Q000029,26,13.0,baseline,2.508261,2.471546,1.086190,25.0117,0.20880,74.7577,0.28710,0.28710
Q000029,27,13.5,baseline,2.506094,2.479311,1.080941,25.0117,0.20880,74.7577,0.28710,0.28710
Q000029,28,14.0,baseline,2.503501,2.484739,1.073054,25.0117,0.20880,74.7577,0.28710,0.28710
Q000029,29,14.5,baseline,2.503121,2.496701,1.073619,25.0117,0.20880,74.7577,0.28710,0.28710
Q000029,30,15.0,baseline,2.498392,2.503748,1.073350,25.0117,0.20880,74.7577,0.28710,0.28710
Q000029,31,15.5,baseline,2.501770,2.504209,1.069165,25.0117,0.20880,74.7577,0.28710,0.28710
Q000029,32,16.0,exposure,2.455061,2.398866,1.075674,25.0117,0.20880,74.7577,0.28710,0.28710
Q000029,33,16.5,exposure,2.392696,2.290748,1.072433,25.0117,0.20880,74.7577,0.28710,0.28710
Q000029,34,17.0,exposure,2.322595,2.178492,1.077293,25.0117,0.20880,74.7577,0.28710,0.28710
Q000029,35,17.5,exposure,2.251567,2.073581,1.088526,25.0117,0.20880,74.7577,0.28710,0.28710
Q000029,36,18.0,exposure,2.182094,1.963734,1.095349,25.0117,0.20880,74.7577,0.28710,0.28710
Q000029,37,18.5,exposure,2.103889,1.854252,1.105516,25.0117,0.20880,74.7577,0.28710,0.28710
Q000029,38,19.0,exposure,2.022680,1.753214,1.105164,25.0117,0.20880,74.7577,0.28710,0.28710
Q000029,39,19.5,exposure,1.961023,1.675208,1.111576,25.0117,0.20880,74.7577,0.28710,0.28710
Q000029,40,20.0,exposure,1.891799,1.585089,1.114534,25.0117,0.20880,74.7577,0.28710,0.28710
Q000029,41,20.5,exposure,1.819165,1.508192,1.125927,25.0117,0.20880,74.7577,0.28710,0.28710
Q000029,42,21.0,exposure,1.747713,1.434087,1.131273,25.0117,0.20880,74.7577,0.28710,0.28710
Q000029,43,21.5,exposure,1.666674,1.365105,1.148110,25.0117,0.20880,74.7577,0.28710,0.28710
Q000029,44,22.0,exposure,1.604183,1.302378,1.158225,25.0117,0.20880,74.7577,0.28710,0.28710
Q000029,45,22.5,exposure,1.551558,1.250869,1.163069,25.0117,0.20880,74.7577,0.28710,0.28710
Q000029,46,23.0,exposure,1.479962,1.207182,1.169425,25.0117,0.20880,74.7577,0.28710,0.28710
Q000029,47,23.5,exposure,1.419572,1.162220,1.178480,25.0117,0.20880,74.7577,0.28710,0.28710
Q000029,48,24.0,exposure,1.374151,1.102629,1.177560,25.0117,0.20880,74.7577,0.28710,0.28710
Q000029,49,24.5,exposure,1.321237,1.064047,1.186815,25.0117,0.20880,74.7577,0.28710,0.28710
Q000029,50,25.0,exposure,1.281618,1.025814,1.199133,25.0117,0.20880,74.7577,0.28710,0.28710
Q000029,51,25.5,exposure,1.228253,0.982008,1.206952,25.0117,0.20880,74.7577,0.28710,0.28710
Q000029,52,26.0,exposure,1.177403,0.940940,1.219698,25.0117,0.20880,74.7577,0.28710,0.28710
Q000029,53,26.5,exposure,1.136096,0.904135,1.226295,25.0117,0.20880,74.7577,0.28710,0.28710
Q000029,54,27.0,exposure,1.093122,0.872458,1.237089,25.0117,0.20880,74.7577,0.28710,0.28710
Q000029,55,27.5,exposure,1.047427,0.836108,1.251887,25.0117,0.20880,74.7577,0.28710,0.28710
Q000029,56,28.0,exposure,1.008626,0.808810,1.262186,25.0117,0.20880,74.7577,0.28710,0.28710
Q000029,57,28.5,exposure,0.974526,0.800361,1.272505,25.0117,0.20880,74.7577,0.28710,0.28710
Q000029,58,29.0,exposure,0.944864,0.777330,1.281668,25.0117,0.20880,74.7577,0.28710,0.28710
Q000029,59,29.5,exposure,0.915095,0.745389,1.283534,25.0117,0.20880,74.7577,0.28710,0.28710
Q000029,60,30.0,exposure,0.876582,0.719820,1.301663,25.0117,0.20880,74.7577,0.28710,0.28710
Q000029,61,30.5,exposure,0.837942,0.707436,1.312862,25.0117,0.20880,74.7577,0.28710,0.28710
Q000029,62,31.0,exposure,0.809810,0.690635,1.324193,25.0117,0.20880,74.7577,0.28710,0.28710
Q000029,63,31.5,exposure,0.771537,0.670039,1.340405,25.0117,0.20880,74.7577,0.28710,0.28710
Q000029,64,32.0,steady,0.763368,0.661684,1.358486,25.0117,0.20880,74.7577,0.18000,0.18000
Q000029,65,32.5,steady,0.765856,0.641262,1.364010,25.0117,0.20880,74.7577,0.18000,0.18000
Q000029,66,33.0,steady,0.755898,0.634343,1.378755,25.0117,0.20880,74.7577,0.18000,0.18000
Q000029,67,33.5,steady,0.754537,0.619280,1.391946,25.0117,0.20880,74.7577,0.18000,0.18000
Q000029,68,34.0,steady,0.747943,0.614282,1.392602,25.0117,0.20880,74.7577,0.20000,0.20000
Q000029,69,34.5,steady,0.738624,0.601470,1.398191,25.0117,0.20880,74.7577,0.20000,0.20000
Q000029,70,35.0,steady,0.723496,0.595278,1.407765,25.0117,0.20880,74.7577,0.20000,0.20000
Q000029,71,35.5,steady,0.720458,0.586581,1.420533,25.0117,0.20880,74.7577,0.20000,0.20000
Q000029,72,36.0,steady,0.714566,0.575114,1.426316,25.0117,0.20880,74.7577,0.20000,0.20000
Q000029,73,36.5,steady,0.702206,0.564007,1.432883,25.0117,0.20880,74.7577,0.20000,0.20000
Q000029,74,37.0,steady,0.693413,0.562554,1.435859,25.0117,0.20880,74.7577,0.20000,0.20000
Q000029,75,37.5,steady,0.703908,0.552745,1.448570,25.0117,0.20880,74.7577,0.20000,0.20000
Q000029,76,38.0,steady,0.693449,0.543573,1.451429,25.0117,0.20880,74.7577,0.22000,0.22000
Q000029,77,38.5,steady,0.681960,0.532471,1.455451,25.0117,0.20880,74.7577,0.22000,0.22000
Q000029,78,39.0,steady,0.677071,0.524139,1.471019,25.0117,0.20880,74.7577,0.22000,0.22000
Q000029,79,39.5,steady,0.667634,0.514981,1.465959,25.0117,0.20880,74.7577,0.22000,0.22000
Q000029,80,40.0,steady,0.651956,0.511647,1.477594,25.0117,0.20880,74.7577,0.22000,0.22000
Q000029,81,40.5,steady,0.633100,0.508999,1.482193,25.0117,0.20880,74.7577,0.22000,0.22000
Q000029,82,41.0,steady,0.629204,0.515501,1.484883,25.0117,0.20880,74.7577,0.22000,0.22000
Q000029,83,41.5,steady,0.619123,0.515934,1.485751,25.0117,0.20880,74.7577,0.22000,0.22000
Q000029,84,42.0,steady,0.599342,0.514526,1.482271,25.0117,0.20880,74.7577,0.25000,0.25000
Q000029,85,42.5,steady,0.580176,0.501725,1.490771,25.0117,0.20880,74.7577,0.25000,0.25000
Q000029,86,43.0,steady,0.572366,0.488857,1.498970,25.0117,0.20880,74.7577,0.25000,0.25000
Q000029,87,43.5,steady,0.566588,0.493118,1.493342,25.0117,0.20880,74.7577,0.25000,0.25000
Q000029,88,44.0,steady,0.546187,0.498315,1.497967,25.0117,0.20880,74.7577,0.25000,0.25000
Q000029,89,44.5,steady,0.539444,0.506455,1.501427,25.0117,0.20880,74.7577,0.25000,0.25000
Q000029,90,45.0,steady,0.529615,0.495738,1.509921,25.0117,0.20880,74.7577,0.25000,0.25000
Q000029,91,45.5,steady,0.527903,0.493044,1.513524,25.0117,0.20880,74.7577,0.25000,0.25000
Q000029,92,46.0,steady,0.511646,0.492752,1.515964,25.0117,0.20880,74.7577,0.28000,0.28000
Q000029,93,46.5,steady,0.500376,0.487440,1.517050,25.0117,0.20880,74.7577,0.28000,0.28000
Q000029,94,47.0,steady,0.496873,0.495009,1.515478,25.0117,0.20880,74.7577,0.28000,0.28000
Q000029,95,47.5,steady,0.482908,0.504512,1.522088,25.0117,0.20880,74.7577,0.28000,0.28000
Q000029,96,48.0,recovery,0.491225,0.502589,1.526300,25.0117,0.20880,74.7577,0.28710,0.28710
Q000029,97,48.5,recovery,0.486320,0.504863,1.532021,25.0117,0.20880,74.7577,0.28710,0.28710
Q000029,98,49.0,recovery,0.485015,0.497535,1.529199,25.0117,0.20880,74.7577,0.28710,0.28710
Q000029,99,49.5,recovery,0.487817,0.502692,1.524072,25.0117,0.20880,74.7577,0.28710,0.28710
Q000029,100,50.0,recovery,0.493104,0.511883,1.522303,25.0117,0.20880,74.7577,0.28710,0.28710
Q000029,101,50.5,recovery,0.492693,0.520007,1.521895,25.0117,0.20880,74.7577,0.28710,0.28710
Q000029,102,51.0,recovery,0.496020,0.523035,1.519993,25.0117,0.20880,74.7577,0.28710,0.28710
Q000029,103,51.5,recovery,0.494210,0.518260,1.522920,25.0117,0.20880,74.7577,0.28710,0.28710
Q000029,104,52.0,recovery,0.505019,0.514605,1.516012,25.0117,0.20880,74.7577,0.28710,0.28710
Q000029,105,52.5,recovery,0.514992,0.511577,1.504611,25.0117,0.20880,74.7577,0.28710,0.28710
Q000029,106,53.0,recovery,0.538596,0.499207,1.508527,25.0117,0.20880,74.7577,0.28710,0.28710
Q000029,107,53.5,recovery,0.549773,0.492886,1.503496,25.0117,0.20880,74.7577,0.28710,0.28710
Q000029,108,54.0,recovery,0.574405,0.488854,1.502035,25.0117,0.20880,74.7577,0.28710,0.28710
Q000029,109,54.5,recovery,0.582478,0.501413,1.504661,25.0117,0.20880,74.7577,0.28710,0.28710
Q000029,110,55.0,recovery,0.603694,0.513054,1.501439,25.0117,0.20880,74.7577,0.28710,0.28710
Q000029,111,55.5,recovery,0.629475,0.516026,1.487754,25.0117,0.20880,74.7577,0.28710,0.28710
Q000029,112,56.0,recovery,0.657335,0.521789,1.483941,25.0117,0.20880,74.7577,0.28710,0.28710
Q000029,113,56.5,recovery,0.679684,0.526471,1.464653,25.0117,0.20880,74.7577,0.28710,0.28710
Q000029,114,57.0,recovery,0.704488,0.532454,1.457213,25.0117,0.20880,74.7577,0.28710,0.28710
Q000029,115,57.5,recovery,0.740653,0.560140,1.447472,25.0117,0.20880,74.7577,0.28710,0.28710
Q000029,116,58.0,recovery,0.763658,0.576143,1.442173,25.0117,0.20880,74.7577,0.28710,0.28710
Q000029,117,58.5,recovery,0.793307,0.568475,1.429405,25.0117,0.20880,74.7577,0.28710,0.28710
Q000029,118,59.0,recovery,0.815217,0.583311,1.420983,25.0117,0.20880,74.7577,0.28710,0.28710
Q000029,119,59.5,recovery,0.840943,0.593356,1.409570,25.0117,0.20880,74.7577,0.28710,0.28710
Q000029,120,60.0,recovery,0.880017,0.617141,1.400165,25.0117,0.20880,74.7577,0.28710,0.28710
Q000029,121,60.5,recovery,0.927319,0.629740,1.391778,25.0117,0.20880,74.7577,0.28710,0.28710
Q000029,122,61.0,recovery,0.983742,0.650576,1.385202,25.0117,0.20880,74.7577,0.28710,0.28710
Q000029,123,61.5,recovery,1.033776,0.662440,1.374945,25.0117,0.20880,74.7577,0.28710,0.28710
Q000029,124,62.0,recovery,1.090735,0.683676,1.357647,25.0117,0.20880,74.7577,0.28710,0.28710
Q000029,125,62.5,recovery,1.157113,0.708326,1.348081,25.0117,0.20880,74.7577,0.28710,0.28710
Q000029,126,63.0,recovery,1.244755,0.784463,1.336683,25.0117,0.20880,74.7577,0.28710,0.28710
Q000029,127,63.5,recovery,1.368363,1.113129,1.315905,25.0117,0.20880,74.7577,0.28710,0.28710
Q000030,0,0.0,baseline,2.500847,2.502868,1.084185,20.9689,0.48910,56.5382,0.21530,0.21530
Q000030,1,0.5,baseline,2.494335,2.501238,1.083797,20.9689,0.48910,56.5382,0.21530,0.21530
Q000030,2,1.0,baseline,2.489650,2.494535,1.080063,20.9689,0.48910,56.5382,0.21530,0.21530
Q000030,3,1.5,baseline,2.491857,2.497296,1.090084,20.9689,0.48910,56.5382,0.21530,0.21530
Q000030,4,2.0,baseline,2.480736,2.486842,1.094944,20.9689,0.48910,56.5382,0.21530,0.21530
Q000030,5,2.5,baseline,2.468387,2.484997,1.088049,20.9689,0.48910,56.5382,0.21530,0.21530
Q000030,6,3.0,baseline,2.468093,2.487113,1.098170,20.9689,0.48910,56.5382,0.21530,0.21530
Q000030,7,3.5,baseline,2.466159,2.488921,1.098530,20.9689,0.48910,56.5382,0.21530,0.21530
Q000030,8,4.0,baseline,2.463810,2.500578,1.101312,20.9689,0.48910,56.5382,0.21530,0.21530
Q000030,9,4.5,baseline,2.475908,2.494536,1.104972,20.9689,0.48910,56.5382,0.21530,0.21530
Q000030,10,5.0,baseline,2.479877,2.503029,1.101738,20.9689,0.48910,56.5382,0.21530,0.21530
Q000030,11,5.5,baseline,2.470016,2.507163,1.102206,20.9689,0.48910,56.5382,0.21530,0.21530
Q000030,12,6.0,baseline,2.474848,2.503932,1.100465,20.9689,0.48910,56.5382,0.21530,0.21530
Q000030,13,6.5,baseline,2.483318,2.500404,1.097874,20.9689,0.48910,56.5382,0.21530,0.21530
Q000030,14,7.0,baseline,2.485344,2.505134,1.094206,20.9689,0.48910,56.5382,0.21530,0.21530
Q000030,15,7.5,baseline,2.486744,2.507317,1.089057,20.9689,0.48910,56.5382,0.21530,0.21530
Q000030,16,8.0,baseline,2.478854,2.500532,1.090301,20.9689,0.48910,56.5382,0.21530,0.21530
Q000030,17,8.5,baseline,2.479937,2.497968,1.086075,20.9689,0.48910,56.5382,0.21530,0.21530
Q000030,18,9.0,baseline,2.473692,2.494517,1.088409,20.9689,0.48910,56.5382,0.21530,0.21530
Q000030,19,9.5,baseline,2.475216,2.491416,1.090847,20.9689,0.48910,56.5382,0.21530,0.21530
Q000030,20,10.0,baseline,2.473971,2.502398,1.096528,20.9689,0.48910,56.5382,0.21530,0.21530
Q000030,21,10.5,baseline,2.470771,2.504123,1.091899,20.9689,0.48910,56.5382,0.21530,0.21530
Q000030,22,11.0,baseline,2.471076,2.521487,1.091792,20.9689,0.48910,56.5382,0.21530,0.21530
Q000030,23,11.5,baseline,2.480324,2.536206,1.090054,20.9689,0.48910,56.5382,0.21530,0.21530
Q000030,24,12.0,baseline,2.488959,2.545077,1.093107,20.9689,0.48910,56.5382,0.21530,0.21530
Q000030,25,12.5,baseline,2.494881,2.546081,1.086208,20.9689,0.48910,56.5382,0.21530,0.21530
Q000030,26,13.0,baseline,2.480504,2.543074,1.086869,20.9689,0.48910,56.5382,0.21530,0.21530
Q000030,27,13.5,baseline,2.474687,2.549799,1.086493,20.9689,0.48910,56.5382,0.21530,0.21530
Q000030,28,14.0,baseline,2.489000,2.559089,1.080849,20.9689,0.48910,56.5382,0.21530,0.21530
Q000030,29,14.5,baseline,2.493745,2.558817,1.076115,20.9689,0.48910,56.5382,0.21530,0.21530
Q000030,30,15.0,baseline,2.503736,2.560154,1.079652,20.9689,0.48910,56.5382,0.21530,0.21530
Q000030,31,15.5,baseline,2.509955,2.556522,1.079134,20.9689,0.48910,56.5382,0.21530,0.21530
Q000030,32,16.0,exposure,2.440852,2.375121,1.082242,20.9689,0.48910,56.5382,0.21530,0.21530
Q000030,33,16.5,exposure,2.367160,2.198216,1.086687,20.9689,0.48910,56.5382,0.21530,0.21530
Q000030,34,17.0,exposure,2.288638,2.041120,1.094158,20.9689,0.48910,56.5382,0.21530,0.21530
Q000030,35,17.5,exposure,2.199364,1.901150,1.095928,20.9689,0.48910,56.5382,0.21530,0.21530
Q000030,36,18.0,exposure,2.110421,1.774771,1.102839,20.9689,0.48910,56.5382,0.21530,0.21530
Q000030,37,18.5,exposure,2.030591,1.656342,1.107068,20.9689,0.48910,56.5382,0.21530,0.21530
Q000030,38,19.0,exposure,1.946174,1.538273,1.115822,20.9689,0.48910,56.5382,0.21530,0.21530
Q000030,39,19.5,exposure,1.864124,1.434018,1.118947,20.9689,0.48910,56.5382,0.21530,0.21530
Q000030,40,20.0,exposure,1.774315,1.335294,1.121924,20.9689,0.48910,56.5382,0.21530,0.21530
Q000030,41,20.5,exposure,1.698830,1.251365,1.122987,20.9689,0.48910,56.5382,0.21530,0.21530
Q000030,42,21.0,exposure,1.621185,1.173895,1.126972,20.9689,0.48910,56.5382,0.21530,0.21530
Q000030,43,21.5,exposure,1.535383,1.111861,1.132880,20.9689,0.48910,56.5382,0.21530,0.21530
Q000030,44,22.0,exposure,1.461450,1.044787,1.137432,20.9689,0.48910,56.5382,0.21530,0.21530
Q000030,45,22.5,exposure,1.393472,0.983114,1.147787,20.9689,0.48910,56.5382,0.21530,0.21530
Q000030,46,23.0,exposure,1.319963,0.938028,1.147380,20.9689,0.48910,56.5382,0.21530,0.21530
Q000030,47,23.5,exposure,1.257365,0.885996,1.164208,20.9689,0.48910,56.5382,0.21530,0.21530
Q000030,48,24.0,exposure,1.199687,0.847792,1.171898,20.9689,0.48910,56.5382,0.21530,0.21530
Q000030,49,24.5,exposure,1.137111,0.814335,1.164174,20.9689,0.48910,56.5382,0.21530,0.21530
Q000030,50,25.0,exposure,1.081624,0.771385,1.171384,20.9689,0.48910,56.5382,0.21530,0.21530
Q000030,51,25.5,exposure,1.035261,0.736248,1.178697,20.9689,0.48910,56.5382,0.21530,0.21530
Q000030,52,26.0,exposure,0.994095,0.708650,1.187442,20.9689,0.48910,56.5382,0.21530,0.21530
Q000030,53,26.5,exposure,0.948544,0.694759,1.194674,20.9689,0.48910,56.5382,0.21530,0.21530
Q000030,54,27.0,exposure,0.904498,0.674353,1.204849,20.9689,0.48910,56.5382,0.21530,0.21530
Q000030,55,27.5,exposure,0.869980,0.655228,1.220976,20.9689,0.48910,56.5382,0.21530,0.21530
Q000030,56,28.0,exposure,0.834135,0.646444,1.233143,20.9689,0.48910,56.5382,0.21530,0.21530
Q000030,57,28.5,exposure,0.795135,0.633823,1.234822,20.9689,0.48910,56.5382,0.21530,0.21530
Q000030,58,29.0,exposure,0.758271,0.627887,1.246468,20.9689,0.48910,56.5382,0.21530,0.21530
Q000030,59,29.5,exposure,0.718332,0.623838,1.254602,20.9689,0.48910,56.5382,0.21530,0.21530
Q000030,60,30.0,exposure,0.684440,0.613018,1.251595,20.9689,0.48910,56.5382,0.21530,0.21530
Q000030,61,30.5,exposure,0.653933,0.602634,1.257120,20.9689,0.48910,56.5382,0.21530,0.21530
Q000030,62,31.0,exposure,0.627320,0.591269,1.264155,20.9689,0.48910,56.5382,0.21530,0.21530
Q000030,63,31.5,exposure,0.610856,0.581455,1.270620,20.9689,0.48910,56.5382,0.21530,0.21530
Q000030,64,32.0,steady,0.587949,0.581152,1.274762,20.9689,0.48910,56.5382,0.18000,0.18000
Q000030,65,32.5,steady,0.576454,0.571024,1.281229,20.9689,0.48910,56.5382,0.18000,0.18000
Q000030,66,33.0,steady,0.552611,0.564090,1.288770,20.9689,0.48910,56.5382,0.18000,0.18000
Q000030,67,33.5,steady,0.525772,0.549978,1.291342,20.9689,0.48910,56.5382,0.18000,0.18000
Q000030,68,34.0,steady,0.499973,0.538954,1.293953,20.9689,0.48910,56.5382,0.20000,0.20000
Q000030,69,34.5,steady,0.473511,0.523908,1.298697,20.9689,0.48910,56.5382,0.20000,0.20000
Q000030,70,35.0,steady,0.457712,0.508224,1.298415,20.9689,0.48910,56.5382,0.20000,0.20000
Q000030,71,35.5,steady,0.455074,0.518800,1.303543,20.9689,0.48910,56.5382,0.20000,0.20000
Q000030,72,36.0,steady,0.436260,0.528057,1.303051,20.9689,0.48910,56.5382,0.20000,0.20000
Q000030,73,36.5,steady,0.422059,0.526611,1.307226,20.9689,0.48910,56.5382,0.20000,0.20000
Q000030,74,37.0,steady,0.404711,0.528736,1.302906,20.9689,0.48910,56.5382,0.20000,0.20000
Q000030,75,37.5,steady,0.393861,0.529901,1.316788,20.9689,0.48910,56.5382,0.20000,0.20000
Q000030,76,38.0,steady,0.383259,0.528650,1.321524,20.9689,0.48910,56.5382,0.22000,0.22000
Q000030,77,38.5,steady,0.382837,0.522064,1.321455,20.9689,0.48910,56.5382,0.22000,0.22000
Q000030,78,39.0,steady,0.360254,0.525428,1.320115,20.9689,0.48910,56.5382,0.22000,0.22000
Q000030,79,39.5,steady,0.346300,0.524642,1.327124,20.9689,0.48910,56.5382,0.22000,0.22000
Q000030,80,40.0,steady,0.333018,0.517481,1.327317,20.9689,0.48910,56.5382,0.22000,0.22000
Q000030,81,40.5,steady,0.316754,0.527080,1.319244,20.9689,0.48910,56.5382,0.22000,0.22000
Q000030,82,41.0,steady,0.298548,0.535774,1.312703,20.9689,0.48910,56.5382,0.22000,0.22000
Q000030,83,41.5,steady,0.293280,0.525979,1.315465,20.9689,0.48910,56.5382,0.22000,0.22000
Q000030,84,42.0,steady,0.272866,0.528659,1.315749,20.9689,0.48910,56.5382,0.25000,0.25000
Q000030,85,42.5,steady,0.271217,0.528946,1.318617,20.9689,0.48910,56.5382,0.25000,0.25000
Q000030,86,43.0,steady,0.261989,0.516424,1.327230,20.9689,0.48910,56.5382,0.25000,0.25000
Q000030,87,43.5,steady,0.262640,0.517949,1.330875,20.9689,0.48910,56.5382,0.25000,0.25000
Q000030,88,44.0,steady,0.244851,0.514082,1.330152,20.9689,0.48910,56.5382,0.25000,0.25000
Q000030,89,44.5,steady,0.237093,0.522125,1.337427,20.9689,0.48910,56.5382,0.25000,0.25000
Q000030,90,45.0,steady,0.231585,0.519912,1.336334,20.9689,0.48910,56.5382,0.25000,0.25000
Q000030,91,45.5,steady,0.223448,0.522524,1.336618,20.9689,0.48910,56.5382,0.25000,0.25000
Q000030,92,46.0,steady,0.234384,0.527337,1.347796,20.9689,0.48910,56.5382,0.28000,0.28000
Q000030,93,46.5,steady,0.228325,0.536508,1.354846,20.9689,0.48910,56.5382,0.28000,0.28000
Q000030,94,47.0,steady,0.227311,0.536367,1.356590,20.9689,0.48910,56.5382,0.28000,0.28000
Q000030,95,47.5,steady,0.228577,0.534301,1.358483,20.9689,0.48910,56.5382,0.28000,0.28000
Q000030,96,48.0,recovery,0.215406,0.535772,1.349964,20.9689,0.48910,56.5382,0.21530,0.21530
Q000030,97,48.5,recovery,0.206597,0.538484,1.352588,20.9689,0.48910,56.5382,0.21530,0.21530
Q000030,98,49.0,recovery,0.209070,0.542557,1.350045,20.9689,0.48910,56.5382,0.21530,0.21530
Q000030,99,49.5,recovery,0.194784,0.542935,1.351995,20.9689,0.48910,56.5382,0.21530,0.21530
Q000030,100,50.0,recovery,0.189526,0.537108,1.349611,20.9689,0.48910,56.5382,0.21530,0.21530
Q000030,101,50.5,recovery,0.180646,0.542983,1.350338,20.9689,0.48910,56.5382,0.21530,0.21530
Q000030,102,51.0,recovery,0.168018,0.545590,1.350578,20.9689,0.48910,56.5382,0.21530,0.21530
Q000030,103,51.5,recovery,0.175755,0.538838,1.345462,20.9689,0.48910,56.5382,0.21530,0.21530
Q000030,104,52.0,recovery,0.170738,0.530598,1.346058,20.9689,0.48910,56.5382,0.21530,0.21530
Q000030,105,52.5,recovery,0.168210,0.541174,1.340492,20.9689,0.48910,56.5382,0.21530,0.21530
Q000030,106,53.0,recovery,0.166817,0.541846,1.334283,20.9689,0.48910,56.5382,0.21530,0.21530
Q000030,107,53.5,recovery,0.161156,0.541225,1.324877,20.9689,0.48910,56.5382,0.21530,0.21530
Q000030,108,54.0,recovery,0.159819,0.545365,1.324415,20.9689,0.48910,56.5382,0.21530,0.21530
Q000030,109,54.5,recovery,0.159812,0.535097,1.322372,20.9689,0.48910,56.5382,0.21530,0.21530
Q000030,110,55.0,recovery,0.158962,0.543466,1.314854,20.9689,0.48910,56.5382,0.21530,0.21530
Q000030,111,55.5,recovery,0.169763,0.561841,1.308347,20.9689,0.48910,56.5382,0.21530,0.21530
Q000030,112,56.0,recovery,0.157731,0.552304,1.301642,20.9689,0.48910,56.5382,0.21530,0.21530
Q000030,113,56.5,recovery,0.167447,0.545953,1.302036,20.9689,0.48910,56.5382,0.21530,0.21530
Q000030,114,57.0,recovery,0.156307,0.557373,1.298049,20.9689,0.48910,56.5382,0.21530,0.21530
Q000030,115,57.5,recovery,0.164388,0.574656,1.293394,20.9689,0.48910,56.5382,0.21530,0.21530
Q000030,116,58.0,recovery,0.168630,0.572374,1.286684,20.9689,0.48910,56.5382,0.21530,0.21530
Q000030,117,58.5,recovery,0.184948,0.553447,1.283513,20.9689,0.48910,56.5382,0.21530,0.21530
Q000030,118,59.0,recovery,0.200404,0.569157,1.283939,20.9689,0.48910,56.5382,0.21530,0.21530
Q000030,119,59.5,recovery,0.209165,0.574715,1.286586,20.9689,0.48910,56.5382,0.21530,0.21530
Q000030,120,60.0,recovery,0.220878,0.590513,1.280238,20.9689,0.48910,56.5382,0.21530,0.21530
Q000030,121,60.5,recovery,0.238530,0.596012,1.276456,20.9689,0.48910,56.5382,0.21530,0.21530
Q000030,122,61.0,recovery,0.270040,0.614008,1.271997,20.9689,0.48910,56.5382,0.21530,0.21530
Q000030,123,61.5,recovery,0.313923,0.608608,1.260943,20.9689,0.48910,56.5382,0.21530,0.21530
Q000030,124,62.0,recovery,0.360369,0.617942,1.247884,20.9689,0.48910,56.5382,0.21530,0.21530
Q000030,125,62.5,recovery,0.434476,0.624332,1.235729,20.9689,0.48910,56.5382,0.21530,0.21530
Q000030,126,63.0,recovery,0.530366,0.661385,1.224681,20.9689,0.48910,56.5382,0.21530,0.21530
Q000030,127,63.5,recovery,0.732927,1.185141,1.215411,20.9689,0.48910,56.5382,0.21530,0.21530
Q000031,0,0.0,baseline,2.506368,2.508567,1.143423,30.2502,0.42850,66.7176,0.25300,0.25300
Q000031,1,0.5,baseline,2.498680,2.513879,1.145917,30.2502,0.42850,66.7176,0.25300,0.25300
Q000031,2,1.0,baseline,2.503406,2.522971,1.155380,30.2502,0.42850,66.7176,0.25300,0.25300
Q000031,3,1.5,baseline,2.506824,2.515815,1.145983,30.2502,0.42850,66.7176,0.25300,0.25300
Q000031,4,2.0,baseline,2.509026,2.504202,1.148914,30.2502,0.42850,66.7176,0.25300,0.25300
Q000031,5,2.5,baseline,2.514817,2.505150,1.152919,30.2502,0.42850,66.7176,0.25300,0.25300
Q000031,6,3.0,baseline,2.514660,2.508628,1.153841,30.2502,0.42850,66.7176,0.25300,0.25300
Q000031,7,3.5,baseline,2.518456,2.511535,1.161514,30.2502,0.42850,66.7176,0.25300,0.25300
Q000031,8,4.0,baseline,2.522026,2.511236,1.155630,30.2502,0.42850,66.7176,0.25300,0.25300
Q000031,9,4.5,baseline,2.519924,2.506738,1.151661,30.2502,0.42850,66.7176,0.25300,0.25300
Q000031,10,5.0,baseline,2.516330,2.482526,1.146414,30.2502,0.42850,66.7176,0.25300,0.25300
Q000031,11,5.5,baseline,2.516842,2.475427,1.142564,30.2502,0.42850,66.7176,0.25300,0.25300
Q000031,12,6.0,baseline,2.508481,2.460162,1.141667,30.2502,0.42850,66.7176,0.25300,0.25300
Q000031,13,6.5,baseline,2.508359,2.458138,1.142821,30.2502,0.42850,66.7176,0.25300,0.25300
Q000031,14,7.0,baseline,2.508205,2.454015,1.148070,30.2502,0.42850,66.7176,0.25300,0.25300
Q000031,15,7.5,baseline,2.496853,2.460274,1.157424,30.2502,0.42850,66.7176,0.25300,0.25300
Q000031,16,8.0,baseline,2.490185,2.469929,1.159317,30.2502,0.42850,66.7176,0.25300,0.25300
Q000031,17,8.5,baseline,2.485815,2.470204,1.165975,30.2502,0.42850,66.7176,0.25300,0.25300
Q000031,18,9.0,baseline,2.483401,2.471773,1.165279,30.2502,0.42850,66.7176,0.25300,0.25300
Q000031,19,9.5,baseline,2.483901,2.470329,1.163880,30.2502,0.42850,66.7176,0.25300,0.25300
Q000031,20,10.0,baseline,2.481185,2.464655,1.165994,30.2502,0.42850,66.7176,0.25300,0.25300
Q000031,21,10.5,baseline,2.481704,2.470456,1.153096,30.2502,0.42850,66.7176,0.25300,0.25300
Q000031,22,11.0,baseline,2.473930,2.469179,1.153322,30.2502,0.42850,66.7176,0.25300,0.25300
Q000031,23,11.5,baseline,2.478188,2.484622,1.150060,30.2502,0.42850,66.7176,0.25300,0.25300
Q000031,24,12.0,baseline,2.472771,2.488103,1.156435,30.2502,0.42850,66.7176,0.25300,0.25300
Q000031,25,12.5,baseline,2.477502,2.479226,1.162418,30.2502,0.42850,66.7176,0.25300,0.25300
Q000031,26,13.0,baseline,2.488079,2.476091,1.164848,30.2502,0.42850,66.7176,0.25300,0.25300
Q000031,27,13.5,baseline,2.489299,2.470257,1.162489,30.2502,0.42850,66.7176,0.25300,0.25300
Q000031,28,14.0,baseline,2.488453,2.474631,1.159110,30.2502,0.42850,66.7176,0.25300,0.25300
Q000031,29,14.5,baseline,2.484182,2.482040,1.162339,30.2502,0.42850,66.7176,0.25300,0.25300
Q000031,30,15.0,baseline,2.478079,2.482019,1.162822,30.2502,0.42850,66.7176,0.25300,0.25300
Q000031,31,15.5,baseline,2.482941,2.478347,1.151426,30.2502,0.42850,66.7176,0.25300,0.25300
Q000031,32,16.0,exposure,2.393818,2.129051,1.152703,30.2502,0.42850,66.7176,0.25300,0.25300
Q000031,33,16.5,exposure,2.295792,1.818494,1.150432,30.2502,0.42850,66.7176,0.25300,0.25300
Q000031,34,17.0,exposure,2.179636,1.581031,1.140205,30.2502,0.42850,66.7176,0.25300,0.25300
Q000031,35,17.5,exposure,2.075518,1.372386,1.133268,30.2502,0.42850,66.7176,0.25300,0.25300
Q000031,36,18.0,exposure,1.976829,1.201295,1.124674,30.2502,0.42850,66.7176,0.25300,0.25300
Q000031,37,18.5,exposure,1.859361,1.063059,1.123270,30.2502,0.42850,66.7176,0.25300,0.25300
Q000031,38,19.0,exposure,1.759534,0.953656,1.118241,30.2502,0.42850,66.7176,0.25300,0.25300
Q000031,39,19.5,exposure,1.658263,0.852828,1.119986,30.2502,0.42850,66.7176,0.25300,0.25300
Q000031,40,20.0,exposure,1.562386,0.773926,1.124501,30.2502,0.42850,66.7176,0.25300,0.25300
Q000031,41,20.5,exposure,1.460898,0.715091,1.125077,30.2502,0.42850,66.7176,0.25300,0.25300
Q000031,42,21.0,exposure,1.368751,0.663490,1.123606,30.2502,0.42850,66.7176,0.25300,0.25300
Q000031,43,21.5,exposure,1.278232,0.637948,1.129779,30.2502,0.42850,66.7176,0.25300,0.25300
Q000031,44,22.0,exposure,1.207563,0.601836,1.128554,30.2502,0.42850,66.7176,0.25300,0.25300
Q000031,45,22.5,exposure,1.129294,0.564551,1.123576,30.2502,0.42850,66.7176,0.25300,0.25300
Q000031,46,23.0,exposure,1.060020,0.549753,1.132593,30.2502,0.42850,66.7176,0.25300,0.25300
Q000031,47,23.5,exposure,1.005291,0.524303,1.127670,30.2502,0.42850,66.7176,0.25300,0.25300
Q000031,48,24.0,exposure,0.947299,0.507425,1.130426,30.2502,0.42850,66.7176,0.25300,0.25300
Q000031,49,24.5,exposure,0.890565,0.495253,1.135326,30.2502,0.42850,66.7176,0.25300,0.25300
Q000031,50,25.0,exposure,0.829636,0.477079,1.133624,30.2502,0.42850,66.7176,0.25300,0.25300
Q000031,51,25.5,exposure,0.780104,0.460192,1.134528,30.2502,0.42850,66.7176,0.25300,0.25300
Q000031,52,26.0,exposure,0.716671,0.455698,1.135667,30.2502,0.42850,66.7176,0.25300,0.25300
Q000031,53,26.5,exposure,0.671202,0.439656,1.138987,30.2502,0.42850,66.7176,0.25300,0.25300
Q000031,54,27.0,exposure,0.629541,0.421787,1.144384,30.2502,0.42850,66.7176,0.25300,0.25300
Q000031,55,27.5,exposure,0.587000,0.423601,1.154220,30.2502,0.42850,66.7176,0.25300,0.25300
Q000031,56,28.0,exposure,0.560465,0.418639,1.154697,30.2502,0.42850,66.7176,0.25300,0.25300
Q000031,57,28.5,exposure,0.539258,0.406083,1.164672,30.2502,0.42850,66.7176,0.25300,0.25300
Q000031,58,29.0,exposure,0.508121,0.397397,1.173884,30.2502,0.42850,66.7176,0.25300,0.25300
Q000031,59,29.5,exposure,0.491185,0.398516,1.173217,30.2502,0.42850,66.7176,0.25300,0.25300
Q000031,60,30.0,exposure,0.476178,0.398423,1.182889,30.2502,0.42850,66.7176,0.25300,0.25300
Q000031,61,30.5,exposure,0.453855,0.396704,1.186127,30.2502,0.42850,66.7176,0.25300,0.25300
Q000031,62,31.0,exposure,0.419812,0.395758,1.189224,30.2502,0.42850,66.7176,0.25300,0.25300
Q000031,63,31.5,exposure,0.397122,0.389543,1.186363,30.2502,0.42850,66.7176,0.25300,0.25300
Q000031,64,32.0,steady,0.376811,0.390729,1.186362,30.2502,0.42850,66.7176,0.18000,0.18000
Q000031,65,32.5,steady,0.355787,0.397559,1.187261,30.2502,0.42850,66.7176,0.18000,0.18000
Q000031,66,33.0,steady,0.332469,0.390570,1.182547,30.2502,0.42850,66.7176,0.18000,0.18000
Q000031,67,33.5,steady,0.325707,0.391712,1.180206,30.2502,0.42850,66.7176,0.18000,0.18000
Q000031,68,34.0,steady,0.323439,0.395382,1.179518,30.2502,0.42850,66.7176,0.20000,0.20000
Q000031,69,34.5,steady,0.305341,0.395025,1.185497,30.2502,0.42850,66.7176,0.20000,0.20000
Q000031,70,35.0,steady,0.300977,0.388887,1.182592,30.2502,0.42850,66.7176,0.20000,0.20000
Q000031,71,35.5,steady,0.302926,0.392744,1.185584,30.2502,0.42850,66.7176,0.20000,0.20000
Q000031,72,36.0,steady,0.309645,0.391467,1.188181,30.2502,0.42850,66.7176,0.20000,0.20000
Q000031,73,36.5,steady,0.293253,0.389350,1.191733,30.2502,0.42850,66.7176,0.20000,0.20000
Q000031,74,37.0,steady,0.291768,0.395359,1.189557,30.2502,0.42850,66.7176,0.20000,0.20000
Q000031,75,37.5,steady,0.296992,0.394763,1.194478,30.2502,0.42850,66.7176,0.20000,0.20000
Q000031,76,38.0,steady,0.299391,0.393657,1.189010,30.2502,0.42850,66.7176,0.22000,0.22000
Q000031,77,38.5,steady,0.283576,0.394385,1.192112,30.2502,0.42850,66.7176,0.22000,0.22000
Q000031,78,39.0,steady,0.287440,0.391328,1.196256,30.2502,0.42850,66.7176,0.22000,0.22000
Q000031,79,39.5,steady,0.275808,0.397710,1.194108,30.2502,0.42850,66.7176,0.22000,0.22000
Q000031,80,40.0,steady,0.262323,0.388109,1.203043,30.2502,0.42850,66.7176,0.22000,0.22000
Q000031,81,40.5,steady,0.263172,0.383106,1.202888,30.2502,0.42850,66.7176,0.22000,0.22000
Q000031,82,41.0,steady,0.257194,0.390664,1.207178,30.2502,0.42850,66.7176,0.22000,0.22000
Q000031,83,41.5,steady,0.250341,0.399501,1.209084,30.2502,0.42850,66.7176,0.22000,0.22000
Q000031,84,42.0,steady,0.244880,0.389552,1.204983,30.2502,0.42850,66.7176,0.25000,0.25000
Q000031,85,42.5,steady,0.239354,0.387050,1.202257,30.2502,0.42850,66.7176,0.25000,0.25000
Q000031,86,43.0,steady,0.233249,0.384151,1.207658,30.2502,0.42850,66.7176,0.25000,0.25000
Q000031,87,43.5,steady,0.230312,0.388079,1.220759,30.2502,0.42850,66.7176,0.25000,0.25000
Q000031,88,44.0,steady,0.225972,0.365726,1.219494,30.2502,0.42850,66.7176,0.25000,0.25000
Q000031,89,44.5,steady,0.225698,0.371326,1.226707,30.2502,0.42850,66.7176,0.25000,0.25000
Q000031,90,45.0,steady,0.225883,0.379122,1.228194,30.2502,0.42850,66.7176,0.25000,0.25000
Q000031,91,45.5,steady,0.220739,0.363042,1.225908,30.2502,0.42850,66.7176,0.25000,0.25000
Q000031,92,46.0,steady,0.228310,0.360644,1.233053,30.2502,0.42850,66.7176,0.28000,0.28000
Q000031,93,46.5,steady,0.218593,0.360339,1.225268,30.2502,0.42850,66.7176,0.28000,0.28000
Q000031,94,47.0,steady,0.219484,0.366825,1.228834,30.2502,0.42850,66.7176,0.28000,0.28000
Q000031,95,47.5,steady,0.206529,0.368325,1.234416,30.2502,0.42850,66.7176,0.28000,0.28000
Q000031,96,48.0,recovery,0.197768,0.372741,1.238572,30.2502,0.42850,66.7176,0.25300,0.25300
Q000031,97,48.5,recovery,0.204686,0.363088,1.233603,30.2502,0.42850,66.7176,0.25300,0.25300
Q000031,98,49.0,recovery,0.209741,0.356182,1.233517,30.2502,0.42850,66.7176,0.25300,0.25300
Q000031,99,49.5,recovery,0.208642,0.349745,1.233357,30.2502,0.42850,66.7176,0.25300,0.25300
Q000031,100,50.0,recovery,0.216680,0.353011,1.235350,30.2502,0.42850,66.7176,0.25300,0.25300
Q000031,101,50.5,recovery,0.210985,0.362148,1.232779,30.2502,0.42850,66.7176,0.25300,0.25300
Q000031,102,51.0,recovery,0.222191,0.359607,1.239214,30.2502,0.42850,66.7176,0.25300,0.25300
Q000031,103,51.5,recovery,0.225289,0.361244,1.241746,30.2502,0.42850,66.7176,0.25300,0.25300
Q000031,104,52.0,recovery,0.223136,0.364817,1.243350,30.2502,0.42850,66.7176,0.25300,0.25300
Q000031,105,52.5,recovery,0.220394,0.367588,1.244732,30.2502,0.42850,66.7176,0.25300,0.25300
Q000031,106,53.0,recovery,0.202538,0.380185,1.250980,30.2502,0.42850,66.7176,0.25300,0.25300
Q000031,107,53.5,recovery,0.207942,0.381600,1.256728,30.2502,0.42850,66.7176,0.25300,0.25300
Q000031,108,54.0,recovery,0.217555,0.389206,1.256442,30.2502,0.42850,66.7176,0.25300,0.25300
Q000031,109,54.5,recovery,0.211810,0.378935,1.251815,30.2502,0.42850,66.7176,0.25300,0.25300
Q000031,110,55.0,recovery,0.211279,0.383822,1.249245,30.2502,0.42850,66.7176,0.25300,0.25300
Q000031,111,55.5,recovery,0.211978,0.391418,1.248069,30.2502,0.42850,66.7176,0.25300,0.25300
Q000031,112,56.0,recovery,0.218161,0.381269,1.240519,30.2502,0.42850,66.7176,0.25300,0.25300
Q000031,113,56.5,recovery,0.219510,0.390989,1.229346,30.2502,0.42850,66.7176,0.25300,0.25300
Q000031,114,57.0,recovery,0.231904,0.395006,1.227567,30.2502,0.42850,66.7176,0.25300,0.25300
Q000031,115,57.5,recovery,0.242556,0.392700,1.222781,30.2502,0.42850,66.7176,0.25300,0.25300
Q000031,116,58.0,recovery,0.251653,0.408279,1.219637,30.2502,0.42850,66.7176,0.25300,0.25300
Q000031,117,58.5,recovery,0.253473,0.435588,1.214627,30.2502,0.42850,66.7176,0.25300,0.25300
Q000031,118,59.0,recovery,0.268610,0.451648,1.208787,30.2502,0.42850,66.7176,0.25300,0.25300
Q000031,119,59.5,recovery,0.284022,0.459798,1.209382,30.2502,0.42850,66.7176,0.25300,0.25300
Q000031,120,60.0,recovery,0.322252,0.457395,1.199398,30.2502,0.42850,66.7176,0.25300,0.25300
Q000031,121,60.5,recovery,0.350300,0.463731,1.195511,30.2502,0.42850,66.7176,0.25300,0.25300
Q000031,122,61.0,recovery,0.391510,0.462498,1.189269,30.2502,0.42850,66.7176,0.25300,0.25300
Q000031,123,61.5,recovery,0.437600,0.478055,1.192593,30.2502,0.42850,66.7176,0.25300,0.25300
Q000031,124,62.0,recovery,0.495874,0.477476,1.200164,30.2502,0.42850,66.7176,0.25300,0.25300
Q000031,125,62.5,recovery,0.576518,0.500109,1.206008,30.2502,0.42850,66.7176,0.25300,0.25300
Q000031,126,63.0,recovery,0.687737,0.532735,1.205678,30.2502,0.42850,66.7176,0.25300,0.25300
Q000031,127,63.5,recovery,0.930022,0.870682,1.205260,30.2502,0.42850,66.7176,0.25300,0.25300
Q000032,0,0.0,baseline,2.510136,2.508076,1.040443,15.0114,0.29740,21.1686,0.29290,0.29290
Q000032,1,0.5,baseline,2.503465,2.515564,1.044705,15.0114,0.29740,21.1686,0.29290,0.29290
Q000032,2,1.0,baseline,2.499595,2.515100,1.041841,15.0114,0.29740,21.1686,0.29290,0.29290
Q000032,3,1.5,baseline,2.501818,2.506951,1.037483,15.0114,0.29740,21.1686,0.29290,0.29290
Q000032,4,2.0,baseline,2.497379,2.515516,1.039210,15.0114,0.29740,21.1686,0.29290,0.29290
Q000032,5,2.5,baseline,2.499151,2.523592,1.043798,15.0114,0.29740,21.1686,0.29290,0.29290
Q000032,6,3.0,baseline,2.496764,2.519866,1.041055,15.0114,0.29740,21.1686,0.29290,0.29290
Q000032,7,3.5,baseline,2.496466,2.529795,1.037981,15.0114,0.29740,21.1686,0.29290,0.29290
Q000032,8,4.0,baseline,2.496359,2.527788,1.035460,15.0114,0.29740,21.1686,0.29290,0.29290
Q000032,9,4.5,baseline,2.489992,2.516765,1.041484,15.0114,0.29740,21.1686,0.29290,0.29290
Q000032,10,5.0,baseline,2.493192,2.519042,1.041347,15.0114,0.29740,21.1686,0.29290,0.29290
Q000032,11,5.5,baseline,2.500206,2.512046,1.041819,15.0114,0.29740,21.1686,0.29290,0.29290
Q000032,12,6.0,baseline,2.495295,2.516733,1.043130,15.0114,0.29740,21.1686,0.29290,0.29290
Q000032,13,6.5,baseline,2.485336,2.522362,1.035975,15.0114,0.29740,21.1686,0.29290,0.29290
Q000032,14,7.0,baseline,2.494333,2.526456,1.036791,15.0114,0.29740,21.1686,0.29290,0.29290
Q000032,15,7.5,baseline,2.498461,2.533689,1.033855,15.0114,0.29740,21.1686,0.29290,0.29290
Q000032,16,8.0,baseline,2.492878,2.536890,1.033862,15.0114,0.29740,21.1686,0.29290,0.29290
Q000032,17,8.5,baseline,2.499071,2.534193,1.034722,15.0114,0.29740,21.1686,0.29290,0.29290
Q000032,18,9.0,baseline,2.502786,2.531043,1.039620,15.0114,0.29740,21.1686,0.29290,0.29290
Q000032,19,9.5,baseline,2.501629,2.535056,1.038733,15.0114,0.29740,21.1686,0.29290,0.29290
Q000032,20,10.0,baseline,2.502382,2.535940,1.037277,15.0114,0.29740,21.1686,0.29290,0.29290
Q000032,21,10.5,baseline,2.513165,2.540948,1.034637,15.0114,0.29740,21.1686,0.29290,0.29290
Q000032,22,11.0,baseline,2.517035,2.542747,1.030801,15.0114,0.29740,21.1686,0.29290,0.29290
Q000032,23,11.5,baseline,2.515547,2.551787,1.035222,15.0114,0.29740,21.1686,0.29290,0.29290
Q000032,24,12.0,baseline,2.534309,2.560351,1.038153,15.0114,0.29740,21.1686,0.29290,0.29290
Q000032,25,12.5,baseline,2.514106,2.562736,1.036593,15.0114,0.29740,21.1686,0.29290,0.29290
Q000032,26,13.0,baseline,2.518981,2.564473,1.033657,15.0114,0.29740,21.1686,0.29290,0.29290
Q000032,27,13.5,baseline,2.520321,2.564710,1.038230,15.0114,0.29740,21.1686,0.29290,0.29290
Q000032,28,14.0,baseline,2.524854,2.555103,1.038725,15.0114,0.29740,21.1686,0.29290,0.29290
Q000032,29,14.5,baseline,2.518308,2.556515,1.032112,15.0114,0.29740,21.1686,0.29290,0.29290
Q000032,30,15.0,baseline,2.525684,2.553671,1.032343,15.0114,0.29740,21.1686,0.29290,0.29290
Q000032,31,15.5,baseline,2.523987,2.570125,1.027204,15.0114,0.29740,21.1686,0.29290,0.29290
Q000032,32,16.0,exposure,2.412275,2.432016,1.026916,15.0114,0.29740,21.1686,0.29290,0.29290
Q000032,33,16.5,exposure,2.280532,2.296122,1.028307,15.0114,0.29740,21.1686,0.29290,0.29290
Q000032,34,17.0,exposure,2.132370,2.163327,1.019248,15.0114,0.29740,21.1686,0.29290,0.29290
Q000032,35,17.5,exposure,1.996772,2.051016,1.019614,15.0114,0.29740,21.1686,0.29290,0.29290
Q000032,36,18.0,exposure,1.850320,1.937611,1.019888,15.0114,0.29740,21.1686,0.29290,0.29290
Q000032,37,18.5,exposure,1.716817,1.830620,1.020103,15.0114,0.29740,21.1686,0.29290,0.29290
Q000032,38,19.0,exposure,1.576353,1.732643,1.018750,15.0114,0.29740,21.1686,0.29290,0.29290
Q000032,39,19.5,exposure,1.468043,1.633102,1.017111,15.0114,0.29740,21.1686,0.29290,0.29290
Q000032,40,20.0,exposure,1.346241,1.542479,1.016382,15.0114,0.29740,21.1686,0.29290,0.29290
Q000032,41,20.5,exposure,1.249978,1.471037,1.016575,15.0114,0.29740,21.1686,0.29290,0.29290
Q000032,42,21.0,exposure,1.156757,1.410826,1.023400,15.0114,0.29740,21.1686,0.29290,0.29290
Q000032,43,21.5,exposure,1.059681,1.352848,1.031163,15.0114,0.29740,21.1686,0.29290,0.29290
Q000032,44,22.0,exposure,0.969698,1.290389,1.041224,15.0114,0.29740,21.1686,0.29290,0.29290
Q000032,45,22.5,exposure,0.889405,1.233085,1.046236,15.0114,0.29740,21.1686,0.29290,0.29290
Q000032,46,23.0,exposure,0.825422,1.190972,1.055441,15.0114,0.29740,21.1686,0.29290,0.29290
Q000032,47,23.5,exposure,0.762640,1.144548,1.059547,15.0114,0.29740,21.1686,0.29290,0.29290
Q000032,48,24.0,exposure,0.704179,1.097763,1.061928,15.0114,0.29740,21.1686,0.29290,0.29290
Q000032,49,24.5,exposure,0.657252,1.048526,1.053120,15.0114,0.29740,21.1686,0.29290,0.29290
Q000032,50,25.0,exposure,0.603353,0.999807,1.061354,15.0114,0.29740,21.1686,0.29290,0.29290
Q000032,51,25.5,exposure,0.566519,0.967628,1.066812,15.0114,0.29740,21.1686,0.29290,0.29290
Q000032,52,26.0,exposure,0.527141,0.926006,1.066331,15.0114,0.29740,21.1686,0.29290,0.29290
Q000032,53,26.5,exposure,0.495959,0.898428,1.075326,15.0114,0.29740,21.1686,0.29290,0.29290
Q000032,54,27.0,exposure,0.463347,0.874662,1.076429,15.0114,0.29740,21.1686,0.29290,0.29290
Q000032,55,27.5,exposure,0.442830,0.846932,1.088415,15.0114,0.29740,21.1686,0.29290,0.29290
Q000032,56,28.0,exposure,0.415372,0.823815,1.096525,15.0114,0.29740,21.1686,0.29290,0.29290
Q000032,57,28.5,exposure,0.380368,0.803776,1.104792,15.0114,0.29740,21.1686,0.29290,0.29290
Q000032,58,29.0,exposure,0.353146,0.780196,1.112426,15.0114,0.29740,21.1686,0.29290,0.29290
Q000032,59,29.5,exposure,0.329722,0.766649,1.113922,15.0114,0.29740,21.1686,0.29290,0.29290
Q000032,60,30.0,exposure,0.311098,0.746567,1.122595,15.0114,0.29740,21.1686,0.29290,0.29290
Q000032,61,30.5,exposure,0.290695,0.725275,1.129536,15.0114,0.29740,21.1686,0.29290,0.29290
Q000032,62,31.0,exposure,0.263422,0.705128,1.127613,15.0114,0.29740,21.1686,0.29290,0.29290
Q000032,63,31.5,exposure,0.251598,0.692544,1.126215,15.0114,0.29740,21.1686,0.29290,0.29290
Q000032,64,32.0,steady,0.241328,0.679529,1.125260,15.0114,0.29740,21.1686,0.18000,0.18000
Q000032,65,32.5,steady,0.234399,0.668952,1.130525,15.0114,0.29740,21.1686,0.18000,0.18000
Q000032,66,33.0,steady,0.236595,0.653396,1.133284,15.0114,0.29740,21.1686,0.18000,0.18000
Q000032,67,33.5,steady,0.240962,0.653280,1.134883,15.0114,0.29740,21.1686,0.18000,0.18000
Q000032,68,34.0,steady,0.226859,0.640582,1.133526,15.0114,0.29740,21.1686,0.20000,0.20000
Q000032,69,34.5,steady,0.226964,0.637397,1.132140,15.0114,0.29740,21.1686,0.20000,0.20000
Q000032,70,35.0,steady,0.222370,0.626205,1.144014,15.0114,0.29740,21.1686,0.20000,0.20000
Q000032,71,35.5,steady,0.224801,0.627673,1.143507,15.0114,0.29740,21.1686,0.20000,0.20000
Q000032,72,36.0,steady,0.221980,0.624204,1.153084,15.0114,0.29740,21.1686,0.20000,0.20000
Q000032,73,36.5,steady,0.227497,0.627478,1.158663,15.0114,0.29740,21.1686,0.20000,0.20000
Q000032,74,37.0,steady,0.218905,0.614753,1.163381,15.0114,0.29740,21.1686,0.20000,0.20000
Q000032,75,37.5,steady,0.218541,0.615293,1.160598,15.0114,0.29740,21.1686,0.20000,0.20000
Q000032,76,38.0,steady,0.212272,0.607150,1.169390,15.0114,0.29740,21.1686,0.22000,0.22000
Q000032,77,38.5,steady,0.209909,0.612835,1.171378,15.0114,0.29740,21.1686,0.22000,0.22000
Q000032,78,39.0,steady,0.205834,0.613799,1.179592,15.0114,0.29740,21.1686,0.22000,0.22000
Q000032,79,39.5,steady,0.210678,0.617559,1.174533,15.0114,0.29740,21.1686,0.22000,0.22000
Q000032,80,40.0,steady,0.209473,0.614020,1.178643,15.0114,0.29740,21.1686,0.22000,0.22000
Q000032,81,40.5,steady,0.208739,0.612204,1.181415,15.0114,0.29740,21.1686,0.22000,0.22000
Q000032,82,41.0,steady,0.204575,0.608264,1.181230,15.0114,0.29740,21.1686,0.22000,0.22000
Q000032,83,41.5,steady,0.207186,0.602669,1.185314,15.0114,0.29740,21.1686,0.22000,0.22000
Q000032,84,42.0,steady,0.217493,0.599736,1.192354,15.0114,0.29740,21.1686,0.25000,0.25000
Q000032,85,42.5,steady,0.208603,0.605730,1.195432,15.0114,0.29740,21.1686,0.25000,0.25000
Q000032,86,43.0,steady,0.206997,0.610587,1.204216,15.0114,0.29740,21.1686,0.25000,0.25000
Q000032,87,43.5,steady,0.198620,0.603317,1.208269,15.0114,0.29740,21.1686,0.25000,0.25000
Q000032,88,44.0,steady,0.194445,0.598479,1.216057,15.0114,0.29740,21.1686,0.25000,0.25000
Q000032,89,44.5,steady,0.194400,0.595922,1.222923,15.0114,0.29740,21.1686,0.25000,0.25000
Q000032,90,45.0,steady,0.191084,0.596313,1.222529,15.0114,0.29740,21.1686,0.25000,0.25000
Q000032,91,45.5,steady,0.195172,0.598217,1.230565,15.0114,0.29740,21.1686,0.25000,0.25000
Q000032,92,46.0,steady,0.180573,0.586131,1.239260,15.0114,0.29740,21.1686,0.28000,0.28000
Q000032,93,46.5,steady,0.189502,0.581211,1.239993,15.0114,0.29740,21.1686,0.28000,0.28000
Q000032,94,47.0,steady,0.184437,0.571803,1.242409,15.0114,0.29740,21.1686,0.28000,0.28000
Q000032,95,47.5,steady,0.185311,0.557274,1.249127,15.0114,0.29740,21.1686,0.28000,0.28000
Q000032,96,48.0,recovery,0.188027,0.562679,1.251043,15.0114,0.29740,21.1686,0.29290,0.29290
Q000032,97,48.5,recovery,0.183720,0.547332,1.253573,15.0114,0.29740,21.1686,0.29290,0.29290
Q000032,98,49.0,recovery,0.185121,0.546107,1.256163,15.0114,0.29740,21.1686,0.29290,0.29290
Q000032,99,49.5,recovery,0.179017,0.542858,1.249820,15.0114,0.29740,21.1686,0.29290,0.29290
Q000032,100,50.0,recovery,0.183890,0.550704,1.254631,15.0114,0.29740,21.1686,0.29290,0.29290
Q000032,101,50.5,recovery,0.177094,0.551044,1.253380,15.0114,0.29740,21.1686,0.29290,0.29290
Q000032,102,51.0,recovery,0.191864,0.539329,1.260639,15.0114,0.29740,21.1686,0.29290,0.29290
Q000032,103,51.5,recovery,0.191038,0.536524,1.263151,15.0114,0.29740,21.1686,0.29290,0.29290
Q000032,104,52.0,recovery,0.188852,0.540007,1.269346,15.0114,0.29740,21.1686,0.29290,0.29290
Q000032,105,52.5,recovery,0.198252,0.534347,1.265680,15.0114,0.29740,21.1686,0.29290,0.29290
Q000032,106,53.0,recovery,0.207398,0.542530,1.272381,15.0114,0.29740,21.1686,0.29290,0.29290
Q000032,107,53.5,recovery,0.213218,0.546479,1.278429,15.0114,0.29740,21.1686,0.29290,0.29290
Q000032,108,54.0,recovery,0.223625,0.549549,1.276807,15.0114,0.29740,21.1686,0.29290,0.29290
Q000032,109,54.5,recovery,0.225719,0.556226,1.279401,15.0114,0.29740,21.1686,0.29290,0.29290
Q000032,110,55.0,recovery,0.230750,0.551006,1.278923,15.0114,0.29740,21.1686,0.29290,0.29290
Q000032,111,55.5,recovery,0.243934,0.566750,1.274454,15.0114,0.29740,21.1686,0.29290,0.29290
Q000032,112,56.0,recovery,0.263370,0.576172,1.284042,15.0114,0.29740,21.1686,0.29290,0.29290
Q000032,113,56.5,recovery,0.273635,0.577488,1.290403,15.0114,0.29740,21.1686,0.29290,0.29290
Q000032,114,57.0,recovery,0.301071,0.586537,1.290376,15.0114,0.29740,21.1686,0.29290,0.29290
Q000032,115,57.5,recovery,0.313846,0.581126,1.289885,15.0114,0.29740,21.1686,0.29290,0.29290
Q000032,116,58.0,recovery,0.339105,0.592623,1.281878,15.0114,0.29740,21.1686,0.29290,0.29290
Q000032,117,58.5,recovery,0.353628,0.591590,1.284696,15.0114,0.29740,21.1686,0.29290,0.29290
Q000032,118,59.0,recovery,0.381799,0.607069,1.290447,15.0114,0.29740,21.1686,0.29290,0.29290
Q000032,119,59.5,recovery,0.414669,0.617361,1.287764,15.0114,0.29740,21.1686,0.29290,0.29290
Q000032,120,60.0,recovery,0.456082,0.623963,1.282923,15.0114,0.29740,21.1686,0.29290,0.29290
Q000032,121,60.5,recovery,0.490709,0.634428,1.279392,15.0114,0.29740,21.1686,0.29290,0.29290
Q000032,122,61.0,recovery,0.550041,0.647188,1.275720,15.0114,0.29740,21.1686,0.29290,0.29290
Q000032,123,61.5,recovery,0.626285,0.664878,1.272815,15.0114,0.29740,21.1686,0.29290,0.29290
Q000032,124,62.0,recovery,0.713787,0.680246,1.278285,15.0114,0.29740,21.1686,0.29290,0.29290
Q000032,125,62.5,recovery,0.819161,0.690710,1.274798,15.0114,0.29740,21.1686,0.29290,0.29290
Q000032,126,63.0,recovery,0.964976,0.715735,1.282744,15.0114,0.29740,21.1686,0.29290,0.29290
Q000032,127,63.5,recovery,1.242500,0.938589,1.284401,15.0114,0.29740,21.1686,0.29290,0.29290
